BEGIN TRANSACTION;
CREATE TABLE IF NOT EXISTS "transaction" (
	"id"	INTEGER NOT NULL,
	"description"	TEXT NOT NULL DEFAULT 'no description',
	"value"	REAL NOT NULL DEFAULT 0,
	"categoryId"	INTEGER NOT NULL,
	"currencyId"	INTEGER NOT NULL,
	"typeId"	INTEGER NOT NULL,
	"priorityId"	INTEGER NOT NULL,
	"date"	TEXT NOT NULL DEFAULT '22-04-2022',
	PRIMARY KEY("id" AUTOINCREMENT)
);
CREATE TABLE IF NOT EXISTS "category" (
	"id"	INTEGER NOT NULL,
	"name"	TEXT NOT NULL,
	PRIMARY KEY("id" AUTOINCREMENT)
);
CREATE TABLE IF NOT EXISTS "priority" (
	"id"	INTEGER NOT NULL,
	"value"	INTEGER NOT NULL DEFAULT 1,
	"name"	TEXT NOT NULL DEFAULT 'none',
	PRIMARY KEY("id" AUTOINCREMENT)
);
CREATE TABLE IF NOT EXISTS "type" (
	"id"	INTEGER NOT NULL,
	"name"	TEXT NOT NULL DEFAULT 'income',
	PRIMARY KEY("id" AUTOINCREMENT)
);
CREATE TABLE IF NOT EXISTS "currency" (
	"id"	INTEGER NOT NULL,
	"name"	TEXT NOT NULL,
	"symbol"	TEXT NOT NULL,
	"acronym"	TEXT NOT NULL,
	PRIMARY KEY("id" AUTOINCREMENT)
);
CREATE TABLE IF NOT EXISTS "attachment" (
	"id"	INTEGER NOT NULL,
	"url"	TEXT,
	"transactionId"	INTEGER,
	PRIMARY KEY("id" AUTOINCREMENT)
);
INSERT INTO "transaction" VALUES (49,'5',5.0,4,3,2,3,'12-06-2022');
INSERT INTO "transaction" VALUES (58,'3',3.0,3,3,2,2,'12-06-2022');
INSERT INTO "transaction" VALUES (63,'32',32.0,3,3,2,2,'12-06-2022');
INSERT INTO "transaction" VALUES (64,'Test',231.0,3,2,1,3,'28-06-2022');
INSERT INTO "transaction" VALUES (65,'Test',123.0,2,3,1,1,'13-06-2022');
INSERT INTO "category" VALUES (1,'salary');
INSERT INTO "category" VALUES (2,'car');
INSERT INTO "category" VALUES (3,'healthcare');
INSERT INTO "category" VALUES (4,'bills');
INSERT INTO "category" VALUES (5,'groceries');
INSERT INTO "category" VALUES (6,'test category');
INSERT INTO "priority" VALUES (1,1,'none');
INSERT INTO "priority" VALUES (2,2,'low');
INSERT INTO "priority" VALUES (3,3,'medium');
INSERT INTO "priority" VALUES (4,4,'high');
INSERT INTO "priority" VALUES (5,5,'very high');
INSERT INTO "type" VALUES (1,'income');
INSERT INTO "type" VALUES (2,'expense');
INSERT INTO "currency" VALUES (1,'Złoty','zł','PLN');
INSERT INTO "currency" VALUES (2,'Euro','€','EUR');
INSERT INTO "currency" VALUES (3,'Dollar','$','USD');
INSERT INTO "currency" VALUES (4,'Pound','£','GBP');
INSERT INTO "currency" VALUES (5,'test','t','TST');
INSERT INTO "attachment" VALUES (5,'data:image/png;base64,iVBORw0KGgoAAAANSUhEUgAAAMgAAADICAYAAACtWK6eAAAAAXNSR0IArs4c6QAAIABJREFUeF7s3Qnct+lc///jnhnMjG0YY5+xDdKiJFrI0qKFqBCGtFEPKaUfhXZEKEsq/RVSyVpKIdm3UihLZMxiGWObGQzDYLb/43ne87o77ut73TPXvV83cz4e1+N7fc/vcR7r+7N/juPccsH7xgXjkuuSGbhkBtadgS2XEMglyLhkBnY8A5cQyCXouGQGLmIGLiGQS+BxyQxcQiB7AgNbxjjkGmMcfLUxrvYnYxz27WMw3z71pDHOfNoYF5w/xnmnjXH+53atsS2Hj7HlUmNsOWSM8z87xgXn7Fo9lzy1R2fgK0OCANU4aCtgAW3bde4Y539+9yZsy2FjXPH+Y1ztKRuv58xnj/HJB41xwZfH2HLpMcaW6Vn/n7+VkA66/BhHPGCMox67powiZ47x0fuMcfZrxjj/Cxtv+5KSe3QGDlwCOejIMY559RiX/tqt4NqyZaGPseXgaYIuGOOCc//v+5l/McbZ/z7GZ/9mKzFtuzx/2BhH/NwYn/7jMcaF3PtKvzzGVf/wQuLblXk/f8fPkhAkxsVeF47hAzcY45xTLrb0JQX27AwcYARy8Bg3+OAYh1xrlePu2XnZyuUXqbSJLqrXeZ8c45TvG+OckzdRx75yu7K5CeSy3z/GUY8b4+Cjtur/l1zbz8C5H7+QYG4/xnmfumR29sIMbF4COfrVYxz+XXthyHumygsu2KqibaHabYaLnfLFf9/aE+rbab86xpfevRl6dkD3YXMRCM/QUU8Y47Dv2Acq1M6v22c/+9nx+c9/fpx22mnjKU95yvjSl740rne9642jjjpqXPva1x5f8zVfM772a9lEO399/OMfHx/+8IfHF7/4xfEd3/Ed45BDOB72wHXWP41x5jPHOOsf9kBlX31VbB4CudIvjnHVJ40xZiN7YwtyzjnnjPPPP39c6lKXGl/4whfGpS996fGRj3xkXP/6199YBRso9YpXvGK8/OUvH2efffbSxic+8YmlzUMPPXR8+ctfXtq87GUvO771W7913Pa2tx1XvOIVx5WudKXxqU99anzgAx8Y17rWtcZHP/rRpeytbnWrccQRRyytvvKVrxyvfe1rx/HHH79IIwRylatcZdzsZjdb/m5zm9tsoHcbKPLl947xhdeM8flXj3HWP65xUmzg+a/SIpuDQC59kzGu+66tMYANXogC1404zjjjjHHYYYeNgw46aAEYUJ577rnj5je/+TjvvPMWMLuH+x988MELh/Y7wPrzv+uOd7zj+NznPjeOPPLIQY161ateNU4++eTxyU9+crz5zW9e6vAbwvC7emZ1q7r9fpnLXGaceeaZi9RRv7/LX/7y43KXu9zyh9D0/6yzzlo+XYgMYSGWz3zmM0tbP/iDPzjuda97bXBmNliMC/pzLxzjS+8c4+x/G+PsN2/wwa+uYpuDQK77P2Nc5ut2OPMAiHO7gAzoSAsAAn7/Az7Q4cyf/vSnFw5/7LHHjve85z1LeZz5ve997wJsz/muXs9SlQDTs0D9/ve/f1GbbnnLW47Xv/71S/nTTz99ISQEAfDaVZd6PKdfQO159fq9/z3nOyLwrDa159N9hIKw/a8+REYCaavx3frWt16ISztf//VfP6573euOm9zkJnsWrV961xifedpWlQwBXXKNzUEgNz5vhy5V4PrQhz60gBMg2QG+X+Ma11jAc+UrX3m84Q1vGAAEfG9605sWdeZbvuVblt+e+MQnLnYB9SgAAhkgAizJA5Dq9wmEV7va1RaJE7ADdxIj8JM0EVfAh6nDDz98IRbtKAv8pIRLHdQxzyIs5fRDWW0aH+Jxn0TUJ8wBMV396ldfVLj3ve99S7/9/k3f9E2L1LvxjW+8fN8jTgNBzA/edIxzPvhVTyL7n0CO/PUxrvLolYU48cQTF+5/1atedXzwgx8cb3nLW8bRRx+9qBsvfvGLF4mBk1KnGMjAg2O/8Y1vXFSvG9zgBuOlL33pQghAjEtf4QpXWEDvO4lw6qmnjmte85qLxAFkQAQyAAZYnwEVaAHZ8xGK54DfcwgWuPuuHs9o3+8RICIA+uwXfdFv7alf3X7zHVH4I0n8pj4ErC7jRZQRXEY9ZoBYSL9jjjlmeX6Xr5Ov91VPJPufQG5w6hiHXHNlDRHEO9/5zvHWt7513P3ud1+IAhgAlo7OCPf9Lne5y6JuvOtd71q8QKTHu9/97gWs3/AN37CUA1CEBFBsCKBM98+wp+sDfKqSMoCcKgX4JBjwatdvLnUiAioZIlRf0ic7RZ/Vp1yEqD4AJklc6lMudUs9DHxtKUt99KnfJFx2lf66nzqHCdQPfTI/iAWjUWanr498/xiff8VOP/aV8sD+J5Abi1hvH0sAsP/93/9dbAaS4C/+4i8W1YLBjKv7AxhqBqDc9773XcpStQDdhUCAB9dNtQFSxMXGSP8HOEBWDwJhrwTKAJUhjtBwbr9HSHF7ZXB24NS3JAWQ+x6QgZlN41M9+us7dZDKZUyILtUrJ4TyxpL0IfkQXPWaE+1rV1/89T+Vj0Rjk/30T//00qby7m/o+vzLxvjo3b8qc8L2L4HIij3i51fWyMLG5f/qr/5q+f8d73jHwqWBCRAsOPABCIPWM3mfqE4AQu9PJ8+g1lj2DCCmRiEQniqXujznN4BMcmlLve5FVICbDaM80Crj+VSunteG+6lpwI/gjMMY6pcxIgbjrixiVbf2jF37iCrvl7bUDfT6oQ4Ep+28bPqlHn9czcZ7v/vdb1E9ze1F2i+SPk+4woUpOBsiq6+IQvuPQK7zljEO/dZ1JxEnZ3/gdNQsRimwu2/hLTjguIAuAKbDAyxODuieAwiAAvD0ff8jEBIlI5mEUJc2UqF8p54BUV6zpENSKPUojxggArL6/TbbGIgY+PVL3UBsLPoQkaRKGYMyCCLPmHKB3CfpZA60iYB47xCJPrufZFFO//2mfn/iRFTS7/u+71uI4xa3uMVFg5pL+IPf9BUB/I0OYv8QyNGvHePw263bR+CzkGIO1Ku3v/3ti/TA6Z71rGctMQlABg7g8wds7gXsvD8ZxhoCTM8ATc8BhfZyrWYgA6HffMfFgSw3bISJGBjMQKzs7JItaKlfSQ1EkVrlmYjH74hPH1zKJUmUMy791YfUOf1C8NrF+fWFalYbpElucYRiDBn8CMRcIEZMghQyLxwe6n3wgx+8jTmsu0BffPsYH/qWjeLrgC+37wnkMt84xnXfscOJs7A8VBaVPQB4L3nJS5b/AYYUAZaCb6k0SROAA5ZUoYDr99SU2cjOQwSEVB3Pu+YAYCqTPuVdAnbffQKdfqX2AHjqyizpZnVOewhaHbmFlSU1cxAkNTK6cx0jYIBPMpKC6st+QnD11XzqvzaU8Syp5TMXtfr1Pc/XHe5wh8UzuMPrs88d42PHHfDg38gA9i2BHHqLMY55/da9F+tcAFJc4n/+538WQ507VooGMAEIVQEw8k6l5mQ7rI1fFDEHjjxGuUsR1yxlPFt0u/SRCC2phYDWEkD2Qn0AwNSeIvSeSYJkQPsO1NoF6tRB9blnnNqd3c76l6dLPYDtj9T0jL9Uq7xifjd25XNyJE2TdubXPW7iO9/5zktfEcq61wVfHOP966/hRkB3IJXZdwRy2K3HOOaNO2ZKn/3sApbXve51i5fpYx/72DYuhwhwU1Ijl6eKMthnOyT3J+4YWLJHikTnmkVs7imnXp9xeYBOgiVNAn0pJHH4JE7GvTojpIx537OBqgeAI9rqyCinOs2qmv4ZB+IpqKhsnrbSUxBU9pY6SQ73cnogRJdxeia7ylyIHyl/oxvdaBx33HGL+1wy5rrGOyL52I+P8bkXHUh43+m+7hsCOfy2Y1z7lTvcQSc2AQDPfvazt3mSACc1Iu+NhVLW4gLnrDIVzwikqVzArS5SqPwoz83SonqAJy9RRImrF/zTfraJ31PvSlvRpt/VA8RFy6kzGf0Z4ACbdPMcEANp0XuEwMOFSLOV9CX7qWd8L3WlNBrfSZQIIeL0fPPK9nBRpaiHGf7miX2CUMSRfvZnf/Yi1K0LxvjATcb48vE7DbwD5YG9TyCHXHuM658wxpZD150TQGWE/+mf/uk2gxjgEIFFK6BH1aKfp57k1kwvLyVj9nBFRH6LA5c0qA0gKgWkuEYR8wzzJADunTsXmDPM/R4B+CxoB5TZKBnqCKBntVdEXh+KmOdF0zcGduNq3MVF+l4b2gV2/SQVEKm6YjKND8HlqMjQr6wxu7h/BRaNkfH+S7/0S0twcofXSdcb49yvzLSUvU8g137ZGJf9gXXn1kL953/+53j605++cCzck/7OVUkNApxsABUATTlPGelzcCy93UIDiiuQ+GSEp6JleCsLNH5zlXGrLlfp7AhnblO7qV5xdd9dBfOSPNpA0OVKFZwsNR+IjVXbZfk2FvORpAFY4M3t6zsmQipki6RGGtMcXFRv42PneUa/IhK/V5+10I661P+N3/iN4+EPf/hSdofXJ39pjE//0YEiGDbcz71LIJe76xjXWl9HxcHtgXjsYx+7ZKUyyIEQUHFZ+jGJYaHLnQIMIPI9Lhj3LiBWbhMAp2pkeBfoS3fP9tBWBJWRjxgCZkZykenZPazO1Cf3y+XyfP1NylmVYi5JDIRRfpVnANJzQAzgCAR49SVbKjd0kilPnf5Ry7Sn3og/oJtf4Df3PIXmTDkSpP7mIo9huS/PjD3CBSxussPrjEeNcfpvbRh8B0LBvUsgx7xljMNWg4G4l/jGU5/61CUB8aSTTloAgCCoUuIf7gF7XJ/OjHAsNm4cuC1yi2nCPbMWiJ7JUAU64MvzA6juIZqSCtVNvUmNAkiEWnZu6Ss5AbRZWfeA2hg9l1GcB6ucLHWV6pHRrYyxmYfiQQhGuTh8EtQzSc+yfwtCMvD9bzz6QuUC/OoxZvWdcMIJ21JszJHLOpTgaA5ymfvf87Kj/X+R16eesDVt/pwPHAg0cJF93HsEcsg1x5CIuOYC6Cc96Unjv//7vxdO1g46nKz4hwW3oOn0BckyWFNtCuLlxUovz7tU8M3v6eKAUIZvnD+jn7Ea52WoukoX8Xwxjdl75PeMfESXCldcxPeZCIthREAAnERMBfJMaqKxtMnKZ5urSBPjANoyfYt94PLqaHNYqpbfk3BsDJdM6caQm9i8lInMrsm7hagwtMc85jFLny72Ou0RY3zKmV8H7rWXCOSgMY792BgHb12E+eIl+cu//MsllYS0yCuEy8XZAB33s0hlvwakiCQuNwfkijAXCPRp8fOCFUMpMl0sIMMddwbc0kOKpMetfXfhoOoFzNnQ16dS341HXXH+XK95kgDU86lHxWNKV5mJqnST2tbP1EbgL9iZS5fUakOWvTPq0n4MoXjIda5znaWPYkqIo6znpBzDHJFx9cpvU682JEo+4QlP2FiyoxyuD938gPV07R0COeZNYxx2q3XZBmNPEBDA6P4mnkpg08/zn//8hfNRMRjqSQ5AtqgWrkzXCCMCA6L+z/uVPZHxDDSlZiibDq9O4GhjUjEM4AboJF2xkggGWLRFWgRCbSKa4iipYdp1v4wA9ZZ0OLuMkx5+Nz/q1i9z0m+kmz4XPDU+3/PAlYLiE1GQAAikiLq+6bu/MnttF8j1rX5zoA+l1qtbbIpEMX5E8rCHPWxRhzd0fek9Y3zw6zdUdDMV2jsEsoMdglLSf/M3f3PbwQoW3wJYQIs/B/x8L1ZgkUsZT9WZ86ZKD0nPD8hxaMDAsdkxQJMtYyEiOmXjyog3adYeDp8ApF1lk2z1zff6nzFMWpZAmRtWPYgkQzvvE1srVW/2vJWFnPqDaHI9A2qRdmPkecrmYKwDP1B7pv377SuJ6TDA1Uei63/p9/UlpoPA9VkbiIJtYu1+4Ad+YNznPvfZGKa/8OoxTvmejZXdJKX2PIHc6ItjbFndmGNiH/nIRy46Lw51yimnLBwtDhxQiPySBy1shOP3dPXZmxTnN595hHINAxpA4Hrp1S04jqvOgJcUofapJ7dombq4bnZFKeblMxWBLxFQG4CqriQK4gOyYh8ARgLoA2LEkXn1ADSiKi1EH9SFINgAEVAcP5dwKTAIXPvmxlFE1Kwi5eapPTPGDOx+c+/Vr371MvcYSXab+c+N3WYsxIwAU9XsM0Es9prklFgf3+eP8f7LbH8c7CYhhB11Yw8SyJYxbvCRdXcHavzP/uzPlgMQ6LSIAmfDaS0QTgtAc+Ys0BQVt2jFI0rca9GKTWgjPduzc3SZ9Einz5cPTOn9BRe1A0yuJFicthSQ1C9gBeTqSaKVZpJHjrTIdZtrVxkEAsCzFAAy99QbAQNhrlfANEeIyf2i8jkj1F+qjbnr9BUET2XFKDquSFsIWX0IhD3i0zblPIOpgOZafxCdNjExzCuCjMkoL/Iul2uH16l3HsNZXQfItecI5CqPGuPI31h32PTbxz/+8csk4zBcuBayrNL2PbQ7LhUi9cYCxJnas2HRLG6uzqRKG4aAg3EJNMCIK2bTtLi5dgHCwmdAk26ey9jP9an87HFSXrtJlDkaT0oCUgHAPE3K4L76iVkYY0SBkIzT3BTI049iEbmaAdsYckq0RybHRSqg+oyL5GLrmTPtkkZJ75wHCAbh6d/b3va2bVkAFjTJl/tbP2IMORnMrb4jkh/6oR9a8rm+/du9ImLNdf5ZY5ywAQ/YJiGgPUMgB11ujBuu/14MC/3bv/3bi0qVlGhbahw0rhfnssB+KyvVIlvIYgBJi2yXOJjnABNhWKC8YMoBdhwVkCymvgXwDG91sJVqW1t5tXw2Bn2d+18iZbYFVQh4qDvqanssgOqL33Fs0lPb+ghcuaFniWj8JTrGFIrKt72XdEnaFDxNVeT2JbEjJIypDVsRGSLQjnkzrohEXfqMwWT/6UPJj6Xk+F5A0tjUZat0zpTt8H68/fxbMxU2+7VnCOTKjxjjqN9bGatJ+7Vf+7WF21jAtsg2uR7IsJ0Df+npBdCUsUCdhwUc6oiTWQQL4k/E12FxFisvTp4cBJGrsvgEUOlfgTVtS4hMqmWsl/DnucAeyFLHShnXNyAsWxbIcHN1pw7pmx19qW7ND6IG0IiRemgsCFBZDGDeaWje2vyEyFIJ9dcz9eGGN7zhEhhUB1ADvWdjAPqorc4GY2/ZnFbKvfvWQJ2ptbOLOfVOvdZNu9beKZMr14lX3fqyoQPg2n0COeiIMW746XWH+sd//MdLCgnwAU8RcADKLev/VJ7ZY6N8erZPIKEaFKBqk0/7Iyy6M6IYjEBW0C4Q6KCFa9ERWdtVPVsEHugRHl29q4BlqljpIrMKmHporMoBln743730/fKdinJnlAOndtlAxSHKOi4fK7WvDWPqihEgkhwMEUXgVy+1zpwmnVPngDxG5TfShq1iraiAJE/xIgSCcN1LXfVsamAePd+dUyaNaN3rhMseMAdA7D6BXP4eY1zzeSvzYBL/5E/+ZNuCA4k/QHKZYLZBe6QBvZSQ3LYAYLJLIFQeWOKmiCA1Qmo21Sr/fqkfJQ4moYDAfpPUkRL/9Cl1S/vspIz38q1y86o7NQaYcw9HBBEU0OaQUJcxl85esLIDE4AYweqPtoEzbt+hFGyEiDP1DYHl0GBH2L9fwA9BZAOV/u4362CeqFUFZYuxmAcEVqCR1ClPS5lcxjEqfXRfmeaQFP+Hf/iHHSc3Hn/h28C+8iXIljGWY3tWL+kkDn+zoKkPwFSsIoNz9oakEuX5AS4TD1zl/5QP1aLheBYL1ysdPk/VnEulh9QGQAEo0eNUkMBqsVPf9Jl9kCu1vhVcTAqmXgEi8KWSZNgDIRd3Ll3zgVDaQ2JsdHbgLgNXmx2XmkcrFTIPVhm3GEb2SAFC9kPxJfOFsZjnIv3GUD/MFemlHKmZlBAfMV+eowXor7HljietSKXiSPpXKo61es5znrPjfSSn3mWMs15yAJDH2M2jRw+//RhHv2ZloCZKzMPCmHSTl/fJxLpMrMnOWLbIpZzHobNFAIoOXeAtwxHAnSLI14/jWUBlAyeg5e0qlUIZ9WtbX6hcHXmT/l8eGM9PHh8Ach+4yvw1zji6+8ZUWnvSRjskA7umdgs6Bij9BXxErg7z4Dd1+a6u0mX0w3iBGlGS1P43hoKCCAHnT8KWDUAS1d92Tmb0m0drpM1SchCHOVYmG83adVRR86ZMRF8u2zd/8zePJz/5yTtORznx6mOc939q7Gallt1TsW74+TEOWj187GlPe9pyVGgGqYmPSAJX9oXJL27RQXBx6QJlnvm2b/u2BWTqQSg+6bkWq+TGNkZlPBabSPSnZqlf+wBrQaW+5AYGisprV1uIJHsgo74kxoAbIboPTHFbn+oOzH7zvXlorPpKGuaVct84MBjEMktOwCchEArvIAlqDtWboa4+/5ehrF0E7jMVt73v1kD/2W+diFJqCqmcKoxhIDBSq0xfv+do0YcCmtqSPvT//t//Wx/73L0nHjHGBVsPydis164TiNchH/vxdcf1iEc8YlnYjEIL4f8Cf3MUO1ephQu0Fqd0EJOPQ1JD/uu//mvhZhYfceC6pa1HFOrwp4yyebgiyAi1iDpgAJ/FByjtAHNqB1VH36hJ2sotqn/ZLOpWR8a1754rCl/E3hy0p8OcaMeVmxsxaRenl3GAQ5dI6VjVYh+IFjGwuQDRc/qYDec5zwNsDoekcVJCu4KDvruSxv7XX+Ml3bMDIwJzpF5E4uhU3xFJ6iy1jCQrVvOjP/qj42d+5mfWx/+pdx3jrL/frLSx9GvXCeSox49x5YeuDO6FL3zhMmkOkcb5cBqTXTTcQub1MOnzgWZx1zneAYR5asQnLAxpAhwAGEAikHThVKm8ZQHE754r5T0/fXo5AEvFBxJ6uHrc0zeqTxmx1ZsN4jsw59mKmPzuecCnziES92q3/kaw5iPVE1GQFABX8NDv5k+dCEYffc+9GhdXLqdIhKkt88kBUGaC+kuuLCmS5M4ZYoFzSCAYXrYCjtaltPwCtH5TXt/Vi9idNbDD9HgH0TmQbpNeu04gN/IO8NWTw3/1V3914Vo4Mi5Jt8X545Imbxb1RcCLFQDYHD/ADdVnIQBU7MArykrbyOZYqP3CA9xyh2aDWLSi4j7n2EscNAPWQqsn+wmx5+2hfiQZZtdvXqS8a/pS4DFVKa8QsKZKeq6kQM+kdulD3jXzAWSYjHGQOoEwTxwO3uHb6kMYCKCgpXqpPurMfe63crgAP6ahPapeY4rQi9eQXIhEe+75bqz66Fnj7FV15dlxv3ParHt5a++JF7HffT8Tzq4RyGXvOMa1/3ml6xaCcU4vtkiAjDji1nlOTKxFoSoAY1s+syEKxJE+EUYvlJG+kEGeNEil8nyqlM7FqfOcaSuVJY7tM7dyUq7fSnM3ljZzqTfDOeKu/Jz2kjGs7aLg+kYFCZxF641NnRnT2TupTJ5HNIhVm4EX6NuabE46FEK/mzftAznmot0cC34vvd//+qCOXOAcBtrJliqYWvpKe+OVa4dlqTi+54zRpva9tuL+97//+nD3SuuTN5g2v48JZtcI5IhfGONqT13p6gte8ILhXX5AUO4UbpI9EGc3kTgxaVDMIUO9WELf1eWepEZGZPk+Jt1iFcH1fzp/kiMCKZ5QNDxbaI7e1zdALaeqGEoEm5eqjONSXGbnQPlZ2VYRUYYwjosxmBPgSfLlZUvCeT6XKsIqoKov7T9BMMBoTvzlDNCHJEjqFVVMnb4jiPqsDozIXAV0zIB9kmpFPWwcyutP0skzbBHSUxlzl1SkReg34tY/m6x2eGLj518+xkd+cB/D/+Kb2zUCucZzx7jCPber3cL+xm/8xqJ7tq/ap4XIC9OON4tsQqUhOPIHYHLRpsvHDT1vsb/u675uEf1lmMb5I4xSr7WV+lVdPpMoeYMiiIjA80XdC6T1PWOchEzNiZCANW+dvs3EB0TlbkV02TTG73d/+ldf3c9ZkeRTf96tHALayQULpP6oPR0AUZwpF3FSKS9WzASY9SEVmO3hQkjsk2JECMwYyl/LVY0YHbqRXVSKi2fFmtIeEJnx/O3f/u3yue718fuNceYzLh61+7DErhHIjbcCbu3F/qCfmnCiv/0ZdO787gBjEolb7mAXjpUhnnEJCB09Y0KdQF4ZdSX+y3Eq6u27K7ujxQi4pYEoM7uBfS9qX12BqLL6nc0yZ+ECDULJa6bvns1Dlv7eRiz1FwBVt/9T85IqwBgH97x5wyAA1wWwRdvT/ZMiCKXgZAyqlPnOEyvekXRHYNos3Sf7orkgJdSrjD4kjTC93M5+s+bthsTEECoG6Flriyk+4AEPWJ9IvPptecXC5rl2nkCu+NNjXH2Vyi3wT/3UTy0LmWfJRAGdBSx+YBJL5HOyid9dngPmglmpZsp/z/d8z8LN8uDkym0aA/9MGEmIjOSZMPyW3aD+OHiZqRnBqWipPZUN8KVtKAfMGEHBvcpGAPpY3MFYU3Xi3KXgFGBMdfR87Xje3LHxzHExCs+UBUA1Mja/836lBgZkzyNmRF2aiD5YI216zvyWP8ftHXPjVjc3eSH1jZSoLz4RhPnKGTB7C9VlnN/1Xd+1bK5aV5Kc8ftjnP7wTUMhO08gR/3hGFf+lZUB2AzlMAYTQKfFNdKd19oGbA+qmDKIyAs3nclb7lKqiUbU9d3f/d0Ll2q7qAXK3VqcI5UrVSmvlTqAxCJ3pcIEfAtF8uRJa+HmIF7GdvZNKlYR77h83zt3qnrLYFancRp/xJv71bhyG+trrmCfiASwzYdy/jeO3KeIUzntYSbqUcZlTVLDcu8aK0M620h/1F2AkD1jh6N7JFeq6JySb/7YGYivNP32s2MCiIV01A6Jp08Iz9vCvM7CqY0rlzftfvAbD2ACucEnxjhk+9NKcAk7yTLcLFCntM8eH5MPqD5xWgTiUl5gsaAUokkXRzwIKt/8WuAkgdwP2OnuSa1Z356JNaNSf9yfngF9AAAgAElEQVQPsAAVp8yQz1OW5yfVo0yATmgBig67w0XLK6u8cQGxMc6BRePTbkQyE3P2ifnVfrlX2TFADKDtO1c/UCsrj6qDKtSpHHtgThaVHFm9OTJ8eg6ha08bMR/EUzCUdyxPpDoxsbxlxu536l5ncklkhA3JpQ996EMXibhyffG/x/jQN28KItl5CbKO/UGUsz9yIZaAaMFzxZati5P88A//8PBqNRwq/Rsg446IpaCVtx51Ikh6dGDN+E6arLUZCublsbFwnk3FinPn1Ukydd94ejYpVDAwiaXO0k6MUV2AgQB875jP+pjRnqNCPbWRxE3a5TkqE7dkz4zqgFisQtoNDt0rohECJlTOV6oYhkNdQgTAS7qIvBdvUl/2VMY9IHu+jOPUT+tX/lXzWAzH/LdZjW3aKTCIVF+dx7zDAOInHzTGp1c9pfuaanaOQLZcbowbre4cNPjf+q3f2naQ2WxvtOgmi/hFBD/yIz+y7E//x3/8x2Uh2syDu1jQPCImEYHQtfPHB/o5CDhHpbufpLGQgDB7hpI6xSEsaFJH/XMsJRUt1aex1Q91AH1Gdca3PiGc0lja5ITw28sCPK50/HnejBegso+yVQpoFksxf8qSVuYJM5nzwfyGCHJmZBMx6BnebfEtaVGSo76nuiqPgBAe5mZ+c7EjvKSYcnkUU4cxAWNULulW9N18SkP5+Z//+e3U320E4DytJVdr6/aI/XXtHIFc+dfGOOr3V/pqa+UrX/nKbdta87AAg8Uv2xMXMkH3vve9h5iJ16wBC45mYTpeFAgssu2fN73pTbcZ/XOsJC6fahTo816lDuT2dX/2LgXwtZH4WRqlXqVyAY3+qscn4BQQzDDNFslwB5K4ekYxMAKtZ/2PK3t+fiai0SbAxcELKOYNRBSeNV/UPLEic5GNZO7Na6/N1kYMQR+8MKfvReA5AepPeXPaw7DMj/KI1/+9laugZWqu381TyaD973eE6Vnj5r7/3d/93fW35p757DE+/pP7izaWdneOQAQHBQnXXH/+538+/uVf/mWb37z4QQl9GYk+eTK+8zu/c/z93//9kvFLHfDqL5+CSPThkhUZ572rAmAsTFHpuFycq/SR1K+14J7jJZ6JEFJPUs/WGvcBRf2zfh4nLY4BkKk2Bc2yV7I3es00sCvrfkcJJbXyYjWHCExZ3wFrdkIgCgyHVAZQhrZ5ac8I6ZBnTZtArj3PRCjyw2QFN6+e0e9cyOZNeW2pi5dMX6wjqRCDombrh/koA8DcqtfcUOGMtyNdC4Jipg7FZmuuXKTH+1fTmfYlxewcgVzn7WMcur3xhINIaW6hTVL5Qvn2W3wcV5KhdBHbMXEsC9t7MBjrCKRYiONjcMMS+NZTkwJwny1YAPO8xShPK5uovvkt9WqtqqZMRrOFVqd7BcssfO5Mi1YGcupKtkIGONApr49lOJfICZjVX5wndSxbpJNJzFeqoHbNj2dICZIYp0cQxlMOmHXSRvlkyvvD6W0jQCTFUzynzfloWOX0vcMocriUgtN+HmOz/pidPtrhyFulHGJsHcwhQiYBHT53j3vcY4mdrVznnjrGSRfxvsS9TC07RyDL7sEt23UJ53jIQx6y7dykGVC5UQ2cAWhS/U9Pfve7371wNItjMQQOX/7yl2/bLKSMd3mni+d+nD1Scx7VrBpRZQAZJ9OHpARCSM0C3ozhPjP6+y3pkB3iswChPpecaBz6AoRAZQ4AKuMYWPJABVBqj7qUd884U7WyjUqNL86D8JJi7T40xvasGx+Cw2TUh9s3X/qknuw7fc9TV8wDYXlOG9kdjT1Hgv5SiUtqJFVS93JqFP+aPX/mmBSJsCNQ/cE0f+EXfmFx/657LW+xet9eJoX1q984gezgcAZc4Xd+53cWMWpyy8HCcdPdcRcSxgLe7GY3WwD7hje8YZksBOLTngF2SVtXcR0pDEBTcmKSKHtiBm73Zi6cutRCpWZltM+qVlJktimKnPutNBlqTBkCAAEoiAPIlPO943WAN9d3ruRcvJ7VL3OkTs/yOs1OiDmSHrFqp/tFs42ZW5f64g+BqLN0fQSkXuXbeouQCurqP8+hMqR4EfUYnN+NCQEhEG1lg6kz28waWGdzNacbdQC2ufF/0tscWF/MkK3peCjPrlznnT7GiUdtcgI56gljXPkhK510comIuInpgOVykuKEeXZMPMMb8NktZZkCkkU26SbRxIm2tlsQkAoSAlIGeSqRhcx1G4HoAyDlulWm5MbiDfNn6lQeKQsJjBGJxQeGcpDi7jihMrlgjanvxXXi1HF/z6grO4AU1hdSJQIx0fXfvQjXXAJfUjJJVhoOsLXHRgyESlSmb2NDJM03YkcUCIoKV6q7Nku712+EUUa18ZiHDpPIrY05Zm+VsFhEXx1sKF7KHAjmAPGaM9kS1ptXa90LgSCUfXxtXIJc5ffGOPIRK92T5y/h0ARaHFyL2HWl+6deAboJu93tbrdIC4viN1fgaMsoF6AFsrg9N8cLZjfk7JacpcasRgFj9keqhrL+z5kAfNSkXjFtsecYgrL6VKQ/ogJufYw4ip6n0qkDgNtFmDdL+0CmzQjYs8aTBC5OkpMgW88cF603LzklfPJkJdF4pNgsvW7BWPUfWEuL0c92AvZuwgCeyqVez/UaCkSI0PTTRjbjRzRArm+lyuTm15/2jBh/B92pB8HwZnH3O9y8fLrtwPap3x/jtH2fgrJxAnG0jyN+psuiPvCBD1y4BgLBrSwWsLdrTRmTH2cTM+Hm/Zu/+Zslp6hYAQCZbKKc7nz7299+m2qVazGwmMDiG93LOA9g7seNIyDfc/umk1t0/bNg+uIzLghMBRb7Xx36qSxiURbXxT3L/+qozuwN7QNBKl3gqa76inkEzH4zTvdmO0Sb+uCzbAS/u1cwzkY16qv50Hb5UnP6CWIAXP00BkA3H/pfBrH50r8kVkTtHo3B8zGS5sIc6k9twwPnQXleCEhfEYdnzLEy1GxEd5e73GV9OXH89vbvvhAmGyeQ67xtjENvvl2fiGxvQDVYgy6FAQBMTpmv9FvZuM7oxQl9B2h6sIlmvHlRJM6tHsa5VIQ5ObEo7UwAOpNdkvGXvRExJDWUTfd1T5+1bYGKSaRCdXpKGa7FPVIV1eN/XNiCdh6XcrlQU318+iuijgGUHh+hJInSv/OYlVmr3i7zBvCA2fZlKhrgp9J2GiNuT0oX5JulH0ACvTaS/qS3NcDJ9TeJ6Dnj1XcgJwnMXa9EUA9mZ5zG33gap757jgpXSkySvgCrtb773e++/H7f+953IZiV68Qjxzhv68tW99W1cQJxeiJDfboY6I9+9KOXCaEqWRgLCMT+ZkCxKd761rcuC2niTGjR3Q4CsPD+EBPQFXWNi7ehp2BgQak8NX3qYraIz7xYCCBvVzZEOWC5by22cgjHIlo4/SsZL5ULx031S1f33Zh8UmtST5JIQEWy4tjANsdVIoKCfAUw9SFVEHcnqcrhUpc6zXP5XxFNUgwBIyD95n0yF6W7tF6dWGltMAeEb43i7kkw/dZnapR57VAHfcBklEcIxlDKOwJVTt0FO83vrDkUP7LmsnyVXXf34Ye/fYyz37KvaGNpZ+MEsk4OFrFpl5jJMEicx2SifgtlIXxSmX7iJ35ieeWz4CDiAEwi2mIn9gHAQh933HHLb/nwS5/PjiiKnpqUByqbZ5Ye6eYGa9HLLSqnSj8QASmmvXLDLKJ6jKdcK+BJ3wcK/bL4SSkgL/2iiLvzoQBTG+WmqW/Odg2w/Z5BbjzqS+1SP4A2fr8Btz6bZ2NTd+85L+DasaSIlkFu3swzws4GU28SSz+MPSaSOkU9dr9TTNqJmNFtLj2L8DqvK6eLT3NlDObRXKdN6IMxYkJ/9Ed/tGgP6+Zo2XFo5+E+vDZGIJf+hjGu966VbsmlevGLX7wAD8g7GZwOKfXEJBCrtsty4Xn3hFP//Jlo3M2kWuQ4jMVI1KZPx03zXs1q00ws/i/IZdFK1wAkRKy+AJZdACglWVoo4NK3MmapHO5ZeJwV2AEgb1b2Q8SkfgAvbmN8nBjavutd77rNTgE+fcqtbfza0J9spjkukj2ljHEVc8iGQBjt4EzH72A3/ReUc587Vf3AilHh6uqMwAr0Gb++KavebKwkv/EUjPS8/pc5YPwdNFFumP6qs4RTfWoLQG5r4/K2Komv617emnvy9fcheWxUghz9qjEO/+6Vjol/MMiAABcjKUzAve51r/HXf/3XC0j8xiMl6dA7CE2iHCwLnvfGRFkEFw/M937v924z0DPsctdmCGdzFGWePVnZG3HkDOT89eqYVSbAUcaiI9Zylxz/Y6HZRAHGZ2kS6kuNmmMs2i1GUho5QHiD053udKeFYbif4Vs0XT/MSYFGbUXQPoG3+IkxtukpgM4xGOOxJql6DHaqkQuRGENOidSuMqhTfzyLkKlJ5su8dJh1dghw62d7P/JU6at62lka49A+omkXZq50dajf8850xojWvfbxqxM2JkGOeeMYh916u/5aAPZHWypRfy+GATTgobsDMs5r8I5/oXt7mU6nAMa9SRrAAEYGext83CuZrih9evnsus3tm41hQSrXHgwAwJWLInvGlQ7sWQRNleDRkXWsnjnKjSBnGyhVy/jzrPV7BmgEY85IXOOTf1YEOrWOmqf9DjnI+2QcgJhDAmd3AXZHCJXXZYz63MEOxZA8r0zJgiQK0HfAnz76TlIggrxV6tOGeqyvudFva1pel7F7Rr/9pg6fvQ5CQmSHaueIMKewo4x7JaJaa3GyP/zDP1zWfeX6wNeN8eX37jMpsjECuf4HxrjUdbfrFPA/85nP3HZIQ4Y5HbdounQSk8f4ksruNzsHgc9C5aIEsrg46UGKWKyizwCXmlVsQWdSqcrRUk9erAimRSxWkdqQNNGOe+1roBo6mI7LOu6YlAK8CMTzsz1S6kTtRywWPgLxCTh2XrLJ2l6M86ub0Q2A2ohDN+mzCqeNovXaUSdGk13TRq3UsdRZc5GKYz3KBCa1MI5+91yeqPLlECsbM9dyB865HzFY94Kgbe31WwHGAoqkijHrV8yqNdYPKqzwgdMzV659/Aq3jRHI0a8d4/DbbddXk/isZz1rvPOd71y4h4knOolGeipPlEMZ2kPgu4V47Wtfu029wL0A1CLgVBaIOoa7IThSJK9Y0eg8VbNhnMswAvGZaqLTfg9IEVVGeoEqoHrRi1602AnKl84NAMUk1AmceXVyEuRlyoOlzYjH/+2yCxRAY8PYz/3cz20LCmrfPHSmGAC6kqD+ByZjMy8lMvrMSM4uIo2VU5c+q6t0E/cyuq0VsJYGBMCYQvUbp+dw/1y41C6pLOoo/d1zpcqX+Zv9Z43NWVtuOWloEh3l6vfmtdQcEkfG97pR9dN/e4wzHrnJJMgObJB///d/XxY6LxSuWwzEhMi3MpGMd28bIlGkpfzHf/zH4jVKBwesAMJAL/0gVcXvGaYWVJ2pWy1ExJE0QQCuot95ZtwL9BGLxXrZy162pLe4VwpFwbc4fFIjg9lnkqwVKxUmt22EbCzA10WSev42t7nNYveUG1W8BFHh2AiAOlr0P1d40sz33KZx45wSGJJ5NXZuaeAmpZTD7UnoDqzOTvNsWbWex807IcWYMA7rbTxsTv0tOq9PvUE3W5FENJ+YAgbaaycaEwKxhklrdcARCff0pz99HUI4f4zFDtk318YkyA0+PMYhR6+oWM5cxa1KLTB5uevkAYnm4lhAYJO+ss973vOW0/vKdWrhO4Hjbne727Zcq3J+IjqfFiCimLl5hBHhFATLJsnALUgIEMVKSA5cDYDy1VuwOHLEpXzSYjbEZ5XEJOkLLtymofqZTQQE+ueMqGJBAT5VMG9cBMs2K++r9vQxAlFfUe1+dw+4gZAUSS0y/8Bq3VJnO42kWI72EW7RcgZ36mI5V4iOmozgEED9610u5hIjRIj6gaD0zT19oa61pz1mltZgf4h8vdZvO/Cd/YYxPrzOq932As1sjEDWiYGQAhbYQGyWslAmwsBNMjuDt4QHBEdALCaYdyv91ORYAEDsoDNvSM2zoU4LVSBO3SYwfV97ebfMjcnP8+MZgJxdw+oqdULd/hebsVC9cyPw+i1i8L+/8pH8r+9JtkBu3IEzSVX6CFAVg9F/7QMA7gukODUAGZ+3MyWBlBNvwtX1UYzAPDQ3iKRXO5vHIt5F8vXDGugX1VUd1g6BIIBedqq9UtfbJhCxF1dCJMUv8loCvmfzYpU/py8xuGzMsFGemLkhUZL2MQftmos73OEO42EPe9j6sP/Yvcf47N/uBZLYvspdJhC6JI+MM1eB3mSbJPpjATkqArXKIvLcWJxnPOMZ24CXV6koLMJRzkKpyyJTNdw32RbOImcMxu2SGsq7LFLGfKpXv+Xd0ifin5rIo6RObVikpIu6ck+mRuRK7SRD/QtIuZULXGoDkPz5rdT9JCC1rkOlk6QRtHY7ZvXf/u3flvnwvPvmwNwiFiBr/jKWEXCuc0xExoN6Pd8edOPJoJYo6PfeJ1IaCsIw9+rTf0yhnYltnsqWU1evbEgNtA6dZp86itDLvMAcaQ4IJuYVgzO/GKvY2brXPtptuDECOfZTYxy8/W4vKpIAGO4nHlJ0eN6DYJAA4M+usV7J5jkLh3NbaC+wUUZ8oEi0CTPpMwcuhYNOaxED9exiVW8eL4DPzkiEZ1f4bvKBTXkcPJdz6o4yQO67Rc9OKp08VaK4CrB0Aou2kygIBCCNUfupESQDW8QpL13a8pfbG9fFGACps8TmLFz7ZgCpl/IglmIsxZp81wfgVo4k621UylCVfBpfNluOjiS0sVlzz5NYnlG2mFGqXmpkGQyINgeLOuCjoKa1La3H3BdLKnsAs1ReWKC0ou2I5RMPGOMzf7ZXpcjGCMRr1rxubZ0L9Tu0gaejLZVAn6ENYI73oTqROBYTMAwYN7bbDucxaUWOAS9/ebYDw9Ckm7COwey0k6LpPnM3A2eGYhw9Y9ACsI0QKqkWQVlA/c02KbVDP9tD7tk5fT83Z8DTJiLNXekzrqiOiMQ9gLQ3v3hL3jj96NhVbff6hYic5APwvEnAby7MDaaRFDR3QO0yf53MqK+8j9ZJX823OowFMZbX1Qt7ijdZI3OirD6ZC+ULdGa3zFLHfFrLpJq2itXkrsYQjDMPWpKbl0398rKoWyvXp54wxmk7iLrvIbLZGIFc9SljXOlBF9mkSK0UARwDEVioItMWRyyEpDAZJjrJYDItorL0TiAhaUgXksLiWHx1WkALa1GpBe7nYwfM1CnAKAKfLp8RbxEslr7g0iRIksDCRxzq8pevXh8Rsgs49BdAcwerX18EuYrx5LnyySXqfntJ1AuI//zP/7y4tvOMpeaZM4SLAZnLnAd5/gDKXBsDxlRyIfDZtVlwky1oLvyOcHpdgrGQAr773dhd2kqSmGf3U/t8GidPJJtSn2kQ5rK8L30qfYXEM4Z2IBqTdSudx1zDQnlv2u1kRn3yO0xYo6c+9anb+rENiGf90xjiInvx2hiB6MD1TxrjUhedB8M78iu/8isL9zQonyasF3lmGBeQwsn8T5SyVXr/Nk7XwQQZ6H1aeKAghSQCkia4zBwf0d1SQlIRLGzBO2AR5ORrtwgtqP4h4NmWSHVIddG+9kqJn2MjQEJdMnbg753sypIeGbD6ATjvec97BvtC7pp7qV7qLI1E/+n+gJLton/+yucCYoRDsphHUjkXrDnVX/XkbcRsjIf6ps44tjkrQVRZBGDe1F10333MEGEgds8ztJXD1DAt/Y24siPnWFUSLkM+SaKdiNB65hBga9FSVq4vHz/GB75mL5LHRnOx6sKxp41x8FUuskOkiH0fFgGnRQAWO9ACt8tEG7iJyLjEQcrHSTUxaRZu3huSQYlz4WQ8McUoTD7A4F4dCFGqBqDktUHMN7/5zbdtMLKQBdxy56ozidMJgWUgA4N7AIjrAaX6bR3FwVPXjKk9J9S64gz6pA/UPASizaLc2i3dHkGSXrhwXjPAKXUEMWXfaMv8epZNZTwkhedyW/sUY8C0MIbeg5jdRaIghnaFAq96tJnrucP9SBuMoAPwckmnTjV/iMjzud6NPddv3jZl4MDa6ksahnVEjPLY1nX5nvHYMU5f3em6p6hm4xKkFq/2x2Nc8X5jbNn6moG1l9gIW8MEtJ8jAxDIO/oGsIlXJ1m86U1v2ualATTqSLGD7Iu5ndJEgJMk8SYrbQHKv/7rvy4T6fnslzgRcBShB2oTDxDKplqpw5WR6hMI8mapM79/RrM+IgoExyNGgmT/BCbPeNsWYAIWYDpdErdFVNqPm+sjsJi3NohRLaXAGEucXZlspnZFij9lsAM6+w9RR+DGgXhSZ8x3Ko4+mgtzqT7PW8fUvKRQ9ooxUIcjYs8hOvWpJzVRPf5IjLZC+F29zWcp/q0RnNAOxKde85rXLKdwUl9Xrr18uNzOE8jSw4PHuOFn130FNDHvpLxe1Yxb5SItwku0l3yHU5gMICydHGiLLeQjDwiAFLdXnwVqv4bPTt0QnCx5Mi+XBaIOcO1SQfSjDNdsgLWGOvCXKQBcAKCOMmHZIfpLGlKvxH5yCkTICIP0yNhNNfGi05I4tWvMLuMriyBuOmca52xI+ra1l7TQvwBcfCIvVkcSaYdUKDDa/CGAgqOYWd6ksnU5ATCl3NbtRjR3gV9b+pWaZQ70KQaTLaj+Yl9JTHOQY6EYlz6SiohczGrlOvcjY5y0fRB7T0mPhVFe8L6x/ttwLraVg8e48frnpv7BH/zBcqp4KgUiSa82kaRGniwDn4mp94AEpjnC7P+4pskEJN9f9apXLSoYAPB2AB0CwNFmtSX1SwqM3wGlzT/qyqAvYFUSoHYDRcRZQM7ilm1MKtrPAFjqAiaqgbGUfJk+73fEhYvi6ABRXxsbotCOsamjvejGVwqLMefYqA1SqnQQfceAtIewEWdERAKoq1iF8eqD+tRFzWqjVzERZbTNvmrDlDK8mNbWc/7ahRkzSMIX5G29zF8E7X8Epp/tVjRfpKZ25fGR+ivXXtyrvhsEMsa49r+OcdnvXemvyeG7xkWoISau947n/i1ijYMjFhNHTSkoWPzCwsxcPZsgu0bdvCoW2YmNnmP/ZLzHiaoHyKh05Y3h/um2yqZXI56IwmfbWy2YPjKw1UlVS/pkoPMc4XrqSs1svAhMO+rXd+WApZhNk1lgzXPKFxdCdC6AB3DMBSfG/YHdXCnD/gqUqTpFyj0LiOYoF7f5i6uXrj6rfTk59AsRkVZznpl+Wnd9zeZLZbTGbc4C9k7/b07Ng0t95kN/IxD9LC3GwYIC0QcOgRz2nWMc84Z1ZY00FCqEwfeGVSDoNWImQ4av9PJckDZVBSgqQJ4pRBGX8z/iCEAWwcYmXFN6NE4jeGbxy+EqnlHU14YtdgIOrb2kVcSUPaItwOyImlJilEMojGxtIJi4qcWsnphBKlfxBc8Yj7ELoDYW/cwecg/ocj4UKIvQ/A5gqWK5dfUdyCIQ8+P/3MfadQEeyW6+EEb7zT1frEIb2VLmwlxFNCQGQukwOWVTRSOQCJtqhnhiBDGIJKK6Z0bIbiriH2F69td//deXmNHKdcajxzj9Ny9W59mVArsnQRZb5HNjHLS6sYXksL+4venFGHCPvEWMLlzNn4nn7o2jmbC8SUBRvhEOZKFKTVCvxZX6kgRRT+CcJwWoAULZXjrTSYNxwzkeYZHaxDRLgIxnBFe8B1h872SXVI1sJm3Prlvqgjm65z3vuYzTFVEk0dYjEESW4yK9vsTIbAFqF44NiMCHkIqTmPs2jRWQVV8udv0E+o7uofKWpp/qaKzV79lSS8ztbEfFGGa7o0i9dTZf6mxd9N//nc+sXfOLmM3rgx70oOUMX2u/3bUX4yG7SSBebnHjMa63em4q0e/URdzMAsahLJqBm2Qgohakv0p8zPuUsTrvTPNsgTmcrb0QJlXKBqkgNkJK5c+P85r80hq4oS0U8DPm2SFz1L2sVf3MBiqnqshwKo/+Fhvxfxm8JUvqc6kqxpJ9Y15wc5Iu+0e7EZTP2ZOGaEpDKZ6jLs/k2UoyALu/pAvOHhMypox8fesEE9Kefu8ejl92Q4c8FAjUJuZDIqhH3Um5Mn6TgvMYAB0hWe+YYIFdkoTdoQ39zC6xXp0CSf22ZYKdd2ARyKWuN8b1T16RXgJRYiJFkwHL1UKLrJcBbDH8j/PP3hv3MjbTV02iiS/NJCAKuJlMezoKHBZdD1C5Z8VPcEjP4sgm38KZ+KLds6qTagbgRdhLaSlib9Ezpv2fTRH4I5LUtgzniDEVKOkRofQ9wkzCFWRDHPqamma+gNdYc50WDynmAOAd9Ae4/uzroeK2T6R9I2ys5jwjvjhJkkQfqZYxIHNZsqT5Ur6TTno1Q4zHWiEQ/XGRsnnSfJYcKQLvJbFc4ivXl949xgdvuisa1MU+s/sS5NhPjnHw6sHCuLQjgQzQJPheJicQZqgBk8k0GTi/siSC770WDEDdTwpYROqU+yZXHdQVcYgAW05U6kjBK1yOTu5PGW5iBrtyXlEcxwcm94r6Apu/nAfaLE4AIBFMgCjgVXmAMCbfX/GKVyxePttu1a+upEcEauXilHPAzX1jbj6MN2lrfoC4w7CNVZ8xgc7G6hBq9zAZgM0TiFHk3rUmuHmpPNoo0KdNRJjqpGyBPX1DtKUPxRTL2ZKQ2t4Rc6ZOY86Z0/j1QxvUPeOwRj/+4z++HOhhjfaVob57BLLl0mPcaOuRmmsvOrZ30KXj0yuJ7ozCThHvULVSNkiWDHF2h/IIAmcpVYVxyWOEa5VuQUQDWq5SgPMdaEx6GbC4nIUXwSauTTZ9msojdd/C5MrNexZxzGpVKRERYu5en4E9iZQuDgzqtPDGbQ4Q19xX81gqSeD3PclRbCJ1Ls2XWSoAACAASURBVFvNfXV1RpnvxmzeSMtsEARS/hWA6gN1WCCScyPQp9picBF7AcAkiPtrCVZ76tdOyY+pUtajF7zmQDHXBSCti7nSdq5ia08a+i41SNbBuq9J2EunnewegRx6izGusxq8ATa5MwI7OBVj3KCBkQpAUjjAGhEV28hYs0hxvfKgcr2qFyckPST4dQ6XQFwcPNdii6f+vCqlW1hEapaFKxJMhPtLxcvgzdOS9yY/ftH61DifqXv6klqXShmhOl3SvOCGGb21mTcN6PQbYehjbc+ub22l46snQgHivG2pqOa8WFPbaMt0MLfc0u6zQYo5GPcczFVXKptnrScGBbyA3RZahNGedv0nAajb7dHxnXQhmbKhjFGfBZnzEBqT9jr9BoGwlx73uMctia8HhgSRvCiJcc1lkbx1ClfnMXJOlsW0UCZC1JnOSVxKDTH5vpsUg++VYogrTonripeYNAdbS58nru2OSwXL+AO4XLVxXm0kGfTPIknsI43KjyrfKfeyvpYICLDu18ZsZ1jgxH4uzICdqpQXzO5L/ZbikVs3uybuHTHl/vRs6p57QB1XVzYGUHqKcQKtvpPCgS/unHvWfUAV0wHsJIg+l24fQWV/IZw2VKmn1HWfpbW7bz2NZ/ZCWUMSpHSemE2OlA7p81xu5U6F1CfpJh1msR3kzv34GCdd42LtiV0psHsSRIvrbMe1QL/4i7+4gNBEmzCgB0RgAG5ctKxd4t0zyrqHSJS1wEmEeWcaVc0Bx6RJx1gCTJ6o0lTi4tqcM3XzSLGL6OBxSotJLy/YVfykPR/p0wG5Bc5AzptU/lT345BSXIyVsZlq0fgyxpMivufgMBepXuou4q/e4geYBMmovlzK5r/D6AAbyLWrLPXSPOizXCf12n9RsNG8llcF+BGCPvk/N7n6qVQkcq+h1gfApuK1wQr31x8AL/BaypH5N+eIuSRNbWAinrNO1uAlL3nJsl4r16Z2867zWjYDeMADHrCoL6UmWADpCSZHmocXdJognIaB5lOZgmy4eVsxLSoiQyQmn8HG41UioOdy/yYx8g6lhsxqi0XAPdUnaChg2RFEpX3E1TxfHlicOgmTFCmglrpVLCCbyX31G79I8KwOamdW02bJkyer9rNtkjzlqaWm5r6NoKmkynAIzG5qoAVm9apThFqfqMJUGUTTy3esn/qThOouim/+1IGhkeTWtTOXEQNGloqL2JKC1hUz7GjUPIbtSlXOGukbx4G+mHPvoqF9rFxfeOMYp9xmVwTExT6zBySIyTtopaGHP/zhy2QZvMkqnwnX9z3j1mIgBovrfyLdolKjijyne5dsZ3H9lRoS4FJNMvh9zrGFAmuAl1cLd/IcwlCPRUsSZFwXwOu5ADpz+4Add59TR4DTsatUK65Uv2kjiRSR5HGbg23mqphOqlZAK8BYoA4TSfImUcy3OFOcGcfvVEVA9YzcNMRhnOw6zyLmUvvnOA01GdjbT97cI8ZeBpRkzdA2XvObW1191K2OcNJeDolekWDOlMdQ9K8ArAMtkrb/B7oLxjh+FYMXi/4NFNgDBLKa62iiBQlxZwAtW9SkPvShD922kcq7RaRr8G1bWARAKgCZNOdO3kga5B62ECYvF6TJtVBFnonnku5SQ2ZQZfzmAZObBbjKFBm3yAHWPGa/+D+Op+4MzQjRc8rOdgTiwLWN0+KW3qKe1MI8PbVVlHlW14odVMandhBIapz2YyxA2DbfnBHWAqGWa4YAubxJAc/i0O6xBwDYXJoHfY7xZPORHqT/vDVXmwgwB4R29IGqBPQYYNIoF3oerSSV77l/tZtnzHrBDAfPynXClcc4/9MbgPzOFdkrBAIg8mY6CiaPiMn/vd/7ve16aO+IExrbyO9ZXiqThQCKieCiCAyoMoTby+F7QI0Q0t9Th2aVKbULsFo0XIozQV8RFwKMGAJiHDuPkeddymfEZ3AXw3jhC1+4lOGQKHsgbpntE3HMfYzgAlPSI+/W3IfGmgdJmTZqtWdl3tVJSviuDga6eTX/gE0yFwAspUc/i0fEva1Nm6Xc4+zo1XXmLje4OdKO5/3P3c+2MO+NJe2iAK/vpcm029Mz5XOtu7twL9khu08gO9iKi2sCh0nvuEs6Kj1yvhAAozXDspPFTZaNUBbHYqSOABNiEa9QBoea1Zm4UFw2EPqeROjTwrVzDpB4tQTvOpQhd22q1uxNSu2bQZ7BXPDzn/7pnxauLLqfRwd4Ip76rd76PUun4jgRQ5KpdnDU3M0xEv3yfycqApVxIXxtGJP5i2CMu1QbhAPEGfQlc6rPM90n2REAyWOulCvl3/PayMuW1GNv6jeXcidXplpaG9pDOyXVZY5K4aF2wQiPp3Ex1nPjb8PS2f8xxoe/befEwwZK7z6BHP69Yxz9rytNmRgHEOMU9EgDMjnrnZanjJc3MsaIU38mnR3SgpIQgZIaVLCrbM+4fGBO5chOyKPkMy6Y6xXILSwwiVPwkBW3yd7o+aRPgPY9t3L/W1C5TTw9pGE76lr4XLNJt3T87JdsnlmKdC9HQekvSaPG25gQQPlX+kOVTUWl5gA9e0J5wBcD4dlSr2dLA4oRYVz6S0qwGT2vXGNvH35erRhHBF/SI6IqAGt+yvFSv//1MVuqlHcOFTlzpA/1TxIsZrvddd5pY5x41Q1AfueK7D6BHHTFMW64NYV67UV/xWGAmdfCy+JJlVybc/nnPOc5y6nnbf+0ANLX6e55eQJ7Z09ZvFSa6orLpw51PyM6dcanRcxwj9MBj62w9NzOrdV+btfaS3XIa6YdfWZ3AZHjhMQVLHb5UhFzdkfEnGqVlKvP2UrazL4qgNZvPZutVaAQ+IuD+F8KubL60ktwCoJ6hvrbuzzMnXuYBHvFc+VZ5VEzlhILPZdqq01z4l773nkdczf7DcEyuhFIEf4yd+ujdrTZ/iCBYfUgDhkaK/GQ888a44TL7xz6N1B69wlEI1f8qTGu/syLbc4xks7elbW79vLSFEE0i2nyTTSukSsw6YEoTFpuXcDot+qcVZGi1BHM2qCc76WA9GlxxGkABJHijqV/qCcCTxIgKkFMMQ7GKE6MsIEkPT4poY/ZTEkQ9ayNbQT4CLv+B8DZY6dOdeXNwmULvBoTro1DexZXxokRLqACJv3en3F1WHWvj+5IJHNBsjcPxtVZWz5zqCQRiqAjSPdy82ozB0BHqKpb38wzorW27mEknlO/dbBbk23rJM8VFeuLbxvjQ7e4WAzubIE9QyAHXX7rHvWLuRiETux+ylOeslLS6YyCTR0QBwCSBy1o6kW5ViatiPZaFSqCCbwaAq6ZiJIyeapm92+GYzaR18WVls6vj3i0Uc5TW15x2s6ZSqVSf0FH9ebhql19SwLVv+yTmUCyUfQJMEp6jKiAVpniLkDou74lkbl6lW87rnbNtWcBk5sXmBGPciQ/Ijcm9XIXK1saiXqtDRXYupobV1nGnW9VbCYC6TgkQUll1FM/SAheTHXmidQHdSJUGHnMYx6z4GclYfGLbx/jQ6uM9+IweXG/7xkC0coh1xrDKfDrxETmTnjnw2Mf+9hthne/8W7JqSp5EYcrtTkj1WTnhs0QzBgMbNkIs2Gd6jJ7mCIgC549EaEEzkCnLCKxePoXxy5oWYJkL72ZA4n6OccRZk/YTLQ5Dupj5YA1BuH/VLvZ45XdgYAiXH1L2nDxRvCSNIuGt9W111mbi/apaD9JiDhK9tQ+sLbNF6cvL0y99UVfjb0TVjolnnRDLB3jpL8kE8aDUBGofiBGEtjzLt85OzBR77vsNQvbsHXOKWOcfMzF4X2nf99zBLKg5mpbN08dvP3roudeWSyGuqSz+ZIaL2hngUyuiaGKAUIANnGpV9kls9Gd2jEn+VnogB5RBcY4IlBmZ2SLqCuVq/+TPHmD9L/nZsm18IsLYxzZPDkGZomhnozciHgmJs/mFWquknCpkZ1SaUzljuG+AIeoATkQ2j7QHnhqoXLakKSJoACdaul/RFAqfG+31bYyqVnaVE9bcalncz6YtdK++pRJfTM3CKQXJxmjupTRR5/a8Tzbpb1DHUpHkpDYK9deOLxhzxJIPb7CT45x5CPGuLRBrEY4vVmJLolzzRKEFytxy/NFL84bYpJNaht6AlwSJDUqyWDCM/S04f+Zm2dHFIgr+pu3LLdp0isiTQWaFycCWyupytnS1/oZQc+2UcSlDb9HyOqLECrv9wAat679xut+WbYZ62yKTkAEwE5O9Lt9NIDOVkl1pcJkEyiLmHJUKEtqGhPicx+3tz5l/XpeGQSsjY5YigEYB8LzDKJgs7hHBcQc1ele2307HMOcPPjBD14CySvXp/9ojE/+0k5LiYt6YO8QSC0y3Bnway6TyFjn0UqXdPaqiHbeJYekzV6eTggpRWP2bAFGKkeAVg8glTma6pX6VB4VEFsM/ShG4TnlfeKI1d+zsyu5oVWfZ5IguTiLVUQcGeWpdI0lIp6NdnWszcXStxIYk7CeQRTZDwVBxTkK0OXw6Fwv9SY51EmVKgjb+wvbKt325tozFwgA+DEyl2cAvKwGc4GYPOM3hLkoGhcyjBJN28uTpLfG/ngRc/vrl7Hpr6Cr7QLrXud8eIyT17iAd4Nk9i6BHHzlMY49Y/1xnHPO4kp1bpTBIxCxAwuFGHCIXJsZ5xbEX7GJtWqRhlJbStUApLhwHQEmV5y7+nEz/1cHAKUyZJyvJbSIJa9Kki3VKoKNEGc7aO6veue0kzlWk1rmXgSYKhgj8B231U72RrsLGeukgc8i7FSfjicFUOpMBnJJozNBt2GtPjcOBMSQx+HNXTZafVE3xtO7K7m+2RkkSofvJTn1Vz/MBYO9w8tbS0Sqb9Q/NmvZDisAO/eTY5y09R2Pu3vtXQLRu6s+eYwrrS/2cDb+bQfNMdARi0mgX+bnthCJawuAs8zqFYAWUAs0mrW4pbib8ER1Xq+AlmoGWEXmM9xzsVp0zwFexJW6Mbtvi4zPZQJURO170i4Js5ZgI9wIe3Zbl1Iz21nq1DftA52rPS9AZx4wHfUIhvoEvrJqzY3/cf8SQNVRugjJhKBmm8xv2gJ8TKvD3jAZbQfmkg+tpzKkgnF32k1qofqyZ6hWiIDaJp6EcWYvpQKSIOvmZEURJ11zjHO3niG2O9feJxA2yHXeOsah37xuP026+Aj914kkIr64jIlI38+daBL978rFiaPE9SOM9PQM9Nygs/6exyUXano8rmQxPdtfOr/6LWggnyPf7qU6xNUzwLMfsklyJsyG+xwsTM2M8OcsgmyhbC3t6mfqFWIA2Axg5VLdSI/eO6jtthlo2/8uBNV26GwhhKN+7eRFq0+kR2ogIorJIAzE1rm+ORfYF+rP8E9K51bWF7YpAvb+kl/+5V9ezjaQXawf5d+VoiQUsO71+ZeP8ZEf3B3aWJ7dBwQCzdce43r/O8ZBW19Xtt5173vfe+ESJsoCm1wLYpHsFY8DJ0EscKnWqRWBJq9T6k/3A14EU8pDhJRejQhL4ZhVmsCY6heAc9f6jCjWqlJJroh+JojZcI3QApTyxU9y/dZ+32eGULult0dQxWu0a77MdQQDbNkqyrMXzLP5RRCM9PK7ej4GA7DWrJy47Kry2UpcVI97JAPVjmFOcumv+8aAKNRLg2AvORWnY38wUdkYMRupJsZ0xzvecXz/93//+qDaA16tfUMgC8s/+sI4yfpj8V4RHIIYdtogjgWc6a/tkcjbRJRb6AipIFkgDrSBKVWsBcS5IpBUs1SZDs9OIs2fSZGAYmGzP4pZpCL13Pw9QsmWSZpkZ2T/zETt+c6zqs6e9z11y2cAav78nlcrYjF25ZQBVPdnV6657VBvZZblu5Co9CV1B9GQCGVtW6PeoJVjAqHpuzp50kgFz7F3jLH09ySPcbE/EQt3bpc+I5Ii7QijGIlNVet5F8cBRSBGeqnrbpUkW1aPbbER5u/+7u+WBaNftnMtn3mAzKBGOEVplQ0kqUxxaJ+IyAS2aKlMeYLKb+ozP3yg7dMQch8nLVKb8u7UzwA8E0REG+BmQ3uWdi12xJOE63n3e1b7MYEcCZ4vnTxbLDVUHe3xIEGottQqLvZsPWCm5gA8O8OzHdOk7mIpygNsp+pbB3WbxyRw8+A37WRbiHlFvOpnnOsr6YJAYGBtvpW67EuX9HqnO91p2VW6w+sLrxvjlPVfG7jjh1Z/2XcSpLYv801jXPe/V3pi22ev2brzne+87QRCC5r0wKlLQZ83SWU8msDUJw2kbiCmXITqiHgCXtJHPf53vxyqOHKqT0D2vX41mLV2RDYGDluUfVa1ACbVJKJIpZvVxZlQM+xn4urZJCDQzuWSqhFm22j1i/qU25e9gDioWJ1+rz/67r5+dLZvG9J8p571PvZUwk5SJCFIERKqXZuIxHnKsxptXbTF/qRasW12dJWGcpFAP/n6Y5zzgZ2hhXXL7nsCIT1utPUlNWsvXMMiOfMqrph6kgTIs4LrFPhLVcolS6QDOs4G9Ba4FHmLFcFkTOflUtbk477FDJSZjeqIoP70fXbj5hkLuOos3jOrWwG3OIhxJB0ixO7NErF++4wpVK/v8zE7lale3+P0xkka8Gy1YY07GPilmahLjEPbOLzLHOdq97s8LM9LIckZgLkgHJ5J48YoxEtsqmrdJHeWp5bBz/ZwVsFxxx23e8A++01jfNge9V18s8fU+r4nEI0vL99ZTU12VJBUFK7fLouQS9UCJAGKgaRiWDh/vcEKwAFFkl7HjKqTf11qBV0Yp7T4Fig3cJuC2t2WXZFKFRADbOCOO8/GeWrXbF/knWtcAdgYEWjfZ8dBZeOys8oVkWWw992Y9L1jPN3PTZ26o03zA6g4ujGXYUCv72WldP0kWu2oWxu5dD1XBrFPZ54hCn9tfFJPNgRG1WHePhGHlHtbIvJU7hKVnPOhMU6WwbH1oIndvfYPgVzq2DGuf8JK3xlubBA6ZoQAZBZlrVEa0QSo3IV0aQYm/zmCoUKoD5dT1gJZHHvQccnchtkucde4GyBEBLWZ6lTcI26v7GwnzKpc/3tmNihnDt+EAN5sxBfJz5uVelU/Uq0y0n3vGZ/GVJDRnJTUqLzv7BB9V85YtWOjF2ADa7GH1qHPvHikBanseUzJTkpqm7VEZPrAnqBiSTaUOWzcpFYeuFvd6laL5mBddumyYerzrxrjY7spfdY0vn8IxFm+zvTdwSUFJSMdGOLEiud9Ss3ISI67dsAZgFsUC1ZeErHe4cgWhDqBqwXsgNb5Utk8qXuzGhVxzL+VqhLoZ+kyq2oFBo0no9+97IZZeuR5UnaWIGvtjlLgA21jSTJGPMbWfOS8ENkGchLE8xgIKUs17USVJKd6rE2Sau4Xm8a5wy996UsXwuKV7LhZTEuQ0I5Nktu8l4pvjJwC4h0rWboaOO+MMQ46YowtB6+PmLP+eYxTf2iX6OriHto/BKJXx54+xsFHrts/rzLoHdsRSKCyOB0CgbPFsVNdfFrkvC5A2wEFgk3qBQxByQ6FUEfgo6L5vTjArGIBSQSZSoVQ2tyTz3+2U/Q7Q3+WHKlTSSX1KRt3XhvrmJ0Daw14z6o7YspuUVdqVeqp30hTtgd10zPULJ8dXN2h1gzlcqAiiFlddC/CBHaOFvl0crrMk3WSdGr+zY0zdZ2fZd4RTMysLbZOmLdu218XjHHCFcc4/3NjXO3PxrjcD13oBT13jPM+N8bHf2aMs19/cTjf5d/3H4EIGi6brNa8DGWM5ZVq1KK49KyGFMku2zZdu7J5q8onat9B4h8QlCkopb5eSqOudvsVRV4b28gLFShnAl2rgiUharNgWTvptFXco8MP5vjHLGlmokjFihDn6L5yJTcmeREKAEcwMRhMgVrLRssGIkkc3sBGa2tzxJe0m93KuY1f9rKXLedXda5ZaT7UKVK8TVl2jVqTnADGjRkhRnEO97e/zh/j/Zcd44Ktr2nb19f+I5AFPevvZ7d11UkcxS1aEI+Udj0b1riYP5yPBCl45xPQLQgw+owTWnScVJliBrkuA3pu3LxYswGeyuG3Mnn93+kewAiAszcuKZFEKZu2Ps3qVG0lDXpGmWI+s51SLlZerVktVX8p6/qkj1J6uFvNSYd/A7J6eK4AFZenKiUlU2uzcdTrOFV7+KluEZ46OgsNgTDatakudom10EaGut9IM0fSOr195TrhiDHOP3Nf08bS3v4lED244ZljHLQ1v6rLAQNEcQQSt46LBigiGsEU+LPY7e7LdWgx886oz+/FOuakunT3gJ8BPEuK2SiOAPKmZW+krqVa5fLNW1beEoJOfVnrIcpjFiEkIdaqVn3PkaGvCCgJkuRyv5gHECN8IEYg7QPprVFUIWW4W9ugFnFmUAM/VdXGt9zHxlI6CobBe6UfCMQnAur8Lb9bk9JI9M9RtaLjq9ekYu0HEtn/BHKDU8c4ZPsDiQHDS0DnKHVgSOUpOIhIMkQ7x8kCZEwGXIudnQI4PTNz5tlzFgdPeiwC76Ctm7/Sw3OJZvdkiCeBUr8istY3VcfvOQhSGZNisx0zS5ZslPpQ9Dym4bMMWYTQvLnH7hCwo85gJojGfTYID1PHilKzHJLgWfebF/3AVEgaaSPPfvazFyO8DVGIraOGCkZS1zxXWnxeNcRBzVU/CcPFv+57Py44Z4z3e3/87sc0doW+NiWBGMgznvGMhdsH1HlwiXiLgXORCACPQEw8YlCmvQlthrJIgGHxAlpSAVDL7Ur3D6QRRV4mfZqJwO8FMCOkGfwRTmOo/mIK6ooI1hrjM1FlAySVck3P9WafdHgC8AKi7+wNcwa0iADY3S+V3dzl6pXG3gEaHV2k3VzGiIpq1VFB5rjDp9tjrv7eOdIbcK2RcbSll1TRLxJkXRfvp588xicfvCvY3iPP7H8CucqjxjjyN1YG45ysOG9EEufPp2+RLYyF4DlhVFqwTvpjW6T/4lzp7wE+F2a+fxx3llrup7YkDWY7JOk0P1OfUw8rM6uHebPyZM0qUgQy2xezdMh926dxzZ6yYijlmZV6gxCMn5fOHBWk0z+cn6epTU9Aq8y8v3z2EuqP97702rQkdnZIe+K1SZWSttLOQBIjRwAbR0DSepFY7JDtrvO/MMYJWw/53l/X/ieQg68+xrGrG1scHsAWmQ3uosJ5aoDAxMcNTfC8b50EoQoU9QWGNurgip0uDswWro1SiC47IL3bAs0u3gz4mWBmj5c6I44ILaDnlZuBny6PQ2t/jmfM0qUYSd6v7K/Sbdpjr+55E1VnTwGs/xGFuRLQw0g6SQRnV7dPY9DeWsmpbiqwZxCWGAYp5LnehTinzSAERCdLwgEMXL+IQvRcYuIOs3HP/egYJ+04J2tfEM3+JxCjvNE5Y2w5ZLvx8rJ4c61JB5gkgEIIxeL7QwC9k8Ii8I4AP65G5OOY7Qi0iEDh+dQOhGCx3O8zkJUYWQJhXDR1rA6nQgWm1KvZTR2RZDskxZRNkkT4ABzxJvUCa8Crbb8XVFVPWbvt6FN/Z13lrqXu5KwgYUul10f/Az4g5yQonUebRfMdIF3qiDY8Y40QSO7s3NjmEQNSTv0OCVy7KW5dsO+hTU+7Q0ibg0Cuf+IYl9r+GBeLKGUh/7xB5p3JCAX+3j1iMSTD4VZxetKikzPSi+PABc6UDSwWnBSagQ5URcgLJqYi5d7Vx4gk+0R/I7DsldldHIEoX25Uxn6u4YhCmZwSPZcq57eyglO33OuMXP/j3Nlc9T1JJTWn55NijHjcXT+SQo3LHCjnRH7SyPx3BCwGxXWe+9zzEZR5pgJLAZK1fbHXXjpK9GLbXVNgcxDIdd85xmW2f8+1ReAlST0qxcSkW3zSwaKTHvzrOJgAHJCnHvkNYcSFLRYpUqxgPiUQcXWkkAVmXAIRYBRH8X/t6g+ibMtvxmc2RFImYvUscAFc0mR2FMyp9vrpe4cSmIvKYhzzmcTu48q5brXfSSRct8ZOjVJfhNA4ABbx4Pp5+bRFemEUSaOI0ffsjWc+85mLGmYtSBpzr179QHRJbfd6RvrK4x//+PVfo7a98THGab8xxqceu7N43uPlNweBHPOmMQ671crgLAIg5oqlNlgQwO/F851EYlF7t4WKEIaFRzABCpBwPJzPoraVFOcLTIiE8emzY/p9lrYNfECvLn1r22+nBWo771cSpntzbCXCyXYA4BwBGeieL5gYkZcnps4IznN5uHwicCpN0XPBOXXV59oEarYIKdv7P3IbOyurmE2xoXK39M/amJcOZeDuLYjLK8UVrH8FJkXmeSaTYDtE8vmfGeO0h43xmf9vj4N9VyrcHARyubuOca0XrfRf4pvJTnUATjvRcFaAKYptodprgOunTiEMfwgivVgjuBtgAHcSp5PKAYnRr27tJCWoYfqhHIICjN7Jx22Ks6urd21E1Ll/Z5dxwcRsG2115I52MsDVoa/GN9seBTgRcQHRiCtHhu9tf81+K+1fe6ls5hTDKbHTPGnvpje96bZzAPTHOHJeqM9J/OYKIXAJuxehYkI5Q/RR3tvFq1UXjPGZp43xiQfuCo732jObg0AMb5235cq+5WvHsdrrkb7uHoDj3BYUsCKcAmSeKTcLKHhrLDQCoB5kN5TijotqMynC4C8I1tE4OQeKNyAKRAMEqUXtaVe/9ueYSc+lmyuTJ6rXBehjBxwgBs8U2ykGlOfJZ9kDpbZkLAOp59oPbpr1F+F0BjLQ+66P2tRf/adimsc8aP5XVzYPaeBC2MomweasYf0wp7ZT71hynD/GZ/5ijE/83F4D+e5UvKkJRPats7LSwdOX8zgBsgXI9+8T8DqKP3sAgLI72udRsK2dfgACANq06KQOcBZJRihtzQWujNUAD1TUDPXgxgU553wubeZKtmjFc4AS0aoLl0e8yiJ89xHevGnJOMsgBsJURn3St4z0gqdJnFQkY2mvjH5g8WWFkAAAIABJREFULNSyVEH1UIk6xK34UJJMvc997nO3qbo8Xupo/7p5b67uf//7j5/8yZ/cMUZP/dExznrx7mB4rz67eQhkOTtr++PrgcNCAAtOyfVrkeOYOHy6eVHpsntTOXK1+sxNa0YLoOVFUi/vjUWmk2eYdli2BWfTaEc9c7QYAcddeX+UAZrsjPK1MtQ7FST3qb7Nb3DSZoTlPoJPzVE3IvIdc0AQ+h4xtK+j00hIh9RO9fpdfxAEIjEO95MoiNw4GdQIteyCPHLGoO4XvOAFi4GvH9RbUsRmqGwdffJnb8/avfvbEH3Stcc499S9CvDdrXzzEMjRrx7j8O/abjzA4H0iANj78HAxE45I/F+6SQSS10RFFi8vmN8BMfUrzl+59iwUZS69IrVNPYABPJ6NuwNwAAM89fsN8aqrYGFSTHtJRMBNdQLW8pQQEPAjBG2ydUoZ8TyQZzj7TsKQIupSHnMoGNgrt/W5vCfEhEBSJYvDJJHNNRsEYeZoUHfZAPrHBS9O5VkxDYRli4JyBRZl5nor7bqXAKBA4Ca/NhGBvGqMw797ZbpIEPulcXyLYQE6eAFI8kplBKfvF0OgjgEUAik6nRtYY54HmPZEtOmpYGHeqbiwcurq4IfZ+O9wZr8BI86a9FBfsZeZeIvttLvOGHFz4MzLRt1xTxngYysYX/EZwC3JMdukkxKpi8qW6az+TkpUtlcjMLT9hhg9K16BwOeUGfOG0MyXF2ra/+HyDOnLnZyahrDs7/BOj5XrjN8f4/SHb3LS2Nq9TU8gNuLYwukqTgEYAFf6RItS0M9CUh1E2eddfgAwR56TIp3llFpVfMT3XmBfcLI0EG1FJIhM3Xmguk9NmUEWYRT4K0MgQ7z+YAb6UCzBZiO/4ey8ZO4nxYy1rOLAqz5gxdURk/55TrvKUCEzzhEJ+wah+1/aCKlIAgJ9EmTOhNa+XZ+Mb/NgjryRmDpHMjXn1m723m2jiBOPHOO8re9L3+zX5iGQdU46wRkf9KAHLZwXB8S5LVzeleyAuPC8FTdvigXI1RoBFNDKnkhdAZCO/QF47QASsJbIBxBzRN0zGfCpc0BRegXuqu84cTEGzwNk2cW9byOC8KzyJAiQ64N2SMK8Te7lkCgAaHxtSeaGjih6KVGMxb7w7JrazOPVaTD2cXTqS/tWClYq+8pXvnJ5HbM+WBMSyLi4fc3XPe5xj+WV2utee+DEw31FWJuEQA4a48arx7Q4c4k7sb3LQOovVam9IB2s7H6xi1IkUrkKuhWDsNhzWntR4/Rsz1GZctNakFys/i/OgSMjqmIMiMV3ksMnVaUD0yIQBOA3QPM/rotbU4f0L2ZgfL3lKS+cZ0gFQC4bOWaQyzeC8914SBD9KjtAEqh5KvXF75hEnrJ2ESJOfYkplCumXlkOVF/3lHEIBgkqKIlgxD16Aeh2YD7jUWOc/lv7Ct+73c7mIJDDbjvGMa9bGQw99zWvec22s197Zx0QAUXcHtfE7eJ0FqrAmoX35zf38oIlddRVlDxpU3xkljDtsa6TJR3WF/UBbsfqAJE+AaK0jdrwO7smEJMK+gWMRaAB1J86EEieNsQB6CQLVQiR5L0iCfJg9ekeRmGeqD88a9poC0BxEzaHvpo3beiv75iAOW+OMINc0XYTek7fEYhjQLm32Td3v/vdd+DaPW+M9x86xgVbXzJ0IFybhEBuPcYxb1yZLydk4FRlm7YLrQ1PFr6AGkAVFMy1G6dPD877BbSpPICeZ6tgF2mCIDJK1QNoSZy8NHmtEIffqTI+O/ImdzSQF0NQZ9HuDkjDwfVBmwBMXUEc2ul8WmPOngDSDoE2ltzgpaGop8RD9aqz7N6MfZ/6p86i5MZdTlspNKWsZF9pG5E+6UlPWj7NI4lhjPqKOBGP8a5cX/yvMT508wOBLrb1cXMQyDVfNMbl77oycc9//vMXXTcAAwPuW45RatJ8uFkqFa4WYRQgyzMV8MvCLVrse/+XwlFKC9C58ulHhAUjS71PLVIehwdOqkuAaauv8gje94xuBFHqvrF5vnYAufNvzQMCUd5VXllnAPuOWEqYpMKpx9z1xlpEoQzplMT1SXLkSlfG/+oxzlRMhIEI1JsNYg0QihwuuwNXrgvOHuP9hx9QxKGzm4NAtlxqjBt9ed3Je8hDHrItY7cj+dOFC2KVTzUH5JIeqU3p2/n8M9wBZ1ab/B/oU9OSHIglg74yuZOVBXQeIkDTp3T6vFLZLRFbtpXfcV7cu4RCQEWMQF+cRT8Y2L2Ba04mzKOHGXiGA4AUSrXTdwQJ1O0HKR6jDGIpuMdWyTXsXhnIEYj65WJpM48V6UE1c77yultnP/fiMT76f0fKHiiUsjkIxGwhEISy5mKDWAzg6SCz0hjyygBSZ+mmwqhmVjPKkI0A8jTNqSbZExHEHG0vl2jOoYo41A1EwE2/V4++6bP6/Z76l2QC0tpZm+peEiZCK34iBQY3ZwTzjAG8MWeIa5OqBqiI347MPGlsFhIVAetz6pv+RmRF6tk25bclYbPdcpEjEBumzEkxIfaN9XnMYx6zTbL931KeN8bx22+Iu4RAdnYGrvHcMa5wz5WnxDIe9ahHLQbmIvIuXJQkQ0l08+al4h2pH6liBb2KU6ire6lXRd+BNAIBoozyVJ6Ir+950oAO9849DOTAW7Qbcau3uENqoP4jLlInNQ8BtLeDhAHyt73tbcMbgLXXXhd2Qu89ZwvoG0lBFU0KeractfbQmJcM+ZI9e7uT+pMOpcg0r/pUhkOxE9Ldi4/uc5/7rK782W8Z48PfvrOI2BTlN48EMR03OGXr69rWXA984AMXIzAwAZDFaz9G7tiM5wjC70mSkgsBsThD2bZJleyNvFgA1Z6LJE1EijAAJiJMdQOYeQtrx5sqn6GuX0BWGnrxA23oW8SeSxqgszekd9zylrdciMM4SQfMo2Aj7q8v6nLySJnBvGTaLHak7lJaBCA78KJ3DpYwGXNQX6fE+JRqwiaiZqkbgTziEY9Y3Nor12efu8cPld5X1LO5COSaLxjj8ndfGTu1glEYgOLyGeS5bpMqgJM6gJumKpQ8GPAijMCfGpaUKm4xE5IynncvAqy93KCpJICKKCpfqnxeIwY8zp672mdR844nyj7Rlv6zcdTZ4c/UKvtROuAit7A2S7osC6DNVwiwjV/63sF66iwAKU0G+NtzksRUR9m8bVX26SCGRz7ykdt2S25bRC7d96+qzvsK4LvbzuYiEPvS7U9fc+FY3nYquls8wkICQdtA81TN+ysCrjLqSLXKHsg7k3TJ8C5YmFEegaWGlbIx2yjAVEJfhMAorq6SFg3N79rKfgAwKpGx4cZzDEdZUoJkKZPXPR4jz+ctE5MgPYAcgF25d/U7iaMtaqv6lCWd/N7bZ9vwRaKkFuYUiUi06/0fnZ2lD/KuqGcr1yY4eGF3iGRzEciiZq2etGihuA47HibvD5AFdv8X22hCSo1QBmgymBFMBr5nZgJJJYu4CjTmvcqw9rs6SyDsEwBTt4qDeAaIelFlqopxuK8vpbC3B6OsXMCOQP2vnQKJpEBeLpKEepSTogg94srd2zbleftt7lueq3LdGPrK5BWs/+WQJc2c36tvJPxd77rqpl/WQdRc9PwAvTYfgVz9z8e44v22m06c/KEPfejCIS1iaSTZCi2mxS7G0aYin373XBm9FnU2QFOBNJrb13NtI80LlScr96jfgbZXjuUV8lmqO6C2kan4QnEcbZXmQfp0yrz/cf88TG3xRXA4Pvug/Kw8euoyztlusn8mouxkw+rUB3PA+CeNzK062BDaz0MXw8g+y1D/sR/7sW0v6rxI7B9AeVfrjWPzEcjVnjrGEb+w0tcXv/jF481vfvN2e75TiRROxQq8gNLmngzkVLLAlNQJ+BFCXiTfA0gdqs3UrNSlEhYzvAERRwdgwM7uKBbS8yRFHqMi4X5rz7znfQdobQM91QaxlTnbwXmIspdmVm8p9oivHDB96GWciOr2t7/9tnPCSszM1jLu+jrnonmv/cVep//mGGc8+mKLbeYCm49ALvsDY1z7ZStzBoCOjLGguSQVyrDOM9UiBkSgQyx06lQpv5W3NXu+IqqerRNJqrXEkeqhXMCUZl5ahjaL6BfFj1jKBTMe4O+gCATRebfG7Pc2U1GXlMPtGeMIBKA7CsjYjTdi7FTJ9rJoO7snokNsjHw2CGLPSbAegZgfl74LCF7k9YXXj3HK7TYz9jfUt81HILq9zgEObtvS+bznPW8BYMf0xOEz1mfXbttLS6hrWyygF59IJYvQMqoz9nNz9plXbDZY/V92bvvVtUmtA7j+L2WmYGPbXQG4CLq6ilmwGUqA1M8OW/C8qHXR++pXBrGURu98KuUQUpnDiL/NWQiRXWdeqG0IpHcKtsckQonxtGdl3XhHkPvS/4zxwW/YEAA3e6HNSSDX+Y8xDr3lytxZHN4SurOFDNQAMkuQbA1cHeByA2cPAH8bgCKQCC0C8Vk8Y7ZRerYAIQADLlBrD1EipjxgpZzkPs0bpT3lSlGvvaLyCDgvlGe5bNWZgVy8RB8FCkkX9oaIuzoQgTiFcbYtGcH6P2biwOikFXVQH9Th+eYnApnTbvTjnvdcDeouC/aF141xyu03O+433L/NSSCX+9ExrvV3K4OwgI973OMWkJAgxSvcp1akAgEv0LbIc/ZuiY15wJIEGssQzfuV/h2okyLFX4DQRa0CVHUDdWnjxVdIkQ5YQEgFOLWnLiqUvrbvAogzyPMcIbwOYCAhpJtEGJ0zrAxCSkXMziigWf/1QUoJt3nZvvqOSMzjvEFNH2e3s/H6vkMCOcCN8rWg25wEsgM1C3Cf/OQnj3e84x2LahCnzuguTgH0pcQDg+/lNOW9Ujbg+x2ILLy/PDhz/lXg0rWIqwS/dvt1mII6cGbf/ZF2AFk+FPC7Ilx1d8gCj1UGOnBS2fzOONdHfc5dK2aibOdw+d+r64A8tzaw+9MP5RAt4nIoQxuzHLagLmpWsZwIJTdwwMmzx4u17nUJgWxYOu1ewXXsEEC2jZNe3Ykb5UjNAC4vyr3iHUmHDjqYA3c6mtHcXoqCiADit7JagbvI+rwvJeJ0kjrJ0ikj854Jz5IUwIpbK5e9oU7qmkvf2kfueUTiN3X63lj0qYPtMtCljRh/6pj/c3WbM32mWpFoCK4tt8Yo/tExR0nWXOepWsqp77jjjlv/MLhLCGT3cL/hp9chEIsuYIjTtXnKwlnMcpWUyeCleljQ+WDm4hy5eOeoecHB6izop2wg81l9RbbZGSLZiMv/jkf1G9UKAPWnDFzETfIYA/DOiZVJJgTCsK7dAonqps4V00iaFUMxNidDIq6kYN619nXwWlHNXD2XndY23mJGBSVzexeI1WcqVnO+3ZpeQiAbhviuF7z0Tca43ntXngfAJz7xiUvekdyfedda6hZQCabhru22A7gM0wz7OUoctwUUgC5/CrcFCkQxSyjl51NC8kbR/1OVyuNSlzY7LUS7AIhoSASSI5Wp7a25dpUlbRCSfmSbiFx3QqN28qzpexIkN67ftaNNxEFiAbhcK7aM+hEMgjVvzrjKwZANV2xplrR3u9vd1j8Q7njvcdw/7xPcdcDt+MkDygaxUBLi6OO9uitVqGBWSYqlV0QQxR/mRMfZg4UrAx0OLe0CURRfaPedOgEVQZSZC0TlLKmPkU7NUq6Iv3pFqH1XJ/XK9txsAJ+pTrVdPlcp6sUveKZ6FyA1CQGkggE4Ak31QxiYREAXMZ9PQNFfdaQSalu7xhkBJokKmubuve1tb7v6yjQ4+8DXj/Hl9+wNrO6XOjcvgVzv+DEufaPtJsXieBsqVcAFWIzWvEEIyKIDgU9XMYKM8ozwPD1l0qoLV/dXwmBnzSIQbfuekd9hdDhvXimgytuEAOLEACdviX4P6Lg8IsklTHXKoFcuoi+BMa9ZkrH3fagDcQgIdmiDPhZ91zd167s6SdXG4l4qFelWbCnCTm31fW3WgGfVfYc73GEVtB+9xxife8F+AfPeaHTzEsh1/muMQ2+23ZgtmnOygPj/b+/uQ7avzzqOf+/m1jaKEt2s9eSg+k/wD6EQdDIE/xtKBDlBsKWTUkoDLcUpoWUQBWkoEQWaWIig0F+iNuY/QqXYExFSRFCzhzG71x6c3ne8f7evi2PXfd337oc5rxs64eK8zvP8Ph/H53j6Ht/vL2nohnZMHyFjDuaUMGxMzb4HDPsO6laHc+tob6aPXXRXjU5TLmBk7zs7bp+l8aVJAgk/Id+jbNfMJNm0OcWiQpWrfN81L+HXtFXjp0lq2w30jTkfAyjSLgGt8r0aV+NlIjI5Mw8BJMFQn+ZcWfs/lZE1bYOQP1K7e0ayPv+za73+R+8Er74rbe5fgJz3e2t9788fBZBrr712k4oRX1QmqUiLIOo8wddvDhIFkKRthJfCUf2YpwsNYrrs86Q0JzQGzOGOcTKFsudrg8/izingq+3AmbNe9El2bNohAMfElam9JLfTh2mWeUld5ZxODOC1VZ+BKjD1HS0UOCRBuvOqNej/vrcn43kpXfqQBkoAtDYubnCcQLTOuk5TqzXu8557If8PkG8TkM/+pbU+/DtHAeS6667bmCyzIKaNiaWFRDjaoooxfmXtsktDj2Fc69O7g1juls0WzxHmUHt0cuBJM+RMC9fWloulZcHWnkeTBbqYOg3k5F0apHoBPQD0mzryxGi2mRLvuG6gaHxC0FJd3Nmb4KBJXa7HhOo9TeZSiPoO8IGusTg8ZQ+I5pqat+/qu1DvUa+v/sVaB/90rS/+/lqHDn6bmOWd62b/apAyesvs3fX69Kc/vRMmDSA23ex+B5CkJGe932OgiMo84KMo4wxGUagYP4DEhEllv9W+TbqYJcaKodICtZ0p5IBUzB7DVeaVV17Z+g88mTGZWmmKxtir+rXLd+r75hAoaZnAltmV1gpwjb//gbz61fEgnASBkHWg5CMFjMAQCCR8NmaOPj+ttqxVY9SWPafjAmTS62t/s9b/PLbWW/995BkgvZ9hrzMOIDfccMO255AZFEAialokpnAVZ0zN9u9719+kEZL2co36vpfrcCK8hD3MFmBqV0q6/C5nTGTMxlAugPMs8hjNrYUBoc8uYkt7iDYFLtm0TK7AKV0/bdMYKpcGi8k9vkC6jfyrgFZ5KSztv9RvYAv4aZfqBt5AZ0Ow+XDMmZaNT2YyUPDJmu9xExb3AsJbX1zrtRvX+tKTZ8ztivsYIDevdd7vHrXMN91005aQl5NuNzimcJ9s4IhBIyDQYNyI7LIETB/Bk9qS+ESeMJn9Cj5NZkzfScmonLtyAx/TqPde0s/lifExHHTqcwwpFV39ABnTSoYMAG45qUzjbQ1k3Tavxth4eo/ZCy3XT2uS5qoPmpAGk+5iTjRG46UJqyNkjSCVDyAJnVN6/dtPr3Xw6OdSnlJb72ClfQyQvU2sABJxIkxE7r0/kRnX5rChPdIsAicRY2JaIjMq8wTxOagxXqni/RaTJI2FjSuLmSQD1kf99wIYO/byomzmdQNJzC0kHYNXJpBUF0DTFHLICu8GiuaWicUUYv7xqSrTHGorDeHciAuo+U7CvjPq1pxaswQNP84GoTQcY64+gH/iE5/YfCvrfVK8+oXfXKtnhfRk23362scA+YW1znvwqGW76667tjCpE4Ru4ojJkpBJWeZMYEhyerxZjOZYa8zhogUXq0lajODZ+JlZ7t2KKWsnRui7QBFzB5w0VJogBqVhYtLG0fhqyz5LAGHTB7AA0W/Vi4Gd5WiOUmbqw6PYnFy0I26PIk0Vc1fWo9NmlMrtk4HJDfm1X/8Oj6WRWwOv5iP3imapP3slhZu7GrY170h093U1rpMGy+evW+vgE2sdOmLy7qfXPgbI3hrkoYceWs8+++zGpBHajYpJvQASk/Et+t1R05i+A1duFYwxHEHlkCYV0wT5CTF4mbExc22yxQMVU6bvYjLmWczpQoYYNmapjITAfk+q137Ou9392rMzL5esiFoMGvDdqZuT7cRiv2FE5mDjTCAEIrcjBqyLLrpoawu4aYLK5cvRBlJd5KIJfDQ+Wb3q0pa33nrrZurl21QmOtx9991bpoOyJw6YQ2v9+8+tdfCP3/ZR3v2UlTMOIPfee+92u6BcK7vqEUZaBTt790ZXZkvM0PcRMw1g1zli5lAndTsnUUQrzRCgkqyc2AAhXEySAlhAEJatTEwaYwJVbRSeFiKuzwDglsTGL5VE6NpRXY6zne3e21+pTwCsvQIXSX0nCXvKVfONiZtP3wttt4aO8DIBzUWipAggTcXUdE6lq0Zdi9reil1/51sCaDvun/nMST4TJG1y6PW1/ulH1+ri63fpdcYBpFSTzi9EgKR9pkMvZgLnOykNCCI1aZMYojI2+iK0jTVXeRbtiZmSzBG48sowy5yzaBxuLLQLnSSO0RubvQnaIPOnMaRdMvlI3Tb+MpEy62z41S8txL/AeAGntjn5aaA0UiZcTF7bHuLD9AqcAbdXa9KcpKDYT+Jv0BrWjlYB0D73SitXtruAe+BRALQfVNnGxLe68sor1y233HJqrB5YChO/+R9Hbmn8+j+fWjsnWeuMA0i2rhylFj7JaCOOsxth7I4HgJiaZMysEJ1xZp3tL1zsqpyYvBdtY39BGnz9eL6GB26KdtkBl6LR72m7xiNkSxvJJpbi0bwCQJI+QHHG+Ty9CyUXxq18Y69ObQBfzBojB576cEVr9TG6UK7kzr5nova/wAVQ0RDNM9B6PmOfA3eAaU3krAk0NI766gaVhBzBdpL8OoofWutrf7fWl55eq9tT3qHX/gXId/3UWj9wdBiw0KKUi4iemRFxYyK3lvTZZqFNuIgZw0t9F81yVtyBpMww13dGVOFa61/bSdnaKaLEvnbyT66WcyCBqzHUtxtD+i2QNYbq91mGr7CyhEBh3NqNwSoXaGpXKj1QuLCi9kprEa0CiOZQf9JKakNETE5YazpD1VOT2D8SZAg89UWb9h5YM7naDAU6/coLizY9RyT/xUOETpu/3/j7td54da0v/NZaXzn6YUyn2v7+BcgHL1vrh/78qHm99NJL27n0JHIvUawW3d6EnesYKUluDyKGFNaN2QBK9Kr3iF5bfI7K2Dvp/4DkXDt/oc+0guzgyjItYjIOed/ZALSB2fj63WPZYsDazIGuv0y/TKf66E/56sTgtRlT2+hz82LMLtExQcBpdo6G2cfsst9hb6M1wtyiWzF5//fn6lPRrsZVn423tRHk0Hfz7k+krnqXXnrpKnU+XykB8i17deXp1/9lrf+87bRSXvYnQN7742t9z3VrnfMre65XjvoLL7ywk8pOknomYASIefJD2O4RG4E46naFETwJmDSmgWonQPXZJRABM1CKTkk1cclzZtv0O0hbR2tF0WJqlzVk+kj3iDkzxdIUInKBtShcfXk6rRyzxl7fHorT/xzuxs5EFIWqr353jiWGbi7TlJJ3JT2Hv1E9YV5pOs1hhoZFvppfpnAgsQsPbEyz1pGGdq9wDwNN+11yySV7H8g6FQS9+dpaB/9krYNPrfWVo5+Febwm9xdAzv7Ftc799bW+4/iP6opR7rnnntUzDJNOsmXntT4RWdgyAsbgMY/0DlIvhmSaJEkjPDMpZnaFaLZ2zFWYNWKmnfqO9qk/YEyC9orphI75G727O0tESKQq5itiVjh3nogMdO7Xqt3KO2zFV8H0GD7mYzYFhv7n4DdPfljtcdAbK3BhXACnhXunKSrvIBfm7110L5C0Xj0Vq3UmoCrjnuEAz9Ss3da4uTEh21upTOvSYx9kJZ8KTnbq/O8za335ubW+9GdrZZod57U/ANJtit/3B2uddXIqNlPrueee2xi2l7QJu+tJxhlFieguOuCAssmFVV0iHeNVnv3ueX4AFkBcw1Ob7H1Oa9+lSfhH7uBtnB49QJpnNsVMhUkDcZrPHkvt9F1tSdHvs30HO/YxfX2J3Emh6T1mi5FbJ1m+tET1BDeaY7+7/zhQzbBvbTE9qyergIahkZlotRXzp0UKoXPwAay1FL723BI+Ye/90bzMyAIPpdn3VF2+4mmBZb211n/92lpv/utaXXj31b/8hiPD7y5APvixtXqy1Fnff0pz7AExOXqiWB5xINrDcXcewhlzZpTPJFuEjhFtDtae39jbrgoCCFoC87Lnq+scSnU49DFEAEki1n+mU3UzDysf4zfuGIMvVVv175KFgMTcEaauXxrCJqj3gF6/jTXgYXKmJW1h76O5TXD0f/WrZz9Eugm/pbb6H4giqM9lBbTjDpSILbKlLnAL1fOpZEkwEwmtyl111VUbWFyrdEqMtLvS4TfWev0P1/ry596lh3j2FKkP/ORaH3nitOdz9dVXb+ra4gmVxmQRNWno9sKIZ9fY/kWfJTdGIJoisy1tEnPa14jhHM7igzSBGMh9VsLItStoUPuBVGp7/7fXkhbqlSTkTDePxukWksbugFbAcrlb45LJXD+BUJBBfleM74aS2gl01RF6DqAunZumVWMA/MYietV6Mgslg4pgNQ97JjSSvZPGXeZAdwmor3xjFEghdGQh1J/xCii0TkzSuabRKJp96lOf2tZTpvfpMti3T4O896NrZUp1UvAEX1R4xfcKB7ZA119//Y505lc4DRfB2KwxTYxUmzGLfYSYtjIxa5t1DjJJG5l7EzGLE4UyZmOGmDWN0OZcRJa/JaLlfAUfKWmX5qiN3iOu3XnOfmOP+ZpLY5FQ2Tz4RvYbGpfcr9aquVVH9Cgmw+QkOyd/MjzgVKbfrWft1xb/o9+lrrh3S7u9Y+wZ/Ghtemxbr6mJmhdtxUSb2QKAy/mfEbzWnekFlLUfLfrcpdwBps8CFifIejvFvnUAOfCdax14f0u31qHCg2/n0fTd+X+71vv2ePrQMUabZCs1IecuJmACdHGBw3QSAAAPq0lEQVR1aSAxbTu3bRpKE09jMIla4JiydBFapDoxYi+LGUEwXgzgkWjTZKuMbFl2d+2IXsVUNiblVPUeg3k56xHzX3jhhRuzBYyILkXeRp/MW7a/A2E2Keu3dggBfhLpTfq3Ho07zQYEGNC4mDz2e0SjJEnSjnbbOerMrBhbVM4OfG3JgJ79Nc/8xfm8xdkfAcESoElpMJEwY+C/AUljZSI2FsGbaB0t2lC98cYb1wUXXLBzQO1EwHL6APnQb6x19i+vdaBbRHrm+OEjiWbFoMv5P/+vGvqJjGUr071XPY+Q3UxSMSF6j3nsVDsMxHyJQIViMx1igI6mJrFFaFo8p+gq2wLWh910drs9g35z42HfcfRFp9zimHZKMmaWkdx9lnXcPV4xWld+9r1M2vqLsDYgW4MAFWNMBi1kGrNz3lsH0SKbofylKU37nxMtOofBmWityZT2MngBh+M8/R4RO8CkfWg9Wg1DR6+OEBR5tPnJfKoN6fbWnQlmXARG7cqSMDcRQgGLxj1NSRkExu+OsPxXuXzHYtBTB0g3jvzgc2u954hUPt1Xz0J/7LHHttBpGiQCsGFJ/SYq6mI322Yfx1LYM0bKluW8tjiu6YxA/JYkbcTLxHJaMGL0V53ad25E6LjxtbGV8+mpUbWXDVxkS4i2NgJrTnWAypkMiCQ35gI6gBVha74BsDkVLm2zcDIQRpBpTFMwhUSw5rtwtL45wq1x403r9J2QN6ebk44uAIFxrdkMFsxxtMatxVNPPbWzodnvzKv6bF2ZxLTLjDYSGsxYJqtQswAJ7UOrqFeb1ZmRzdoXLfv4xz++PfckYed1agD57p9Z6yOPny4mtvoN+v77719PPPHExkQRiJoFkIjS901s5hW1uIgPVCQsSUMyAVkLUhsBMe3jfLpdcosjR2maASJPhWE7rdcTr9IM7VukZXKgBQR6j2Ae0db/lWOfk3bTrucE16dIE+K2BiJo1WGnq0NLkJzSPIBGOQyOeQCO1uizDABttqaSNasvPNvYtMdcbZ5To9n/YI4lBNFNlIsJLapIq04NM7VXfemjeTF9m1NtKSusbI74qTq0LD9LqL7P1XNu/+QB0rWg5//1WgfOOmWAdNDmwQcf3Gz+/hcxmcRje9MM2ZoxjegOyRfhnL7rd6HOgAFozBdM1QL3u4vclGtCwrURSQw+AoieFB1x+2Ht9Fl2cOq6WxUDQhJTzhh/wNVDtIiw5rTt7QsYa2PCBJhamBN41VcXqOxHMGlIbGZr7dXP/J4WmSZNtABOZibAto6ANCU4JuXcN6Y0yIsvvrg9v53p1Biivz2c+rXBCdw+CzbUlnGbs6ACkPh91iFM8Q7A2CgmtLxvJuvhf/gmF6kGiFI+3vOhtT7wsW+6y3081JTpeeedd25MZFBUO6nC6eXgcbxItSaXBGd/i94wuUgN6pp0sqh2mmsvxpE4iKnqTx4VvwdDdbdtfkA5UqSqvCyZwU7UOY5r/Bz5iGKPYwIDsyJi88Jk1qQ27PHwNxDZejENpbJPTUViAxYTjRBidsl+Vk5m7nS67czPuoGFtKZd5I4119otcNLzJgECUGqnsfOPal84l/8412iaYPLrprUwhQewmH99TG3CXLTeQLd9PiZACsv+8OfWas/iBF4xRPZlO52lNEO/qg8//PD2bI9e1LkNKMQmtUhPzDUjOJVJAsdkcqoQdkoVZkhAoPbr2yIl2ZhzM90kMEhnN4far+3mVugwoDi3bQOuMvNEnkhWxBNWru3GHyjdsG7uTCAOe5+BGniBhyYxF/NqDAgvONC4mXU0FkmPITCT8UUXQYTansmb+iSIpg+BHjQXYTSDEPlSjzzyyA5/TIAAbH22RgBiXOgxgd53AAJkNBpT1XrxX/mAsxyzbmrVrZ89AXLufWud86slR58ANNZ69dVX1x133LGZFXWU1LjtttvWxRdfvG0OlVz42c9+dvsNWnfbxgi7W0q0OCR4dUmJwqTAJnJCq0zGNgGAadEAZvo2MR/gBhDgnfZwPkhhwoBCqlbOjSqTkYWPbXo1Doyobc4kf4n2Mta0xQSBeU0BYj13+xSYgAZhZk2GJO3n+ja2uQdSn9njmH6uJ+3fGO0LESa9Vwc4MGNapBQhAgBI+x2DN2ZjorVYAtoxDpqM5sFHE8jWWV/qGiOzbq7rDi2PAsg5d6917j0nBIwKNeHiy27b4MQJp+YMF9lpEC2iwZoIojMd+p7EmLYgcFHDLb6L2kwQoTha2k6aRhDpIn2fP+DuKzlbJLDkPotvH6B2L7vssm0PI6ZxHr7+Z2i1z/wGczBuTDkZekotWpBz6zOwaBsBpxRkGkzzjNYBGABpDXZLUGvMnJW3NU0sWg2D7F77vgeM/qe9mDUJuI7pTh/Lb4Rh9acQA57Zp/lPAdbvgAS8gDjnai2mJqZdrdfO528AyDFuMzwWWhpMexbPPPPMpj06A9DEpHFzvkSLkqacJhtDwrS7oy7OTUTIacfHtLVR254y1Ths3PU/k8kiYsrqsdGnNKmc7NjpyFV2Oqe1e8UVV2z7FJUHkOrYqa3d3QyKOLtt3elnISS/hDaxLiQ4LTQBYszWqjKSLaNdv0+7WhuEFIYRDbKv0O/Vqy1Ro8nYGFJ7UuZnxu0cE7/kgQce2KJ7e5l4Mhf0XZkZvNFnv9vDYp4CP5ObMKaRCAXMP7X6XE802Oa6A5D3/8RaP/LiMTVHg8zBinEN7Mknn9x2tItE0RxJ4yk1GizTZQLEpA22wbCbSRT1EBCTAEnlOnLbewB1eQGpwgYWALBwpHnjpMpdpEbqGTcfgRnUnkb7GYEkpmnMjWtGitRBEOpfm9Q/DYeJZj1AazwienNdJ3GVne0hJM1GO7aWokLasD78jrkPRXtOgPAVrKPQ6m6pTTABKCvi0Ucf3XhpmjrA48I8TDoZl6CpP2boNM1rz9yAdjro6D/HhTYTFBMERwDyvh9b66P/eExwvPzyy+u+++7bNEQAaVBtijXhjle6CKFFlGcz1aZQINVtUBi/dvrf7jCG6fuI1aL5nTnjc+ZOkstdtYCH2SpP6kzHt4WcixgjSUuQwFcZu+KVTRMGyM4liJOrJ71CH5P4/Y+pMBPBYAwIvpfEBxBm1yQwKTzNUUxF+yhjLdRnrvE7+swv6938m1u0oRlZAaS8KBOpjtlI9HkRXWWLYnXzPYY1Xu3gj8ZAM8+xE4AEDQ1KQxPgTNd+l/oztUj9szZ6Z2Lqc2v/8Gu3HF4f/u1jguPpp5/ezKhi+vYr3EGV5pAAGCP3fZIYU/ElUt0xsEU3cASaKm86SpWXfUv6NJEYuMlV1mVnDiLxYfQhUTCQkbC1i9h9V9suRpAIWPtCwQhdH+X0XH755dtcpZcwQSLETMSb5og5spH5ScwsJhDBMk2T2ul3QDE3AoYwAELE7HvhUuYGrTGBCRjWWi4WBnWdkvlUl09EK2J2kaepDYEePzz//PNbXlZlZ3g/2grCEHT6IWRoEdqqsVtzwMcbU+PQUNYduGhfFgLthOYHDlupPSDSvsXtt9++cz9URZgTLWZAyGwKHNK7OXTsviYgLdliWoQ5SKAiJfXTAgrVupYHQ9ZHDIuZK8s8QMze5WkJFxsb27VxpBEwK7XMlIu5aJzqdAaBk25jMuZtzPrFrKQtKTklYesJtKQgae8zv8l6aIfZolyEZebNviYjT9AxjzBe9Vsf6y18G13kYs1QtHHzJUlfwRagmNYAendcusxebWC9fmdN9H90TwgRenPMADIFSuNjctEUU5sZK+YnLPhZ6gLRNofjAeSaa67Z7qASwjMA5xw4czFl/5OqlcPotEaSuUWf+wOiRCZDo5CUTaR2EaYFCySkcUDJ1IuApF9t9udlv4PatqAYjG0u0xfDMJVIxtqUhtJOelm5aZ0YWMIk53T6FAiOUIII5NIkMGlmTIBKY8zI1tQW/c9HmKYdn21KzeaFmadpYg8DfbybWzQhmaepJ5xtXjTHNOPmvKJn5lWWCWExtRqNwuxzBVM81ndMIWs06Ui4+A0/oT1QTSE0+YRQqDxBtydAYsSbb755Ox/Rxk4OsAzTJARzJ8L053l9dZz5UweYqbI0h9N6Fh9DkTpzQgbIZudMz+t0Ymp7ECZXG/1PGmF046AlMH6fJb01HiZQY6Lm2ffMlICRmcVRr2xtxEwk525GIS0RD7PREL1PoQJAUxhUxlhocyYiBt3t8DPDps+DMeeYoom1ixn7HDNHz+ZHO/KVard1bn2ndqUVMSEeQYd4K6H7+OOP75zWnGaTyOfUYJOxp6mlD2NAH2tnjScQaRFtivbNSBgfZ08NkkPeBdH5EoEDAESnZvSpBuwtNLEGyKGrPAkIwQHJ2QqMz5GsLbYkwlHJAEnieYSZ28rrh/nEzp3MPaNVCIYo7HsBBgxM+jYvEsV4aq/HIAeIJByAOxs/fQ8MiyAYloQlPZXrnX9E2u8GKJBP+3xKRVKVdLRu05yzPvrnIEcf5+6jrSdRYfDaaG0AhSAiEKYGM04akBnXDYyd7SFMprACOmVFNis7x4yOUxDpB4Nra1oNBCCBMU1WWn6aeTsapMaKVJWvj0hu2HMhsyiBRfUew859DRLVoZ4G0cDc8dQCu6Nq2s716+IFkmJGmyykk3SOyvbehElBzM+BU29KH/9j5sbk9B7CxhSyfadGiWhl7pYeTXNUJ4BYO4uNkfSHeNPhnf1hdL9PO50jjwlpHAJoAqA1EBYm1Wno1qn5ECqYJPNVYMQmoQTQ6XyT1FP7Tc1h/bXLhO772i27Ig0yJfvU/ISIPZHmySdhYs0+CAAaY6711KD4FWAAdAqSCeoNfIcOHTocmsujKttyIosz3cJZUKaKzhqUU13VbQLMnqkd+AYcbfXmYovZTydahIWDJpIWk8qZ6iwHB2uCZLeqxXxscG22EElKi1Nbjbd52PxCmOZtXp2H58DSnJIEEY1UQ4RJDBETDDQZfgJjxx5++4aSKTWnr4RBMMB02qcUFTgg/a1dpjTNzverfSFsJt7kkfqsH5oXPXczWnXdmlI2b6FeWkAu1TSNa8dRAW3t1nrT55gabQISHaaDD5i7te7UaATcgU9+8pOHSxcn5W3x+1xBkQ3/WwwTTKJXhjPYgjrRNyNFtc1Zr65wojL2QfSNkA2cM8g2ro7LmSXT1T/VDBzzzAcJWnvTka+siw9IptqpLqnX2Cxs44spysvqhKBwb+8Ag8FJsOk7MK+MEVBoiFl22sbANs02Ulo/PiN2oJuCYvoiNI85yuKdTrz51P5Md2GaAq8xsySmyYVJo3cCJx8koYyRE3SCLARc807wuiNrWi80xFxHAmCa5xPQhADesj5TEGlvCpP/A/iaqlZmbBvxAAAAAElFTkSuQmCC',63);
INSERT INTO "attachment" VALUES (6,'data:image/png;base64,iVBORw0KGgoAAAANSUhEUgAAAMgAAADICAYAAACtWK6eAAAAAXNSR0IArs4c6QAAIABJREFUeF6MvQl0XdlZJvqd4c6D7pUsyZJseZJlu+waXakklbmSwOt0IIHQkEA3dK/3unnd/Uh4AXoBzdT9HouGkNAJQwIhzIHAgg4QAnRCr0BIQlWlXC67PMmDbEuyZunO8xne+vd8zr2V9VRLZUn33nP22fsfvv/7//1v6wfefSEEAIv+J77oD5HfY3+w6EX5KSvkP8s/hhb/sPxMyH+IXEK9bn42dnM1KvYD/5KDkn8y70N3oHvL9xkfU+MRo6ChsmHRF/1r89/NZx51z3zZx+LTPoKBBd/TA6LP5gouzj1WxvhEBkHoYfNBDUtXm6hWPNh2CNsJ4Tj0LxAGNryBBcsKMXckgyPHyyiV0wj8Pq6+vI6ll3uwrQTcpA/bsWBbDiy4bIBs7AEfXRCEqO352FlOwuvZfEmML/mc/Ln4ZA1PnVwv/po14n38pnKyzBuI64o11hMaF6CIQBiLKUZjypMYpRyHvKsVWTT1OHrM7CHNp6M1DUeIjH5e/qL5bCSn9Bl6D5dN6/3vvhCGIV8sKV1qGoVUR+RQS5t4e/QG/KpSAg1liS1e/DJDv0ck1FQSQ7pDwE4AtgX4XoggoOeI3og9sFxgtRDxwWjR0cIUf0+IA/Me5s+FXEEC/tym3CRSFqZnkzhybAzFsRQ6nS7u3ali6VIbnh/ATQJuImBCz8dkY9ADEkkbR05mMDWdxj/90wvYXs0gZU/BSQCpNOC4DlzXFoZGP4/nBahuB9i7n4I/IAXhAmEaI2675BppwYoLU/xTQ9eIqp5xD7ne8g1KxPhIIsLP11ErohQ5w1CqCTUWKyJP/L1qfErIpSEWAq4ULaqPej6GzIl4Y9QbWO9/94uhmlhDAZUloWckCVQmVwxOGOwhgWLPJQZLGkwPx7TRkNwhgyImWRmB6CBjdhGOG6I862PySB/J7ACe56HbAhp7LqrraQzaSXO4Uu/VuLSli2kTs85izGq6+ITTHM2f8zF5KITvWwj8yJSoIQZBgHQOOHaiiLnDRSRTQLXSwrWXqthYGyBEgERKKIpts/kh4fYGIdyUh/v3VpFLHoRjp9k1k2n6tuG4NmybrwpZgcAP4Hkh9jeAyloSoc+fRQmfsQ5cSKWLNAza0DRrL6MsOPvTsGUxvY000/wW+r1R5Yy6dFONIsqqDLV2CBFlkL+E0toLL2D4z+HH0gbb9JMkl+a00HNK5yAlwzIhFnvzSJyhLaV8feRCxJ28eDN3dfrC0Qc2HidubUzXLq6VSIZYfPUAM8dspFIOOh0fjXoXzVoP7baHdjNEfTOP3n6OCYz2zMKbmebHMAjRiRptaY881kZpykYYuExBlB0TJsb3fJCCBAEYlCpNJHDmXAkTB3IIQx8b6zVce6mO6h55kxBuMoDjAo7NvcOgD3TbAYNf3KsDjkPKZMNNWLAdOwID+/0Aew8sVNeTgIBdhjUYttQRix4TLIvuqSEJnzxtVJVcmuhphEdm80iPw+ZWX0CvORfWmJ1W2iAdiOn0YwsZgYIcd4qFZJ6FmzOpp0PeSg0rZFA1Ku+m0onVJQ/Cl1oKsR78qEnRSmRqUtQeyMmNTrgx22LiuIUx45Wor+APqT0QTfyppwKcfSqNQjGHfr+PRr2D3Z02KrsddNoDtDs+Oo0Qnd0x+C2uJGqxDS8YvZO5XKNWna91aa6FudN92GEeYaCtDV2L4A5ZdTaTZIkC8jQBg09HT2ZxbKGMQiGJbq+HO0tVLN9oo9sLkUj6gO0xBWIKENrod214fZt5bte14DjkQSxYts3gpBxtp+1jf81BfZs8Zky4lcjx54kaKL3Whprzh2TyK66lvIf4m7FYCroqnBmVB2WZRk6nEGK9MPyZTAM5YhwS6cQWVXxWo5yI8kWMLt1EvBqRhajXU1ECvV0qiEThkcdkHmWEVsXdaPxBxUTLueMITShePD4xV8iw6FwxjLgLwNTREE++NYWjJw4wKanXm6jst7C12UBlr41eN0S75aHT8tFrJBA0JoDQNQgDebOoeoxYQ2U6lUUiEbMDHHqkimI5icBPsgVlEMkL4fm+QJJkmfhiURDtB/yhCkUHC2eKOHxkjHm+SqWBm9dquHezCz/w4CY9FnM4BKNs8lIUn1iwbYo/HAavbPq7sp8h2k0feysuWvtJw2JqKKNsjxmtD8GlmJU3guFvhBIiECtm42Kqoqy0JkJ0EByHT1FFiRlMAQkiiMSE7yZkUg7SCLylI1ADjIYO2rAL30fD/IF3XWDmQlsYHQGxwQ7FGpoJMdXe/LxUThZ/qIHGvYNYPuGKo0QJ/VH5aW4BLQvn3mjjzON5HDt+EK1mB3t7FWxt1bG13kKj3kO366PXDdBu+Bi0HQTNEuwwE9MzM8IbsQDseWX0LYYv5pHGaLsBJo+3URi34LguE1qKBcgD0BMxfRDxFvMihLdCzjjRM8wcTuHk6TKmDuYQYoD11RouX6ihsuvDTgzguAHzGhaju4DAI+Vw4bJ7icm0SPmAVt3D7t00ek32gvrSSm26T20cTAurfzbMxJDFEEIWU7QIXlfeJsqGaQGI+irlqSLQLnpjCbekvY2bNe7FTFZCwLcIzIuvsYTa/O9a2SLWmb8mPQh7k7hTfHI5pBJwQlzDJEXUlaSLlPFgBNxpL0T3iiqkgABsosS9Yu6P3uEmQjzyFhfzCxnMHiqh0WhhZ6uKjfUmGtUeOkI5iH5t1AbotyyE7SJc5MVM8EfmAiH/rwNwGYjrmTEmViyCkg8rRCrvY+JIB/kxG55Pn6aA2wzcBdtCnpMpCFcSwr3Edh1ZyOLEYgmlUhqdTgfLt6q4fqnJYio35TMigqhhBC5sJOA4pCRaEeh6zaqPnTtpDBjFOwyR9ROYVlQEpiaxJYR7CMKIB+JWXbJ2hqwIb8RpUXk3GfiafiTOEsYVV8Z8EmVITiGmtEq2tBFS8IDdzjBs0qgNeTdTCQ0Cif3ZQDniWozmlVquJ8i4uoJLhoYp4z9MqUXwnxlSRowD9xD8T+IT2uvyMMsKYUlLDKJCgUfeZKNQdlEcd9Cot7G/10GrPkCv66Pf9+B5wMREDlvrbew9COC1M0i7QkEkWpN+PjpQZkm4fTZ5clOKxPML6MeMigMUp7rIT3WRSpGFd43Pi2ejNWPfWlHCMIDvA6VxB4tnx3BofgyO4+HFizdw5XkfNnJIpCl+oSDdYXkQ27LgJMibUNKGlC1AdSdgHiTwaCYjs2myDHHDG2NuIkyGNvjCs4+ijvlEGXPDfjcYoYg3G84vRWOEOMzRkE8G4AqRmE9iGuCh2DIaU0QZOXGRuJc0n0chhpDnQbTzNaGW1up4hs5UC26PSZiFLkuXyeZPeAfmT8X11MBiEyGFU5hw/nZpMcmaWjj7egvZYshp3d4AffIaPYJV4t+Oj0w6hWY1QG0ngOVnkHQ4XcrFezS8Um52aNL0itAzkkpHsLeYSEroZSc6KM324bopOBZP6ildFAtIisECeBJwP2RwjFiq8pSLA9PAxQtX0a1PwkERrhsimbGRTNrsPYzipaA9wWMqinuq2xZ27yZjjJAUAEPwInMe9Z4mPWPMkqK22SpZQsQMmjM6Z3JxY+wUG4IZkHMTZLh0k2YUymnQ0FHczd4bJxBUzKIW2ci9KNgnb2vECyp+ML2ZCZHESlOQzj2p9BD8IYZ5KfkXPcHS4vKPKkfEJ1dSu4qNMNywMiEGuDcWUTtnDb/o8vPnAozPUt4gQG8wQL9DniPgCkLfbQteL0SnFWDQsZCws3CdBHsW/XgctypwpeaE3zX+3Cb7w/U8ygip6bWARK6P0uEWsnkHDnkTxncafL5SFK48HHLxeML3iYFrw0FeQE1iuCyRAwFch6fRWSziENPlY3/dRmUtxZK85uppMdSxg17fOOGu323CNK3gBr5UNkZ625ij0hjUIEbMRCL/mY1FpRQEdCACUNlR6Q2lgZVjVGZOxZUyNJA5DAmVtdfgjGLEQRhEUQQ1mYsldSAKsYbdoSn4KtmnLEkMp6hlksImjAKbWDH9Uqsl3aaNtOFDojjRBsfYqYyFY48ROusLxQgwYB6ElCRAvx2g2wnQa4fwB0A6kWecvFRgqdpqVNw8sl+1UkoLLHC3Mb6IskhcHhk/5T8CpMZ6KM11kc64sC2XQ0VxA2lLmEiTJyBqmCmLxWATxVCkOOSSOb1L8RdRvXw8pHTEavU6AXZXHTS2EyrvoO24+VQxgybnn9ZDeoaRSj/KYMaNp35PlP43R2JaaKEEipKWyidWwLilJgC0LJnEOkdYxqrFcivcQQiobsbxQvDZp03Pqn6OmhpO88oX4xDjFe2ltrXMEohMu7x03ANE+VopKaTVkraUIis/KYRWqD1BLYpJSFEypQAThwcIEKLf66PfBodZHaEolGjrhnDtFCzbJV5JJZK0OotSDwP3McpWBZuiZEV6F3o+Q5XkdcxFMo0nXdZO+CjMNlEYD5BIJGDBEQ8p1IyUQigJWVRGdjFvwmliBulsDsFYaQrRvHyQLLHY64TYuZtEp07XHVq4iNpyGCLNs6xq0F7HzH7zBxXXGyXnQihHBvQKlYsPqrhErCu7LIdAkpCJeFhtm7hIm+9THsbM92gFkwoaYVClx1aPZAi6aaDZ+4wg2FAoHoOoyTPggBH26UKxGExSni82ATGrqjSdPk4PKuhKbkVl+YTJTPALS3WxGVTR+D+Z95Et95j17fU8DHoBs6idZoBB34NrJcX7SQQDfSW6oHgECX94KQyPdyQtzS21oeax37VNjCqyHLCpLG52gOJME/lyCNdKCzwfZQVljoj9S8ohIQjFHURWWDwOYQCPrSNXEEbxtslFyrEaECT6p6EVift+fvW45xGSxc2xUXJi+lsz7jAFUCiDgusKi0SSlnpghuU2LbvSIClj4hkj0FjHFvGqjSHbIZXWYOWktEW9Fp8N7UEiUWV0PjUNPMJYmQsRD6qU3R21HDFCQL1XK4YM70zhZViTWZMAljuAF3C4Neh5HK6QJQ4DBPAQhKJgioSMCZsIOC3KSNtMWIkVovtwRdE/R5RFaJVJZ0axrnQOpuCYfwuRnWiheLCPVIbuTWwXV0hlxxni4rArUKU5fN4oJaL0lbsDtGvA7r00vJ6j/PwwXc/HoBdeWbSIrdbBeSzDHcsHDSsQl+Th1R2eBy2oMog2YYspb1GgqGHxaOXTaieezUzcSc8wZB7kvAiDID3bECVMmfR3CYj1ChdhE6zyJNL1GvUvwiVLnE0yadlm0BidPin+KiAcShRpxZEsFvdgPEglBVBwxPfh+R68wIPvefD8PjxvwAJe8hwBFUzRhNkBy0jzbLQF23WYVWbKQaXkDIvzDDb/Wfw75EU4xSpj77gnMa2VVCYzf+AkAuQmWyhOD5BwE0xR+GfMeiJGKSivoJU6KjiNfQt79zjFq6GtWWynKxFGES5Rj2EKTNQ7RC1wHMpFrKMhQRKySOJQlq4Y8qN5Re54jcBZwiv+lvg94uooVUiWqZtS/gp+0sxiCMMcp7MVjKZiRQUnxEyPtvdRZ6imka8gA5XJlIVv/pdZ/ONfb6GynuPQha29gEcR1xmdbGZNRaJQE2LcyjOBlR6bUaTcyvoDUpAB/x70+XfQhx9QhS9VE/oI7YAJPTE/FPTarCrWEfssONPEFYUrBXkW+TNfN85ESSXizkQ/j7a5wiWL95JRoZhBGPwI5nZSA5QO15Et2nCdpPBgXBi4MRIYnREMdAVRpGhsSajtWKis0B4SieeHLRzXOyOvE4FRWr0jSmDcg+mpGI9WKK14JiiLeAiFNbmiR5kivR1Cz5j2cxH2icljLOZQXo1LYAQWGfKVTDp45jtzuHJpGauXywJbx1eLK6bOgUlDod8nyt3NiF5OnLZLI52LtK60AAGJsI2pQym894dS+MSH/x5rlyeRz5eYALBCO6kt0rlLyVEX54rG9qWEUiCEcDIF5Jw6gyBMKKjq1YdPHsQfYNDvY+B1uRcJyIt4ALkzm+CVzRWEFCNBFCyvcWLFgUohoorCoI1QfgbPlCXTMZNWav4Q8j3R+EVLJTMAqtowQLpAtHAbmWwCFoNdpiHVmJwrm82hF023b6G6ZaO2nuJJSOIhRGWOZlyMMckYYsRCaiE1YgCj1kAFbepl/sNwfbZQcGHdRHSm+YMYXNND0YLOPYlRmS/GIWGUVJ6IYilrLq5DS267KBay+K4fzOELf/d3eO6vMihkp5CgHJUrZYsTH5F9EYbNlkG/VpCIgzSrPcWNFcySEk6zZGPh4QSmj/eZwNJCL5xzcemlZbTrSaTcLKq7Hm5+PYXQJyGQG4XkxqY4VpWKJC0fh1YKYomsNCXZlIIElEEXSjLoMQXxPfIiPoNZpCDEBrGdeaQUqvCPFIR26kk49Q0UREEtPu54AC8kRsUUUrFMeTRhjsl+JbI9HDxTRcKhjL+x4UvALp1oE3NlcQq7up5AfTuh1lcKzZC1HsFwjTZ9JpQZZRL16+a9lGGQLj4e/Kq4VPsgDQekxZZeOboDULNro/NyXPu4VNM6zh5N4sTjJAMByIMcP5PG3Xv3sLsRIJWg6u8Al//Bht/LCkTADZY5Hxo9iXv+4HsuhGSRIlBPUj3MvRuAy3BhTJRDF4+9OYFWeJ/FHeXxHJ589Qz+5vPPot3iwWij6uHWCyHyqUNIJFLcihONxQSNs1MRe2R4Jj5B0hbxPRKySpZRo7RpyKfg3GMKQbGHNxjARx9h4CNgppVbV/omwbUIZrGsNCkHVxqZX5DBuhyXVGjNSmlPYgbYCn4ZchVRIlE6w5lLyc1LqBJgYmGflc/YSAlIyUvmo+SiXodBL8T+agKt/YR5R/UzU5IInDW90YgqEWG5ufnWCMIUFrXnQsFAI8kroBAHBdoqR6G6VnCmKhJOS70RcqZjU4mptUEmhs8IC8ULnOVD6ODRp/Nou7cYtM4X0njqtfP42teew9ZmF66TZamAG19vIuEtIJPOM2jNILXYiBb1oWKMP/cznwr375xEr5kfIgQEqRJ5aDMlSSUVYc/F7u4Ger0eDh8v4P/6xUP4pZ/9LF78ux4KhQk4YQapQhLlsSkkkxmmIJpGjUEXWZ6i9oeL4JlwopgclYFm0CKAH/pMUQIGqwJWOh6EFKT7jMmiK5CicAWRismDdJpsqnNibBZ3DQIoca+lmSwpQaSkRAq02WtJp8A5awO3mz5RKQn9UfD4klaWdCTd0skMMHtuF65VgBUSn8sThfyudH2i5ihnxKW+1wb27ifRbVCeR1phaX2HMb8WXAOzszlVE63zJPHgWXkgqXGGNVc4REi5qp2TY38lTyREMUbQmCwc/yS/Z0RwFQ4zQBqtVejACdLY2VtHt9tAqZjHv/+54/jbL/xP/NXvPkAmcQCJZIZVIoyX55BO5UWdG1cQfTftK9jfPvKhj4ahl8DO8gLau3yfxfCX6X650BLEYULGAkj6L4GJA2k8/i27+PQnv4zagzIOTMwjmSCloEEIbVVCKIYksrnmsCQDJPeE8KJFuUC0V4JqmrgcUTk5lZoTY0V7L4jaZb8z70E/U+5AWFQRXkvlYPZc7OaTU0TeJTIWMV7P76DSuYyd1gto9TaYsE5mz+PoxDvgOCkxwVo9JHvFYwODXVKm3Qx2gdKRKsoHfbh2lhtyehb0+e5EEDzlDBq9RtuLt24n4fd4Sbzy/soXG0lAw5OYomYGwxKnaatueBzDh0vrPpQklOJl5EqEUzHgqAFkjHjEjCe4IkuNjyMXA6SacI7pJp9Lm4wLGbvQQS6TxePvaODvv/wV3HwuxOSBE0glc3Adqm7gxtE01FK84h7K+qUPfTQkoRj0U9i8chb9VnaUhig/p3VNB1TshrDhIoNWu4KVrZcxVpxENltCIpHkKsQ3M3BVctOMjm12qshnx7QPZT9JlynZDgG0BMvF3iECU2ZdWIkBh1vsP1YQKJSGJ0WUAGmoJEgNE8KJmVFeQ8DMIOyjFnwNrfAqKvV1NJs19Po97kgDIOPM4dTB96GUPQGHsveqWDOmLJFZHY4C3PQAcw/vI5UcY6PyBsDeA8DJtpErUkY9ybwdedJW1WZZdL4PfdiiReDLSIsXtcym1xO+QK2VSX/KR1AyoJ2KmQXUZeNReswI2HUSUfo/7TGkLYw9lxm8Kxhu2E1ZCcGkjWQxiX6/g7sbLyGdzqOYnxQQX8J6oSByn3/MY7F1pBqu//6LH2Pmle5Z2xrH3tKZ6JSKSTAJMhk0myXp8gHpfX5IDJLY9xFTSXq9kJjEg90lrK+u4NTZx4ziQe3ohlkvDnlU0WHIa5dkwMcVgwfvTGHYv7LMJGoRZROCaJwgzZfmq2g0td5V3Nr5DJuTRNJBcSyDemMf1eoep2WZL3FRSp/B4tR7UczMxUCBDuojCVeTsRKSN3Gsgok52nZLezwsbN520KnbSFIR5KEW0lkbnf08KhsuBl0tHJF4SOF7w7lEAmUOWvRTckvN4xYu+qpiVkWgGkFIu246LnY1UboR2TYQd29Clsx7qQU1i4/VeE1DMjohGSE/ZJ0Vg1xcXliPABDtKdeBP2fcREWfR8dS1i/94sdUHsT3LKy+8CSCAZVqxA27sBuxauShZA7jIXlJBHvNFiXmgpUh7Q72srh9/QZ6/Q7OveUUw9tSAQ27q72W5PMNLCEhlizT4JVNnOaSXiWUEIv9PZbcVP5cTJisLpWbgERh4O3dP8Fe66I2cIGFsfEcLNvDfmUbnU6bvcZ1NYmFyW/DzNhrkHJLCtuazsNce0bfCvxLz0P1W4cf30M6mcegk8TmbRftukZQlhOwHYY6PtGeQDM+hk02K2bFIEaxXFJFImse2xkQhV/mfaNWXDpsLYCjvJzhs4byGlxdtbsxBFFCK0kmsMvEMGbEUw/fe5RH1HeIukT2LBSDSCxGeH7thfPwiAYzZitSz2QCXm5vNEo1lEcvkzQNsuYJ8HazuPPSLfTRxtm3nlS4U8IWbsmENRPMCPuLzKYzjMWtHlcKeTcRmAjYJcAXf1m5HvO9RlGictGiNF7UZ11a/zA6/V0+GlUaQpW23JuE6GNre4NBRu4KLWQTB3F0/J2YLT+tMfgIOTGRgnwGqtuaOt5F0M9j62YWrZpoV2LKVMSyD9vCuDXU3j0a8HJ/HU/8xQRSzO/wXbhJi8ct3O6IvJWQDT1001uJ2EHIUETMjc9LOGcqsYpbDNhlxkXco0XRZ3ROoh40DlLNjzIFkVPSbqSwc+VJ1jBAm8xoGUREQU01iuVcpO5EvTsfpreTxvKl21xBnjnJrKjpQ4Yni5tCm7lNHqxq5dCFf3r5uVAxd8/2SmivwgkG6TX4daU9lDSv1Hkv6ODC6s8y2JYvZhmF3G5zBotH0haSKRel8Rwq1V00GjX4tFWQ3dvCgexjWJz+DuQzszqSNhPbI2STylGmzuwg9JOo3Cuh3x5V8Ry3sIKB40VqAi5xAZHCJOfGNEJRbyKhF1cbww8Zxkp3O+G34jOnYhJxNxP2qHso+TDmW0EuEz9wcYz6Bc3MKeUw2TalKHErMgpIyecTrw3BOW0g2Ng//Au/xIIFglfbN0+hX50SdoXz9drymu7HVBNT/8QAjXFKYdasiQN/J4M7Ly2hbxHEOqmgCL+fEQOwyksdpEdYLTYpepsnVwM549yTsJExilQstxGwx+MB0wtJLN4erOKl1V9lH37k8TPwqc4rCHH9ym2+X9zI0WRyKeTzSWzvbqLVaiqE4Np5TOeexuLMt8MVuxuV0RZ1XRIuyrWigD0cOAh8m0+/kaYyhZd7Rk04SMFUAirjArlhSEAuaoVK+1Vq2ynOhI0QSdMia2NpKpH8mBzcKwlcxB5H7au6c2zrdkTgddm7Ft2Ye1C/moodhUtmnGVWHkRVUZfBqPf/wn/7cNjr9rGzOYDVOoVkOAOvl4Y/oCTUKA00lEBVSxpKwn0se5boYwjdDy14e1ncuXQTA3Tw0DMnVM2Snj0zhNSTx3MCIk0gLKW6s7FhRnkSJXnC4wiYJcCBup383fQsxMxtNp7Fne2/ZL2tJqdLuHP7PuaPzOLI0XncWlpGrdZQLVvpnrYVojxRZOxJpbKPPnWCE54sZU8ytmuycBaum47MrIn+IgbNzN+qeGLEzBpKFF8xqUMsQkoFKM30MXWiBfJUD67msbuaFgG7tNxRkkLKgPLwbP618Kk5M3wVf+YoicDHEW0swZ9EQmktQ+zqI+InHmmL0hrNB8ekNJp1l6G9JNo1ghieR2kI+NDFJ//D9/9gSHi6VBrD2FgRCTeDoJdFc6+EytoUvC7vuSRhSMR3SGZA8t9qVsRkGIV9cjjMW5GCvHQT/bCDs29dUCUa/DJRLaanZyUioYNWv450ksoEzNxC1EIRHIpqpwjcVfc9eX29YBFWRT5gCCzv/Q9sVF/AWDnPko/7e/ustoyo65nZScwemsblS9fRIdhlB4wWpP/S6RSyuTQGgy62t7d0I2S4GMucwokD78aB4hleji8mRgmKSUvH2FAdiMeqdpWI8IupBY4IWYjTT/eRHW8xenrQD9FpOrj/YoF1RTFDS2kwTEMy7AdMYKqFWwu29ktcDeL9AKKwSToxaSB07GFCOF08qQxBRGEMeMYuIOC0QdBIr8v1SxeHGsseJaf/2//7C2E2m4XtGMVy4i2+l8Te8ixqmxMIPJ61VU4sChIjERHbKWiYRa1cDOXD3+EepIcOzj2zIDZQSVtn4jM+7HJmCvv1Ldy88yJOLZ5XZelyCfStogslKWBuBU27ID5pVNyqCZIrHHq4tvXbqDbu4fDRg3iwvsp2MDpOgm1Yoqslky4ef/IsHqxtYmtrHYPBQNhJHuMUCnlkMmns7G4xtks2baCk6pHxt2N+/O1IJ6nSlHtdHfRqZCvzKhpmmRbSEAjxAEPLIp7cTQCPPNOHneyh3/XQH4Tod0LU1nPYX+UeTUcH2vsLORKsvYhHOXY1bKW00xFcQdL4AAAgAElEQVQJMV7X6mU4FkV8xAkUJgmGx9ReMQ6bRnNYHMTIKl3to/Qaa8pXVvNGgnq6jdjYZ330wx8NKQnliPwJ7Y1mj8lKrfnmpE6tgN078+jUqZWnsQTsR14opmGNnDs55UYsI/jpwXYWy5dvwrO6eOgtJ/hcS88h9cSYIaddxPLSEirbe3j4LWfhpngG2bQC2l4ZixEJxg2qV1xbBa5yQZgU8riGyklefvAbCLw63vfIe+B1evjre1/AbnffqALl75+cKuPw/DTW19exsrKGhEudRviyUi+rXC4PN+Fge3tDKBGHCWl3CvPjb8XRA9/EFUTI3Ki4gxMOXAANgBOxgnplouCWIFG6EODcW4hpG6DdHKDb8dBph+i2XNTvF+ENaE5lNTXgpn1MHG2xGGX3PpUh6X5a2pSZZS1RQkAZUnPEEp5JDBVTMqV06nUN06Q0RQkAmn4uCCr+ihXVsnWQEFSyY2IutYqbCsx/lq9Zv/jzvxQmkwletCcmX3IhvIaaW7ZBL4EHLy+gW6f6o5i1j5gt45dhhWdX87YzuHP5Fo9B3npCCTofGB+a9gVAWMth+cU7qLcreORtp+CkaKxmwZvx7pgJjfiNWLdiLnRC4MzethbQGezh8uqv4x2H34T3nnwPG1PX6+AP7/wpnt18Dk2vqZOSbGOWj3MPn2LB++1bd9Bui2y7mMFUKonx8XHsV/bQbNVZBbJgEVBKn8Lpg/8ShcwMK9U2N6ipxFucQhcrqAUxysYZ5ptdr3wwxKmn+xj0ffR7A9SrpCC0j99Cp5JCf7/I1iFXslCY7GLqWIu1U63vW9i8VoLX491hooLPFZZbbLMZtIkZtLRI9eaQVtenRRVbr37ci7AnFGU4Ov8cRxzamw15K276I88hawulIsWTrtbP/j8/H1IvqaRLu9v4/giGzhnDwky7mmtSkpUXz8DrUGCneCIxA+aKjXL0/G1MQXZyuHNpSQTpC2qHntJjEdsor1TL486Lt9FoV/HwNy0yayyvZk6/nlAxSXzlBNzTJSem8MifuTPUfr3Ze4BLq7+Gj77uF3AgLWAQe4AQ95sr+PPlz+PZrWd5eUswECUuPnL5NA4fmkU+n8PFi5dYvkTOIU0+wdlMNoN6rYp6o8aNQRjCsbI4kH0cp2ffh3SiKLaZm5uF9KhNOBS1ukK4CHMbnVvp/XOnBpg/56HbJsW00Gj0UNnz0G+HzJOkwwmce1UeuYkuqtU6Ou0+Wq0AzYaPxkYW/UrZOEOGr6RGE9IMyVXRZsl8l37VKKyUG8TUikYhpJJD02JKijcWY42ihUzAo33vK8+lllx+Q+snfuy/hPl8FslkEgmXNhMRXBJ5EOaS+H5uQbFj5+4B7C8fMzhwnbY3p00NjMmlbr9Cv3nbOdy+dAOe3cNZglgqRtS7uxQxQEOo5LF8USjI2xfhJIUHMbInWlG0u4x6I3pgjWb5+PjvQ1uKEaLSXsL9zT/Dx9/wESbkZlKPFwsE+NLGl/GXy5/DenMdXtCDzNxbCDB9cAqLi4u4cvkK2t2O6hNGdyRvPTExwbrTV6u77F85joQ9jtPT343JsbNIOBLSxhdU+NqRm5CkRZcRPve0Z9/oIX/AQ6/tsUYXtHdnbaUF+A5mD+Vx6FgGlWoTnZbH6trqNeqcT8dJ0GcouXuQVQpEzwoxcy5Rr6EgkYLhw2ZJrYaEXnwWosZPQF4OqbWxNhkx+SlVBxdTXSaXQpYVUmXG32yTqsyxKMYVpVI//RM/G1KwSe+n6mdK2tF+aerg59LeCcfhxYFhiF5ngPWrixg0DopzwEyCfpTXiOI5uQXU38vh5oXr8J0+zr7luFCQV1A0erp6Hncu3EajU8XDpCAJ7tkEN8Ixo1E6bY5EGx4T+unsO1sQo2+VXKMHtS8j2b+N//rUj/MG1JFchIi9LBuVXhVfWvsSPnPzj9H26tygsHWkxm8JzMzM4ujRI7j00iV0ul1W7i+CLhDsyuZyCAIPW5vrAkvzriWF1HGcnP42TBYe5jVl4kt7DyUWkVc0DDIQth3iqW+hfTID9AlW9T22/TibT7IOjoHvYzAIWU8un45xCAMMvAC7W2123kqv6cPvZuD0p0W3Sw208hN9pIt0DBxnF3U2SpgnVk09wt8wS6FhVuRphDCbHoE7d5MkkDMSg0ymHooljwN3DizM81AkrDf2YwrvZP3KRz8REvvC7m1Z6PcHaLW6aDVD+J0y/F6GZdbDQQZ+twQ3ODBszkYMSnmTiN7wgJ5YrJsXhYIQiyUSWia+jdgbE2IxDxLNh5jvpY6G1PZnfW8ZY4UD7PgyGa8MJYWiUqcuQz2srm/+Lp4an8f3Ln4HMxzaPZMCmP6e78i631jBb7/8Kby0exE9v8s7sYvAO5lI4Pz5J1GpVLCxSXtn+mqzGF0rly0gm81gv7KLdrvFizCZGrmYG3sLC+Kz6UmjFWtUORRNzYZlWmD+cyoHvOqdfeYdaNNQfzBg25aJmuZnIHKDw7rBiHNNSIGqlR4qO320Gx47ASs5OAwnzLLDfwoTPqaODZAp+ti4mcTWMt+8pZZbCeBwjDDsS+LxpCGwun8F/5i4wShZMUyCrpYQ82GOYpQBFTbNKCcSZuxXPvZbYS6bQKfTY/VEEqDQGnm9FFo7k6iuzsCnIjkZshtcvSB+9IUjWNGYCvoM21tkw9/O4uZL1+HbfZx9hscg6mMS+phWXSpIp4JzbzsFlxREpTOoL7Dm8RMWVdvu4d79a5ifP4VsPm9w0ybDNmqZtDG+sPoh/OsT78EbZl8jFoZK9mn8AVzW3IszgaTyvPOWhV7Qx4vbL+K3L30K91vLqiEEKQuV+09OTuLokaPYr+zj3t37SCRlUSi1FE0gl8sglUxic2sD/X5PDTBlT2Cu/BYcn/zfGM2srKlMZgk+n3s5AVMNiZg+6uPEq+iYOo9Ru6QgrEUSjZ73xeCyx5AC32tD38TAPVhpoFmlPsgBLC+HhYUjOH7OQtdvo98L0a6HWLuWQqvC91hIqx/3dBGhNJ258hZS/qO73flfJbowGKkYFSzfpyRpBDCQATp/WIFuzE2UkchKvP7hX/jdkJoeUAWp41Kw2WEbkuSz0vi7jTx2bh1Br0FHiXFrE+WZtLBFXmFSH62iZXmQ7SyWDA/CvZe44gikZjXyuP2CgFhvEx7EkG+d0LKAXgKr19aws72BxacWUCjTmOOK8crjJ8UbBC28tPIh/Ohj/zdOlU4KKBfCHjSAzjoS+cN8fws1UqDqZKYsfMcfkRzkQT5z44/wt8ufx15vHw7bD8+2NLLNOidPLmBsrITlO8totdt8p6NY8GQqhXKphGazjlq9ytkuYTmLqZM4dfA7UcodZ2yXFgo9GTpzrGOrxVd7KM/10W0F6Pd8eAPaFckTm3Ip5fzLZCdB6mwugVajz6BWPp/BqYcmkM7ZqNV6GHRcNOo+WhVg926Wn4hldkQxiv6j+ZXhJGfc55mBvba3Gq5HlE8aa6Y75mG0atqiZLKpnEM2UhRZqt2cgPXj/+5LoTtxB25iAAzKsIIMMuO7SCQ80RSZdgKG8Psu9u/Pobp20NhiaiqGbNvDRxAh2yJukXuQpYtXtQehxsyKUKY3R7WEaF6KQVrdOs6+7ST3IJEvQ+C7Sdx/eQ1721tYfPo48mXefoi7KC0QyoqwyVBglb233rmLe9t/gJ8+/58xk6PglHsO794fo1+9hvb4UyhMvpbtTsukMgiZopAnkdtiefH9WmMVn77xaXzp7t/BdrkVIGWhfwv5Ao4cOYqxsTFcuHBBNZDgJSs2MpkMsrksGvUqqrWqelrHyuBA7nGcmv4uZFLjIkvPxUhjfR2dke498tYBEmnKfQTsmAg6S5E1tZBdHMXVoyU6fKtCeTyLRIJi0RABnaRFvYM9G+2Gg1plwDxHZ5cabku63EjCiVWNG1O5utF8D18kdn5KJkAiHaJTdaJNI4Wni8ClmEE1TZ9ZCSBMtTIqOlYaEjc1avaZ97/rpdBK9BDm7iA7XoHtTaC9NY/swQ2kS/vI5jxxTh6/3dbto6itTUflM0bL8j5YggWQDQvknuzQhreTwdKFa/DRw5k3L8DNmNXDOoBW2c1GEUtfv45Ot4lzbzsJJyU5TDEdCo6FQDeN+y+vYG97B4tPH+MeROgGNyVGyYNaqQibjQfVf0S3+QJ+5qmfQCHBzzm0wxCDu3+IfuUSrnQnMH3sX6A4t42J9BSS3YMI4cADdTnklck83ONL+fz28/iti7+B1fYK27xDsR5rGGBbyOcKePKpJ3Fz6Saq1SoI+UioQu8rl8rsMnt7O+j1aJcUF0AbaSxMvgezpaeRcPWBpdKrcF7fQjIT4KE3dgGbw6R+n5pbiOpmcUycNCCax9Gbp6iwkTaKJejwHjHd/sBBdddBbb+HfjOJsMN3QZrTLGGgmYw1hUYVLMg/hkAqC5x4nDr4B2i3O9hft7B1O82SmbJaQppSqXTxJdTX1eXlZvnKEIKP9cWKX896/7suirUMENotwO3A6lEgbsFOdOHkd5EobiAz1ke+4CLsp/Dg0kPwe2kOi+QdlW6aZWEiV6I8CN9c391wceulGxgEXSy+7hiyJb6nW/tCVWDDjX6jgKXnb6DTJwVZYDSvfLtGceK+3RRTkN3tLZx6+gTzIMOA6pUCJb7Et7b/BPmghp9+1Y/Boc6LPN5G2N1HbeWvUXGPwZ3M4uS7PoZuLYnesx9khiVB0TAr2ZG9hLmSkEBXuhV8cfWL+L2Xfgd9q606PfKDOl3MzR3C4cOHce3qNVZSb1NJi4jMqBtMPp9n3Vto74n0hDSXhdRRnJh8N6bGHmd78dWXYI4cJ8TEkT5Ksz125BuxU3S2CHtSEXNI0dalhPzseboPKTF1mGcQUXwNugnsbfrshKugk4MTyEOKBMWs8knR7LvShVjhpUwcHn0kwOQR6grIT/Wlw033NluobiWxdy/HWDYTjhm6JURHeCFDOuJwTfas1oogVU7PialQ1vu/7aJQ8ijMiLonC767A8/eYUeCpQZUHsKbNZhVOHr0RoQkyz0EjLFDF50HNm5dXsLA7+DYE4dRmi0oGlWVVKgg3AIaWdx8bgmdXotDrLStuoSoVZPDZxBrBXtb2zj1ugXky1kDscXOxVaqo8dLlOvV9U/hZLaMDz72A/rkJGEi6al7/T56iTsYf/NPodqsYeOL3w8/PAVrOo8j/Ukk2IlQlDshj6I1ny5BivIrL/wyvr7zHHphR7WdoSZ2xF69+U1vwu5+BWurq4xR1HvkbQa5xgpF7OztoN1uCraLaFrgYPG1WJh6F3JpgsCyJkLTrjQKanmaKbfhpPqAQ8pk0t1yJnnMKIgtbhwofBLN8+h5Oo0Edtf76DYAxyvDoXZF4jllJ0YT+eg5iCYI2cyI2JM81eJrfeTHKINAcxGyhoPZnI1ms4FG1cfW7Rxaey47KkLvH5LqLRxcRPniYF3/HoF5YolGRaYMYqktr4Yf42wItyJslqhGi8FnnVwxtVnbZMNJsTsat6UDYIIkGisB7l67jZ7fwaGHpjB5YlywUlrftbsH7EYRN567hnavhYcZxOKblSLJXLm+3RTuXVrB3s4WTr3uBPIlEYNwm6lZFjFgJveimyP9O/DbuLz6Cbxj7rX4joV3q26GZtkDNa7zwi6sI5/F1uBZdC/+G/zFM/u4fLKKb/3SBN62cRbJRBrZDHUo0U0CpKoM/AGWKkv4+MVfw43KFX48Auv6wqFXqVzG8ePH0W61cPPmTSRTdEoWnxs6q5Dik0I+z9iuLhVBinlOOWVM5p/CqZn3sKpj84nVLw6dz+4jPdZDbqoJy+GtkaQV1/vSOZRjCkLHLzBhpo4yIWp7FvY3PfRbLtLWBO9vbIZ5kU2k0apd830SMdD0uyng1Gs9BrNCn3eRZFuSHbAYKJ0JUdlvor4HbC9n0aklhFE12rXGXIpqsmKAk0jcY9gHiYYi/7IY5N0XdYSnuVPlG0bSS+wpJW7S1pfHHvp0duXORLdyWkjHT6J2z8PK0jJ6Xgezi1OYPj0hzIBZwqlLQ6x6ATeev45uv8VjkKTpvZQP4T90U7h76R72d3a4glCQLiXFdDdDvld83KvgpZVfwQcf/j/x2MQ5XbcT2/3HzvEQR6m1u0381hsv4u8XH+DUX9Xw3ivPoJzKYnriALIZgqISoUfHSlb501c+jb+4/T9Q6e+xVqisTzDrRG9h8eQpTE4ewI0bS4ztUpcJCYIkMDE+zjZn1eoVVQRJd8injuHU1HeinD8Jx6YaKplJFpCX2QSCMAGyB1rIlFpwMz5r/ic9h85cs5ojAbmo7amNvY0QtZ0QQTeBjHtAQWOZ2B8SsohpinKgXEZ4rHT6dRTv2qy1Kq9B01sfSFFyBRf9QQfNRg+7K0lWhexRqb76Eotq9vwyi1rN+NOQCeXtorac0+lMQWS9vOrmZ+QeFdQRoxDNwbg15pfWpcWaU5eJJ4WdhN7YgakgbcycmsbBUxORIC/qNAGrXsTSc1fRGbRx7q0LIkg35kV6AxYnpHHv0n3tQZSCmHGHsQvOiBbJirZ7G3j5wa/jo0//PEopXsAXI9VYzRYLxIWVG3ge7pb28PHFf8QjX83gkdUF2KGNIzMHUS7m2YlQr/RFV9psbeBPl/4Un7v9WcZ2sSBclFdT7HFwehpHjx3DV7/6NdHkQeBmy0Y6lUFxrMBo4f196rTClcBBBqXMSZya/h7kM5yJ40snGC4DBVvkVVIDZA+0kS43OV0rklOSgpe/+56NnbUAzV0LdpBD2i0K76Mz06a3NaFWxIcbEJqGlcoFeOj1BPss3ntZCTDP1bCRk4F1LaTTFvpeF3ubfVTX09hf4x72GzFT0kSNGlsECcVgkfX+d7+kKvvUqbLqakO6OSQtyj3ztJOCYJHImMFa/gBOmELt7kB5kJlTkzi4yLPz3PII9ktAKFbIVx/DteevCA+yqBVkCOOFQI/2uy+jsrPLY5ASb8TG5luxvMIAyK2d4r70LDvNq9ja+0v86hs/ohsasA+LZzO9kGwcIc4aJLnq9HvYbzRYS9RSIY98Nsdq3GT3PlNR+LBEVZFl4eL2RfzGxU/gbv0260rPmS7uUTLpLJ566incvHUT9Vqdlb9oOGShXC4z5ans76HX7xody1NYOPBuzJRfj5Rb0IBACKBUHA4KiJjxkJ9uIFXospJ32c5Hatig62B7xUe3aSEZjrOTvJSNkfMbL8uJZMPNAiHtTfKlEKde46n4gxEIQp25whqI2grZ8XYEFev1JqrbNnbuZNBt8CRqRAliGqrAj1gIlX8b9kNcJnkMMpwqoL+ZJ5QyWRSCzhY1bhpknMLa/Mg9IjojItQHVphCXSkIeRCtIDy45LMpcB/PUdeLXEG6LZx58wmkCgkxe0JDRJzDhtRLM4i1t7ON01JBhLaarlTFV4Z7JoG7v/d3GAsf4Cef+E90BI9isIy3meZNKR7bL0EN33xeykHNG4idojITlx3lTI81wh0JJZGeuNVv4Str/4iPvfhR9ENiu+jYBt6uleriKBv/8LmzuPTSZdSbDRaTSCNFsQzRxmRxKT5hCV8WBFvIujM4PvHtmB1/Std2GejAFBz6DJ21mMj1kJ9uI5FvC2NhoV13sLMaIGinkLTLKskplk0fRCUFUFn2WIbfRNMAStMBTpz3WY6FVdqoeFgUzLIgSHgSIYtErCXTNpyEh92tJuo7CezczmMwEJG/fL86q5DPv6nQ2jBrwkDHSXQMNCmIepfoox8JBeJmmn9c2gHhtXlWlnkQTcXxy/K/y+d1GMQaYHVpGV1PKsgkv6b4MM+hyGI3B/5+Gktfv4reoIMTr55HYZICb1HAF4F8FsJeEsuX7qLCFGRRs1iGIJpqq+0UjdPG1Y3fxOvKp/Ddp96j6nnkM5q0tlJhZen4xLO4hNU0BSLopoN7pHUR/5peSAmSRnIUDFd7NXz8wq/i2c2voeWTIkglsRF4AV7z9GvQbrXxYJ160XZ510WxLhTEl0pl7O/voNFqcLZLnK0+mTuPk9PfjnzmUDQ2MmGqpAQEik4VeshOtZDI9tHYSaGzm4UVyH31BnQ1wlLlteWzxtglKepyv8vsaQ8zxylAt9gZ8oocEsiCEpVOghKJ9PxR/aF6snzBQaPZRKvuYfN2Go1das0qcjdq67exn0WHN6ZT1xoon+X977oUSmZK0FX6+OIhRTbrZMyCY0NhhPqZ9K9AzFwJggTqIkjvei3MUgyyeIDPp5BA9Vk6uDN0MdhNYumF6wx3zp2dxuSxkn6QyOGOpoLs4PTrTiJXymjcraMmvQPNJAzDEBdWfw7/9uT78JrpVwu7wZVe9HcToiOa1ImpNZ0pb1rHrR4pC6NHWeshWXwfMyCS/YkoCp8xynbfqt7CL1/4GG7sXYGbdNl2BH7gj4VCsYiFEwusOcSN6zdAZSpSzahoM5PNolDIYXOTKxGPFQMk7DFM5c/j9Ox7WbtUJo4jBFgaNW74QtbYLhjQdmrBaAotkNRu/DomjxOBubK/mJg4St+cfMrH2BRVFHOmjN5Px9XRUd/0M1OQpKgdo/IeqjweyIZ9fFno2Ox0FqhVW6jvUVI7i3ZFsF2x4+7iRIJpugwyV3oQHXSwZZQDN3TLCPD1X6WWyWXRyUstBTECx/YSqN33sHpzGR2vyRRkZpE8yKg7kIIk0Nt2ceviDcZ6TR6bwNxZoVBchFkllDouoEcs1l3s7ezgDCnIWEZ5IymmKrur2svw4fa9Oi6tfgQ//ugPYaFEzST4o9pEK+cC2BU6uMFGYJGCyKScLtM3C/aZQrD5MckBOV6tUuarw6Ef/4tr2/iLO3+JP7zy+9jpbmm2S9DCs7NzWDy1iOvXrqNWr+m+XeIQoMnJafR6HVSqexgM6CwXbqGT1gG2k/FA8SG4NnkEzRyaDjeO2w1bpmCPer9pj2Nrz7cCyJIkA6nSfpVnBkilLeVBHj0/jdn5BFZX9nD3JlWXc5bNcQNGZJDXICju9/leJVOoc4UEqNl4s9XF/qqLnfsZDDo8JxWZ4xhpqoZuVNULiKVxkdpYIkXWuCJTHhXwRheeB4wy3h9+n/ys5dMeaA/3lm6hO2hi7sxBzCyI+i7FphkJpNBFe83C8tXb6A1amJgvY/6RgwjpEE/Zbt8olw97KQGxyIMsIDdGcMwkvA2TrZ6Nz1S1cwv3tz+Dn6EarOwsj7kKQOuxHmrhLqafPYCEl2ZHLpAldlld1bCHjv5FQlI9X9Lfmv/qz/ALCtxrXCrEdmcHf7r0J/jzpT8DO96Q1XZx6JVK007Gwzh2/Bi++pWvCmqXhsfLdVPJFIpjRdY8Ym93m3OQlGdAEsXUcZw5+H0o5mN9hQ3YJQdikH4mC6uDaBOqDTGgRlGq4TGJwn307bwokyheyjMdOVHAsYUiMhkbjUYbK/fquHurxz1gkicRKdtO+SNivby+lmEao5uwkUyTF+5if6uHyoMM9tdS7Poq5h41Pjn3wl5b7//WS4rbUVBIsknCqisef9TsiKoQKYTSQvDnj7JFzPL4DuobXdx7mTxIA4cfmsPsSdqAJfkcyWTxB7YCF60HwP1rt9EddDBxqIT5xw5yZYyZNqaE/RTuvHgXlX3KgwgWSz3hNxbmB/UvodW4gJ958qdQShVgJS1UnmpgsOJhd2oPh5YmkK0UMfD6LM5IODb4fn7T+8lZlDTD/w8dEsPSCNn0RVENpGdcri3jI899GHcaS/DCAT/nQrBdyUQST7/uadxdvofd3R2R6NS1boVCkW3U2t/bQafb4avEgicXR8ffgSMH3opUYkzHgFJgRjlCAW/lrOoYTZLJw/GJNOOmJc8UQjz0xgGCgdicJ8LLQtnC/LECDk4XGGlQqzdx7aU6KnsEu7iiuCkyEryj+4C8iTizUd4nkbKRSgeoVlqobSewdiXLd8dKBZWAaVTSkLNYl0RMLCxXbCLM+EEKvVZB3dWbswPyGnpXHVMYQy6pfqi23sLy9ZvodbpYOL+A8RnZ+kaOUmM3O3DRfBDi/tU76A7amDhcwvyjVByo7ayybgCcPvXcusMShYuvPYHCRE7BvSGIxWk5pZy3dj+DvN/ET53/MaRclymg5/gIZ0OsNleQzAJTy4fQ7fXYLkDaeZlOJZBI8B2ZhkmIRRZxnyK2EwgTYnoLU0miT6gVhX5qDtr4+tbz+PiLv4b93rbKtRDTRQozMT6BU6dP4cHaGgvkiVGjr2QyhYnxA2i1m0gmUtjYXNMl9cR2JWYwP/F2HB1/Oz8AVS6JZDrlYsYQsakcMr9nep24EpkxwNhBHyeeoMbc/KAksV+MiRkNuzzp4ujxIsbHs2zP0sZ6HTevN1jf4kQ6gJukbDtR6fzMeOqMz5SAESZ0dASdbMzn/P5lFztrHP6aRR7MeI8IFaz3f+tlzj5KKxaBoeZ2RvFxGaCJQ0jksQOcntVlFSyjztoGcaqRyhXoi3hzv+Hg0oVn0WzVMLc4i/kTxwVrId2RHi7zIGs27l8nD9LC+OEi5h+dMcZrsF9WCKdbwO0Xb2NvbxMnX3UMYweLo6Ni4SXlSbTUeOHq5qdwJjeNH3z0P6jdDDTq6kID3btN+IseipdLCDr8JCvyHARdUskEE1DTKpp2X+6H4E8l63ylKnCJ81mpPPe5UXj1jbwJ0Pba+MSLn8CX176EdtBkOROZP6Hrnnv4YaYc9+7dZaeAUYvZdDKDdq+BYrmE8WKZVQo3GnXReCJkrFc5fQZn5r4bxcw8K6w0u+Pr4F3xKnw9DMQZSQOMUio5QQEwsxhg9qTPxsZL8LU8SgIpkwMOHsrg0OExZLMuut0Obt2oYnW5B1/ALoJcDimKBcZgsZotFp/wgYV+iN1VYPMOeSpRWPmNFJ9e+8C3XjaHI3hiWewmLblWN6IgiUmhroA0MGUJ5AzJSEhdVZzR4PPgimKQ/btNbGzfRavZwKETh6x8gQIAACAASURBVDF7kgTedMfCPxBz4ifQWrdw/9oyi1lIQQ4/QhBLfBmWjCUiW2O4+eINVGu7OHL2EKaOjzOYEf9S8ZSAdtSo+uUHn8A7596Abz/xLj0eK8TGqU0Ur2aQymThtahtTo9V1jIe3k2AYE3CdUXGV/tcKTX68DROjstvuSeRg0uuIHwDlthApbokxpUmatBoLe7V7uKTlz6J5ze/yspQZF0XZeQL+SIOzx9mtWG094Q8TOBaGP+P70Hvi19DeqOLbDaPvb1tNFvUTpULFvUVniw8hjOz72NJRubRhGAra2swnaaSRKbctBYm7hfLcuRRHxOzvOiS9WVjlDTVnYm5JDlwfFaXlcm5ODSfx/RMEYkEsL/bxPKtGlaXB0ikCHKF7BRj+gp8ypfpUhTaD1N5QEF7FLYOCYchW9YHvuWyxENCRkfbQVpahrVJOwM6A9C8itj2avIEEf/FGQfKLge9EKuXN7G794C1zDlyZh4zJ6YNqBNtUGAHCbSFgnRIQebHcPjh2H4UQeSSN3Ob42yvSbW5i5mTUzh0+qDRUYRbbTb2GEToefu4vPZx/Mij78e58qJisCzXwvLcMubvzSJhp9Ab9NDvd1km22HnFFqsFSlrcCGOczM9AN2Gizd5GLlJl6sC/7ueSak6XEm0Gpl+h0tpdPzyV/Ie/3P5b/FH1/4AD9qrUW9iWZiensYTjz+Oyy9fZvvj7adPI7i+CqvaYQWHBw5MsuLHanWfdVphZzvSwUFWGadnvwdTY48i6WQ12xUJMTSRreBWTPJUjiziIYBjTwxQPCDjBwsH5/I4eiKPu7f3sbvdh+dRfo62g3P5Izk8cDCFw/NlTEyk2cnGl19awd0bIfOWlC9xXBoPGQp+5iN5jE4jxO6Kg+qWmRl/RfXg+v6Bb3mZDZdPsmkXlNcEcerEGgUh5ZYjs2J0h5BwjIsED7rlNfRrxHE3Ky2sLC8z5mVuYQ7JtNjwz0gALjTCh4AUhPaP3L92B+1Bg8Ugh86RQokMq0jCMYvFylLGcePSZTQaFZTnyjjx+Lyx+XP0ZNDdOv11Vub+y09/CMUk38fO7H06wFLpBs5unmZ/o5wD7RfnLJaNpOOwAjuyWpzMkCohfp64DuvglxCsvQNO7RgDU3xmuArwAFnARBWvWQxyBWwDFoddfI2k8TLWyaxYF5pS7Vbx+Xufw6df/l0ENtGjHHYxtiuVwuzcHE4cP47nnnuOZf7lXg96nfaeFAsFdszc1tYGHypbDBfFzFEsTn8XJounI3Gl9BzDfzQzjq9stQ8/3MHEjMsZJlh46NEJHD2eZ3mg7c0abl5rYHerzzqwWPTNlARIpV1MzdDOSx/PPnsVg8Y0EnaOxSSptMOYLFaRLOj8Vi3E5i1+KBE7ckMI6EiFFlMsFGTE4Kn2SEwsNW7mjZZlUGsexyuVwbAgshZYZblNwRT3Ynu/qR+UUAj6R5SpmH196bS53mYC967dQWdQx8ThMg6dI1pY+3at3IBdLWHp8mVWvFeeKeP4+UOqvosFj3KHI3P1WnH3WlewV/0CPva2DzGvbLeFm84FWLHvYKG5wIwDKQidw06bkyiQJ6qXNtvJU3JlOpD1FrOSCJ74r0hMP4+gl4J3532wNt4Au0ebHmjLK9UeiZoqtn+EH0892pNo5TA9lPQocRBJUPhO7Q4+/uIv49reFXjoq9iEl6+4ePr1r8O9u/dYkSOVxkhFIcGhLcHUVGJ/fxfdDu/rxe/lYn78n+HY5DPIpKgKW5+3wl42Wn++krc2wQetSb7cx+FHO6DtxOTJbDfE3JE05o+MoVhMsdjp9lIF92510O34cJPUjYVgFzdKlATd3W4hlxlnm60IiiVTFtsJSXQwKQAF/qQgD6668AZGs+7IxElfrOXV+sC3XBHG2rROFPk7CKw+g0GRqEknQlRUJgsRda5YVnaaUZukcTnTwC0ilWT46Hs90ZtXM0qcOOA7EPv7DmOx2p0GDsxTopAgVuwUIcE02Ptl3Lx8Bc12BeXpEo49edjwZBqd8MXkiTxK/t3b/QKmkzX8p7d/AHhdgO5zXaTWMxjk+9jy13C0d5z3i6JEm09teywkyXMQMcA2E1GWl5/nocvbE/De9L/DTu2Ab0V34Ndn4N19N+y1pxGSoikFsWFRXZXtsqCYK4ktPImOSSRgM5YwujyGLaIpbHtdXNq5iF/5+kex1dvglKjIn1BLpNJYCWfPUQPuDayurTJGTvp9ufeEii03NzdZ3CVnMOVM4NiBd+DI5NvF85q4b7S3+EaWemymjanjPmPW2MnJNpDOWjh8jALzElIpm+0HuXWjjpXbXcZKMSjl8MaGVCbk9Sz0u3yE1NCSOnCSd6fXaZtxs0JHPvDiym/4ZeiJ9YF3XlNvZ6E5izNo5zRZ9xhQF9BJW28DlJnFjaoSV8O0aDZAexEJpgi2DPwe81SM9RJtT0l4B23g3pVltOsdzJyYwtTCpNi3oCtDJbSx90u4c2UJ9dYuxqZKOP7kociuR2nhzCeje1zd/g1889ST+Lbj74SX9tHy6xjzSmgV22j2KjjYm4WVbACJNXjNA3D8HFzK7DIXrmlb+ZwsgZXoInzT96q6MYpBCJZRBNzdOA//5j9Db/sgrIBbdGoC4bopWA7lVgjWckXhDJeGWRpqiYJSOZ2xhTfLRwZhH5++8vv4m3ufR7XHG3BLtotg7+LpRRQLY1hZXUGz2YxssaVm3LSJq1GvoV6v6QbcYYhi+hg792S8sAjbouOqjRgpIoW6HGlIOIVAJjIeJo91kS/zNkgk9DS3pQMOjp0oYWo6x35ff1DFjZcbqO4TfPRYvEHbghl55Nu8XIUqk1lZDpcl2mZc2wE2b9J1XxnuReAiY7FIQQScIq3zCU4xnBxTDjb54sKRl3T5AHtHbBM8PSQTSnbneDcS7kek0FIGlQ727Pl03gaftaSbRtYu48WvPo92o4Hxo2M4skitT6PukDsQG87+OFeQNilIEUefPGR4QDkx5mfpZx+X1z+Cf3/qX+PJqfOKO6KxtUoteO0OyoMykg9/Eu7sP2Cwdwje7ffCrTxEdovvBWfSKL0HKY2LIL8B+/X/EQGd3y3MFiPChYf3uzl0V8+jffGtCPs52E4SqVQWCceF42ZgkZCQ16HwXvX+kttNZYwXpUUjYFaW/gjmiNDAWmMNn3z5E/jK/S8jQR01RWxCiCGTybJOK8ViHi9cuMDiFekNCbJl0hnWW3hvfxetRkNs6qRWRmlM5h9nbJc6zkFEkmo7BIPQRiWr1F4BlaVVZ0zV2ABTx/vI5qhLPj+OmeKPg4fTWDhVRqGQQrvdxeq9Kq5ebMMb+CwfQrCLbQ9me0qSrKaQGVuLjjkP2LHa+yspaUtVkPxKpAKD5D/4zhsh0Wmh5bHWlLJOR9l+JktypiVkEgKmghwDUskVMpSIIxnBOw8RAUbpvLisP/DR7tWZFyN3a3czrHx9d30LxfExzJ6Z4WXwPKbjSi9+casTuPPyLdTb2yhNj2H+ibkIRJSPQoIhFbPbr+HG9i/jPz/2I1goLgjCgj9cfa4Gd8tCDkm4T/w4nPHrrHwdng3v/juAlbcirI8xqMTCaOqSz75dBIeeh3PuF5mCsKpmyeyxYyDEXm8rwKA1jr3nvgn9++eQcrOwE1kkkhm4bgYOO0qBbQoXMdOwgsQMdZzkGjLYjmXjq+v/iN95+bexXLvNhIpn45k0YfLAJB46exZ3797F3t5eJK4gVogqhSlhV6nuo9flnVboy7ULWJx+D2bGXo1EsmDMu+napJKMLO/lF6IOJ7kAx57wWJxBlC8rTvQCdmb8scUxHD5SRCpto1at4+Lzu9haFQnDFK0BeXRSbtpmwAWk3wuwdcdFY5eX3ujqo+G4I2JkPviua9TxSbBTBg069DmZfZTvkUoy7K6GgZlQDiNoNwNr3XtWfJKUifA+tUFtNrB9Zw+VvX0W1E7MTGLmIWrDKZVV19bQgyXqk1h++Tbq7R0Up/I4whREa62ZFOU+0UKtewcblT/FTz/xEziYI+XTSa+9xV0UbmWQTvbhnP8RWLkHgmrkRYRBcxL95WfgL7+Wbf+k3ru0H9ymTPypz8M9+cfCuchcBodjzCMQVqbGfD0fFz9XQnbn+5B3J3leJUVsTA6pRAaWk+IHHHFzyPeGy0cyni0SHkq7ZpRVxG1TfVDHF+9+AZ+++vtoejXehlRUC1Mz89nZWRw6fBjXr19nW3sJBkrDSdQ2BfKDQQ87VNJCNeqsqbyLfOoIjk++E9Nj57XxMo7Io2fQxzqY+FBn7bKlAMce59tQqR8XJS8pjqDG2jTO8kQCC2eKKIw5eOGFy1i9lYATlpFIUbUA7Twk78hTEzRv1HZ147aLTpWeQQu3SSoMWRKaQ74fxNQGU7xHaJdcEPY2wWqx2ES/V1+B/yTdLN+VJ6o5Faamz8mLmkMRmNsPsfNgF2vL9xH4Hits5PtBuPtgSItNAh9PsjGFuy/fQq29g8JkHkefmDUobH5NCQMlEbDd+iq6rUusSLFINViSb7eAjYfWMX1tAm52H86rfghI7iu3RSJOzoS8Q2/nBFoX3w5v+whjY+gYNvfJP4J7+MuaKlUIg+9rYByaZWFzo4+rnx1HufMdSNgFOOki0qksMpkx5kmSiQxsO8Wz9eSdpKIwosHw6mqj2YilNtct8rKFlcY9fOrip3Bh5zn0wx5v9SOKICkWOP/kedaza2ODHwCkWwBZDJbR/pNatcIPLxXGhZ7vUPnNOFJ+O/LZGU1eiMSsMlnSGgkGTNq90sEA8+d8XrxI5Sc+KUjAChllPwDS1+zYAHfvPEDKmYYdptl6pDJ0HqMNRwTodC+2T+Rmip0aPKq2P6Iosi6QjNGwgsQn11SYOG4ylMSMUeQsxYhxk+WKplNi0aWyjtpLURDfatcQutztckGXR72JJCY51s4k7l67hWp1D8UDBRx5go5g5jooA38dR/KfVmp/jmLYwk8+8aMM/7Nrk/QngNX5Wzhy+zicsWVYT/4wQqcvwh+ZFad7i4qCQRbd1dNovvxW2K0x5J/5PSSml4zturyURh0vIZ7z5uU+Vv5hBmO1b4bjZBAkCkhl8kin8shkx5BKpeG6OSTdpGjGzZkZPWvGFoVXmMq4V4/ACIIgfh8v7byE37n0W7hZu86FS5TT8zMsy1g4uYBmo4Hlu3dZyT1fT4t5TepST15nZ2dLN7ijGNIp8wbcU9+EhE1bD8RyROpJtI2Uxmv6hI+Dx4jltHmjuyCENwjQbQF2kihrh3XaoSoJOhQIocPKVGjdElSblaRqX6J8+f6S+r6P7dsp1iKVi4OMi2MIKBaeWu//Vt72R0cuvESTT+greJB4rCvfpuIVIZGR69CECl+h6r14HkLqE8eF/PcoZaw0Bt1uG51BgyUt+WTzVp3MixB2HUzi/tJtVHcrKEwWceQxXrelrid7RolEIOV4bu78Hh4pHcYPnP1+lutmBppI6DJwP3cViw/Owpp4ETj/k3wTFBsj/V9syeXZAFBvJyrR2L0DtL/+bzHzz/8cieKOUSUg5lWUcsjM8sWv9LD39WNI7r0GrpOClczDJeXIjSGbLiOdzSKZyLFWQpQp5sKp55PHVaY3N8Rf7nkx9+qMcDBybSg39SfXP4PP3flLVPq7UbYrDHHixAlGDa89WGM7+LQ3sVnxZnl8nJ0XT9+DAbWv5bmRXGIep2e+E+O507AtfjAsJ29kEMmFg61/aOHIowOUpkMm0L12iGYVqG3Z6NRtuGkP5UMdZMZo2YWixCp0SUFIycmYkoJUd0Ls3k2xTVb6yzgCQaX5oyQX76yoaC8JcUZpVQz+RErfRzDCcdj2ilsc5cKKYZuYWvyJ2WplcTgepQ1AjU6FOpex7u6MsaCtl5jC7Ss3Ud+r4cDRMqZP0LnvOjfB4ZOwfZbFziK8sf2b+I5j/xzvPPzNLO/DFcRCf26A7epNHO+cQzj/Wdinfl2SVYYay+MQGHeCdrWHlS/WkGz9Oxz9F1+Am2uo9SA4RUosSWF61CC08PW/6aN+6TQStXMIKQ+SyCKVLSGdHWMwK5sbQyqZQcJNMy9CFbu8xF58q+WKrZu2K4qUjCAtQ2kUPcty/AG22lv4w6t/gL9Z/muWuJNsFylnNpPDzMwM+37x4gWxc1J0u6T8UDLN+nZRczs6ck5+OXYaY+lFdkBQPjPLcmA6Z6QWm5WoUeLQ79uobSTR61jw+kbUyhYoQDJHitJGmp0zxOlbnqog2pe3dqVvgmbVLWD3Hu0HEeYy0mg7ZjEMg6/3pEtLbjZkY7hE2BY1s7FZNb2HmZJjHxvhgWQuJTIm0yUNmzd+vIEoyzBiF2JSqKSEmhvI3Mnc2BksXb2Cne01pIoJHHtogcdBrCZHOCvhRegzfb+KGzufwk889sM4ObagKF7yBvWTTbSW9jHvHEV45ldhz/1FxLwokMUUipuw/d0pbH6lB7f+NE6+94twkvoYA+7v+AJxQ0ldGkM8/zkP7StPAR2qG6PDi3JIZorI5saRzVL1agmpdAZJN8tyJWSpeR6DDIdOmKryN5OJkChVOmrpUcxQ9RW8DEGnf1r/J/zO5d/EnfotFmuxBncCXpG3ePSRR7CysoKt7W3BdvG+yURzT4yXmTEjJeF9hfkgqK/w8QPfxvoKJ6nTihyLMQ623p6RaBbTptZQfsYOUJhuozDlsVOH6WwXlgilXYfCiFD8Utm0sHc/yat7JaKIRQ8MdkWIJLNpg7T47NMxIMZ5FxGUKxBpeipd5hmJO4zdKEwo4kh4lMUbViqdnRaUsByjcMmDfh/11j48dGG3cthe20SrVWdngxx+eEZRwJIK1ty+hfZgDSuVP8PHXvvzyLl5vvealXwAm6e2kLuawLgzCTz1QVhjl6P1UJH147nv+93vQa8zDXt7DSdOfhaOHVUQ06iTVrcbIZ79nIfulTfA7ufhW3TqUx6J/DiymTLyuRKymRIL+hNulikHsUkkvLJ41ETTygGr4N3wzMzI6Nok7ln166PCF3q91q/jnza+hk+9+OuoDvbVll/yKtRJpVwex0MPncE1tuW3CpeKoQQMpSRjLp9lBMPGxjrbR8MtvY2MexBHJ96JmdJreJkN3zxtwOthY6ndseFxiGJOeShM9TF20INrJ8QY+cPROSbV9QT2Hwzn4UQ0G6nXM70ah1giduBG36hHjmxVlTx+TO1igfhQglFHHtr6RhYvtnOFXV7jUsKPugiQLyH7GyMjhMII3Eqnx+6s7GFnZYtVHBcPjGHu3JSgbXlQaRYUUuxS6VI7oefw39/888ChEKBKzxbLz+He8ds4vHQI6UQS1uu/F0jtMQUiWERHQgg3IBAqjdnG/c7/Ad8usnqujL2JcfsfkMEqbEuc8xFb89p+gGc/F6J/9W1swxDlT1y3hGRhHIVsGdlcmXuQVBIJh7wIUb60KYq3KuUHr2pDYwbuejePmONXQGAKPBj+UYaTGhRYWGs9wO9d/G08u/kVdMK22snIciiOg/Pnn0C1UmNlKdT6iMEy4TGJ7aLjsKkLZKvVUAf10JwdLDyNoxPfjFxqbhhyxXUkEu+KbcOiyJNENzfeQ2mmh2yBarpoI5uFTj2J7bu8mjdO68qp43leMWPGfEYUJLLzXZk6UyEM6x5LfL1ygUvsIDqNM6IblJWflYspFUc7VdmOUmfrhcKIa9JvtEvx7tISw50Tc2WkcpRR5Vhd5xG4BSMFWW/8L8yl+vjRV30QvWN99IptZC7kQWXu96ZuY3F9AXaiAffN/wqwu9yWsD5L8kxxLXVeMIZ7ve9jNVW8LRG9x0fGWkUJ/wtpu8L7vhuCSs3aX/isi/7t14tK3ywSqTGk8uPIZyeQy40hJxSEAviEm2KnTFHJCsEdnQ/S0CGCeoeMsJroyCuqLEVomFppE/3SDsvAw+39W/jkpd/Ay3sXeeZabvm1LHbeycLCIvMU165fV6f8SuOUzeZYp/rtnU1GuEi441p5TBfegBOT72Sxlo6L+TB155RocaRC8swd8jiZKn5z5T7Kcx4GrTQq6y47iDRq0IQpV/lKY1GMZ7Z++Nuvh6pYkMUMxvnBIzxcpL1j1MsJ6oxzPPweUaimwhhFCpgZerEDMeL29ViGN+AI5TCCd+l5KHhvtsjVU3LNKP8QSSNJT1Jgf6/6h/8fY28CJslVnYn+sWRERu61V/W+b2rtCxICBJIASYBBxs+YGQM2jBdsY8YD9jMeG2wzZr4xD+/2DPM+Dx6PBz+zjQfMKgntS3erV/Wu3qq7a1+yKivXWN93zr03IjK7Wpr6Pqkrq7IiI+69Z/vPOf/BA2tuwwe2/JTgtNICDvp9x8N0/iI2L+6EVjkN+65Pch1QIt9Jb6DwuYGGtwFXvZ/mArqYtyuWbx+l6DmU9JOwdWJ1FyHaxEUfR/53GZ2LN0s3Iw/TKcMpDaKYG5QCUuLRbIaR5cND1oNcLFH9K+BuZS1WAy+7XafrmZFr0wPXQWL5iagX/ptnvo7vnv8XTLcm4rwJWROy8Os3bsTw0DCmp6d45JzqlaGTQRDt4MAAE0jQKGyC8FVltWOswfbh92OgsBeGLgm4UxXCwlmQblgcX6nILkFFBbCjDmIy70RZkNiSKAHpzSDLv9U+++hsFNkdniDL0KkkQ1BBPt9MzB7SzWKTZntKdHm3hlrtlRopndYS4v66meP5R7EB6x4RLd4r658UHiCDXz90cXXyLLLUpymvocooyGqIHgGBhFxY/Ap+acdH8IbRu2LNTs/iFTuYW38Zoxc2wep/Es7NX0xl5KVWY2gwCUSW3Jsw7b8DJo0WWOUc0nVNLKOiPQMHZ0BzgF497uP0d9bAm96EKKIAvAjDqSBXGkK50A/b6UMxX4ZFI7qNLGzT4mRhWmsrN0bFjr1efFphqd8lNROrW5TYgeghvBCwrfgtuS8zjRkeN/edV/8XW12BHInmsazjcDZ+48YN2L/vZVmIqtAuMDJHTCvkclUJ7ZKTA6josWztwI6Rn0bJ2SihXykYKfc77dsk9ytvTv4ydj/Tulq+mVldYsFI9TOlLcgn7rwSORUTTp+OVlRDx22wf9j71SsAcXY89jLjjEZKFcVbF5eWJ4G6KisQT6Iy4amrdN1C8nnycCZ4ULd3FxGxcQvj46fhFET3mxA0kdBit4T6IXQdfriCyZWvcYJwY2FTyvWJ4PW3Ud17kbvZ+oMTqPR9FSbYTq/yJazJVOd+1HAbDF0yBrDMi2x5+ivQcugPvoO8dggnnvMx8cQ2uFUi8CYXqoxMoQ+F8hCK+T442X7kcwUuQ6cYhDLbpIE5oSmbgdSNi1rA9Gf1+EdJPq7nGV5bSNKOQLrJSD4er+WJhRP4r4e/jJPVV1jxqEy84BV2cMcdd2BqehpTk1PyLAhIlkxgpVTikdk05bfVovMnFWWUwYb+d2J9//3IZvpYqREqxoc+dgWl9ZBrHBfG9k7Z5T9JussUKBDbnnRepldA+PwYQK5iwqpEaHSWePqTVNCpMDxVNnKdJe7iEEx8qu53d5VHqF+lN1P6Wfz3ykslv18GWek/6epcFLI5PXsRMxfnUBy1RQKRy6aF1aAeCIIpSVja0STq7Wfwudt/F8PZYVm9ImIfb7SBhW3nAc1FZLRhZqYwgGfhaKe4QarXQEQwcbXzE2hgqxQQ4TdTJS5/KcZFijT0EkqtLyNnXMKRH0ZYfmkP/FqZoVEz0werPIhCcRAlCtKdMvL5IscdGXKxMiY0atQiOJOfTfmkqoktDjVTa57Wtd3O7+rxynXcsFW0cHpjm34L+6f2ce/Jsr8o11oUDNK6E5vK7t27cPr0WVSXqizsKlFI35dKRbZA0zOT3J4tDp6GrDGEzf3vxdr+eySelGKSlzfQq0DTr5UVSarKk/o9dbqSFHWSVObf/eKjpyNrIidQ3ChCJqujOGQjyLTQ9Ja5/L0XuWVBTPuFcVl1yh6nTFxcmLZK1jTJmCfuVFeAKBepW/q7915VIJPlqy7P4fKpS4g6JnLrqKGGhENMe1LcUYwC6QZWgqOw9cv4/dt+DzmGeJN7aO+sYXHoAjQ9QGRQnsVFRNowOo0KCYoxD2rtUEcpjGyMd34KrkawslgHKoMIUkTcSt4jcwDl2mehoYFXvpVB48QNCFoOtCiDrDMEs0Tw7gBKhX7kyd3K0QRiEh4LFhVC0rPweAQBNCi3R+D+SeSXdGCospTeE54uV+k1jD1Ccu2mXFNvofRhrVPjkpXHr/wIHUK7OBYUvUZkWW699Vb4foDx8XG0WjRTXjLCRDos20JfX4XhYsrGU6ejeCgNlewN2DH60yhmqXxIVjenz2GsiFJNa2mTl67UuE7mPNa9ir3nfX/0g8isGRh5gsYdy9omDcgWDOQHTLh6A83Ossgwp5J0fP571zt2/4S2j9/Dnyoz5t0RY6pwUMUYibkX363mPCoALAnOWp0VTM+Mo3qxBa9uwMh7cEapbot8d9GlR1pYJbpIqy14z2CdY+B3bv0t7rtXZEmM/d8xh7o1Bd3oIDSaCDSX+/vYCqEFR7uAPjwB2+iwhvTDAi66H0Skl2P2dLIeURjE9AxCAulgO6jU/z1azQhnv5PFypntiNp56FEO2Xw/LArQCcUq9CGf7UM+l5PIVUZk0tnHN4R15BIbdVi6ETK12ckKqhVVh/9a16p7e7qFRDrDwiVOV1+o/ZX7Re/zowDjtUv4hxN/j+euPsNVDqIIUlBDlSsVbNiwEYV8AYcOHRJCJAEiUmZOzkG5VMC8pCSSUgIDBQw4NzOvcEYqNVJEapS2UBDpRv1uwU8KVZVl7wbMhOURX6wvf+WuC9Gicw59ta1ySL2MNkgydaA4aMHIB2gGy9zxJ7RV7ynvcW7lusfuVm/dTeqeV7XacfWJCJzoPQqn6a3VCgIPi0uzmLk8ifa0nE5ERzLXgTXsiS69jMnPZhiEBMlaJi3ESBtV4wAAIABJREFUTPt7uGtoF355z7+RYigNLgnPm8bRCRe4ODLUGoi0Dgs9623h18DCIkraMyhoFxCijPHOBxFSPwe5gtTDwPl1BSbIgTswYKCBUvNLnN0dfyKH5dPboAVZmFEBZn6AA/QiWRGHciFFZLN5vn/KgRj0LJqg9RGNV5KLTAEPvYZgldfKrVjdvVJxjDhAaedMvUp+0+1qpokW1T4F8PH989/HN858HZONq0lJveTWHR0d5fou4u1aXKwKwedPFUqgr6/MrCWUjad2Z+W9WPogo13DJYr5BNoV3688P+n7oSv2EEFem5BMeflxMpmCdNHsI/wyESBFKI4AKzP0fcgjz/KDJkwnxIpXFWiXKglOz39IB87X2ah4wVO9272HPn4dt+4mMJ1yIeiea3VqlJlGfdpDQL3I7NnQwQwQWi2YA00WDst2uEeD8wecRyDw3sNk69v48PafwtvXvU0IoSp1yAIz95yF7zURkQXRWqCeGZq6quaBkxBwdKO5GIy+yi7ATPCvAUkgxzP2JH6vAmfmMYkMZIOTyHa+jqlTGmYOFFA9uwF6mIWFMuziIPLFIRTLA8hnKyjkirCzeRZ027BhUjsuzxsR1B5xbZkUWnHoE7WzupG/NsZQtjjZNoLr006aOn7iHaqWV2l2flb5xyIbnjqyGjDXmsMPqffklf+OQHdT4+YMZG2bKYmICXLfS/s5ySigayEoBHHni8Sq6GJ2djq+L416T6xN2MHj5nbE4BLfd9qFkmEa7cm1P0/yKnHxZGp5tF/YezYi+h0+eHwBsRDOuhqWxy1unOcSY01Dtphht6uDFbQDgXalD3z8QiIG6fgiEU7x0wSildh1z06m/7YLTo4iuG4Ls7OTmB+vwlumlHoSYonmqwC+VUNUWOEKWCuXZTIAyiFQso3yI4Fex1TrX/D5Oz6DLaXNcZ8Ku1klDVO3nRCkCugg0ElIAu66TAdkon22g3LnKzQCBlX9gzHFJY9LYWGVOJr0R0NkkHcfg9F5AVcOA/NHKlg8vxZmaCNrVOAUBuGUR1AqlYWAOGVY2RwsqsEyiH9LFivKUnSZ6ImrgxKnUxxuWg01niRZJyFC6r3dliTtfqX1ciIgUr9DT4Mt8knpUwU1lPqMBFCm2OnVpbP48pH/ghNzryDQBTsl13bR+co6uPPO2zE1OY3Z2Vl4npqiJX5PCUbHsTE/P4MWJRlJsXNltIH1lQewYeBBONagpOETCp+FYhXMvStrLiU77fHET/6hnYciv+Wj1NfPBGjiqGlwwzqPHsgNt7EyKVwTNr5GCKdkwenX0QpqcINWLBdxNlZePR3Ii/PSbQmEVCY+YPrvuaw8RctDb/UDDwuL05i7sIBWNUSk5n3zlqiZHcKCuPYsIquOjJXjhSdWRMukiliyIBZ8cxbL7jP4y3v/BDmD3KLERrsbXMyuO4vI8InoByHaCImjl3r1CQKPK0GJ0cRFof7XCM2bUTfewQyAii6THo2YUPgQyzp6ar/Nt78F3T2O8ReBhZMDqF4cQQZZOEYZ2eIw8uURFIoVFJ0yCk4Rpp2HzSgWCUhGVqqqit6046OOQto9SpykRDEmB/ha+rqePpPYcVEujIBntaKG4CaaCR3APG5A6/DTCi8k1QggXOT0J0doB228MnsMf/7yn2KmNcVWniwGo4umjv5KH7Zv346JiSlMTU/xnimbRUF+Lu/Atk1MTU9wA5eIKwBLq2DjwLuwYeD+nvKbJCRI4uhrkcgu5EulLz7xxosRYc/1hRXYdh65fIHbO8m3p6Pm+g1ogY0t9xi4TJXxPKNasGqXh3II7TaztFPtk1pCFowY4UkF3+naLi7DSKyWIL7uJoBgncU9RgEXH05PTGD5SgdhR/RiCOlSUYoQEAITIt1DPXMeRkaHTaXj2byohrUoE025BBuufhGWeRFfuuc/QrtXRzDvA2cpQ6ihvbuJhcolwAoQah2EIAvicgwiPHSVJ4pganXkG3+JpvYQPOsOGCQg1BciJ02pw6G0NXXHFdp/j6A1jqsvapg9MorGXD/MIIesVUG+MIRCYRC5Sj9KVNHrFLi6N5shF4sCdHIT5YGSPeRK24k4TWl6FVKrjL8ophQ6KTmy4qeK81E83bW5FCVwHLay1q+9tY3OkMttx5klHdhP7ZcRHD0DwRxEkIZywNKfnFilhruCvzv5d3hq/AnUfJqiRS6rzFOZBvbu3cuUrpcujWNlpSFAFhE6M6t+qVJErbaI5SVKcodi8E5k4oY1H8Pa/jfGT7s6BJwISFdqgq+eysj/xn1XIioHdr0OOq0Wmkst5HIlOPk8J2Wo55hbZXNthHULG+7MYOIVIjwTBzyTN1AasuBpBAvXkmx4uopEmXNpIrr803hLBfKlsG+FlBA6NTs9gaXLLbh1WgRldqSPT9vABYQhzZhmEWmbk2jrs8gafchaBVjZLM8az1jUT0FNRw7qeBk7Knl86sZPILBDdPpdaDOA3tGwcmsddXsJuk2Wo8PkERERWmiCdp+2XtwrkVtOIN/4W9TMf4Mosw667gkCvFQPSyQ7H0X8EiDf/Ar8xhSuvBBh8sBWuDWihHA4GZbLDyFfHoBTrqBil1HIOzAzBc6gCwtCEC8V4claLJVvjY9OOlkoDpNSNOJoqlCVsXrpCgmhUIKSkBh1C5xM7SHKa1h8RwOwaHCRgFSNUIM+D3Se8ZFrmMhZWc4XCVWSVilCcJVOJwrXycYV/I9T/xNPX35cjjIwoDGVq4Z8Po/169ehXCnj0MEjrNzEFUUPUNax0PGaWFlekr36dC8FvHX3l7jwM3GJ0wojcbuu8Xp6qom1f3c/BelM9MdUj57XwspijUdtFQolxt6psSXUPEQ+ZRNbCBuinJg/nDaIflzOIFuh5FuN0a44wOtqlJL4SZII7fEOE3eAZnBUF2cwNz6P9gLxtirtJ9ypLsuhE5QaItRddLR5tDPTsLQisia1ruaY8j9Dbat0wEybhWQh/BEeWfdGvH/Le+NMPCf2NB9zt8wjcgL4Wh2RQZbRRaj7oO5Dim/okHNZBMGRwQuwWk+gZv0aNLMEzaBOR1WzJQ6nAv1onXXdhVP/f9GpVjG9L8C5p2+EEZnIagVYlBTMDaNA+Y9iCaV8iWl2LMNh8oYM0ZxyDJLQ9SgPNV3RqwAXMTxHvoP/EWQYXUc0zhMQxE90p4pAO4lRhGARe5gQuHA4QvX+Rld+TJRt6DCpkuFgB9ppHfnQgkPzU9hVTpiJhZgmbg/dAlHb7r+6H3938r9hvH5BtPuS22WKmSH9/f248aYbcP7ceSwuLksBEb8jt2y5Ns+sir5Pbq2HN2z9bZ6c1XWTynil/r1erBvbuX93/2WB/UgXkpriyb1qdZpoLteh+RmOTxS8Rj0XRHnD4wxIsGj4vMSOqEklP2TBKuhoeItc+Slj/tgyrA4TC4lhVz0MsVSbxcLUPBpTPnzusxFulNA7SkBCocW1AIEWwDOW0NIn+bWll2Eb1HRks4CTe0WZWgrQKf4gjqU577v4+J6P4I5Bwbyhvkj4vCEfuD2AG3awWJ/kYBIshJQ0Fa4nVemGWhZF72uAewGNzMehEas6C0gC7SoJ4TsnxnRtBU79v6Ix38Lk8xpmDt+EoVtm0Tq/FnpzHbL5Cs89t7MDKBaLKGZJMHKM5NCMwgxBvDrlc2RyjZvnpWOlBopLHasWPx2QMjiySimReH6h7aicn7m45KIIl0s0+dL/3W0harc3uhMIqTXkzPkK0NnfgX7OQDHvwCFzwtdUYx6EmuN7S6lx4hX++umv4WtnvyrLasQUKbIW1HsyNjaCnTu349nnnoeuSRZG6Kg3F+DzdNsMr/NNGz+EdQP3JgKSBoHk9xIuiq1gFxik1vQ3HrwUcccez/KQhzECZzCDyEVjuYHmUhPFYh9MyxaCEsqAOI4haAGJ3Fp4nXbJRGHARmC00fbrceIsDRvK7ZD7ImpsOu065mYnsTzRhLdM2kFEFeKL3Cf1OmJUif4LtBY6mRm42hIMOLD1IqxMDlbW4jEA3MdtkV8shIOrTbUGFv3v4/du/b+xIb9xFb0ChJkQwY0+sD5g7VT3avBBDOPCmrIVodbSlT+FHzhoWR8UPLAkILrEcbgOS1D5U/KLntHWpmHVvoL6tI/JZx3kK0PY+94pNGo6pvfvxsrJPVxakbHyXMlbtgscOzGhXIbYF3XoFk2vLBJNXnyEhZIjwRWHKS4sy7gINnwPmrkC7cpD0FrDiUkjZaP6bVLCFWkmHxpBoC2shxIg0uord3a4NUDmBaRluhaAMU0N4YUA7n4fTsNCIUMwtRIUFUEm/r5QJgLY+PwLn8dzk88wcyVn2nkuISkFDZW+MkZHxnD+/AXeV0rd0kCgTlsTFiQMce/OT2Goj7pJU0CQMlq9KHdaeHpOg/Zv33kh4mrdUMClFIQLayEak0hQiO2wWavDa/rI5yvsz3MJgGiwFm4uD7YUeRP6l/I9NM/crmgsKEGoeH7jtRaLEQZodeqoLS+gOlFHZ4FIwpQTQFcSbOgCpZKCaQiSu44xg46+AB0ZWHqJA3DSMkS6zCMJeLANwbpkPQj9oYShiVZwBV60D5+77fcwYA92L4kFeHoHVsdml9Mvegh2R9DWEQZPgkhjy0KEGmXpMygs/Dk6mTF42YcEu4kUkPTwToZ8I+ql17iKN1P/GqoXI8w8NYbROwzsePM8MsRF5wGN+QrmX74FjfPbYZplFPMlFKwC94GbGRvW1uMwt3wb/twt0Mcfgd6pyOYjyaEsebNUI1VUvgzt9s/CsNuImkMIrjwIjQjvfCpLp7yOtD664AWO65ZidnlWBTIhSQxzFKC34A4o70C5xcqdTCFGspjScHWEF3z4+30UIke6XcqSKNije375kekj+N1nfwftsMXFkGQxaeQdlfsMDg7AcUqYmZmOuXyXlltw2yJNQY/0yO1fRCaTS4ghUspc1Rim0xLXaElFwfDJd57j0LHbiiiASDBCUKM7uV2ddhMrCzU2+VRKToEUz7jiDJuIC5jsWh3mEFyigYwLZD1oJrlF5KoEDNkSK19rpY7mkougbiDg7lQlDGl3SlgMEhbyVV19CW1zijV5BkWON0goqI6HXCoWDhKKDGXPRYsql5ywgBiougeRNyfx2Vt+F46R61obt+RhwVvA2vYYzwJRlc3u+gDWrRqWmlWsuEvsdlntEir7PKzsPQl3gIodKUAXgTyx+6nybeXCRpQD8X4MvfUkpk6EmH9iF/Z+aA6jW5o8Z8SUzCxuCFRPb8HUgTtgLI8iT623uTKvef6ubyKz6Qm2EkFtHYKzH4A2twcR0dnEdeh0oKQbNnQc0S3/gTlsKXYhpRQs7kJ09oMI50YRBcI6EBew4gQWDPN0gA050EdYEXaHbB3LDzbgF2RM+Bq1UHHvBfGHUb6jEaH9vIvMVRNFk0r3qbxHDYQQFD5K3KbrM/jEjz6OhQ71klA8QnsnSmu2btuJmZlJeH7A8STV1c3NNdi1ovNqW3k8fNuXpCuc6qZU4VjqntPVv3HKIZFxaJ986KxoNmQ3i86nNKcxiirHWDFhVwAvcNFuCLSLXBmHei6kyWLrQQFqqCKGkMsEOvT+Vh1uuwMvIoJqX0yKDYSJj4PY2EqoOEO4VQK69eHrDbSMCfhak44aC4ZpZpGxTWYjNBnGzYhyDBIQXSTViOVbFPiJ/xY7L2Btro1P3fBpDj3TX618h2cQVrw8D7kkjapg1SDjw9voI9jpoba0DG0yg+yJHJZvnoS+loSJZpH7vAY8309aVZGgIy82h2LzK9D9M7j8XISpZ+/FA587iEIesBniFF2KnOCj8RBNB3Mnd6J68C5kMYKC04eBd38Z1sAZyU1ECspBML8D/slH4c4PsUUnt4MDeRKIjc9D2/NX/IgiHhSuCvw83Im96Jx4GP5SmWvRaDYI9ZPr9Pe6xSCEKJdR5Nk6UNCxdH8DgSPcDBH7K+6BVBFrukiQDahwwVhvLALucy7sqoWCLSobFIDOZ5Mqsldm8Cs/IAGZEy4W15+JYsebb74Dx08cRIapkAQH79xsMy6e7M9vw1tu/E3mTFYJafH8qlpEeaY9s6NSiJ+wrEQc9/BpAe9zhof+k4LCNyofnNwuOVyR03BBAM/toF6twW+GyBcqrLXjIFrGDvTa9zto11toNRvoNDvwQpopRwk4gTwp6eDyEJkFF5aIDDshUxRntNExFtAxp6GHthAMndApgm6lS0Udd5QjsETdFS2qKsvg/g9Z1UsLvNI5h53lOj667ecSVFn5qtJpJT+WoG/ae7qeWmC6R9fxEN7i83N5pyLUtyzBGHahGR7nYBARH5RAs+TiCstoFFFa/jwHwRef8FE9fg8e+uwzbD0s7nYUwtHdPqKhMdOPiRfeCCzsxdYP/w0MazmRaelSBZ6D5sn70Tl3K6J2BTYpDisL44bvQt/6jWuqF0T2WoffLKB+7J1wx/dA86gxiyDxHDTFC0zxiBQQCtCDfmDprS1EJlnKBKWL3XrVh9HboaeERAopZTTcwx7CkxHyfhZZyxRTcWS25tXZ8/j1H/6qmLsoIW0SEEoq7t55K86ePwLLohIcQlkjLC26ghgwAraMvB03bn6fPFopcyBqqVRmNWHsieMUVXai3sICcpzFiDF6qgqNxIyL2CxQvoPtoES6OG4QFJA0L8LttBntCjoaiqV+wbQh67lIi/odF612A61aU1iQsAOfBUT4v6LHg46dyGGwG6W+1wIOwFv6NB8wQqcyWoG1HCWKKBYyKOaQ7hRpTNKE4l/hUgnNI/9TwWsUYGt+ER/c/ACHXCnEMT54oiZNaSBJkKAy41EEX/NB7pi7m6DlOppeHXBEgE51XiQk7DyQu8WwbwTd1JGrfh6tzE+jttiH5uF53PPoN2HQtHJy7+N0frdHHEYmpo80sHDs3dj7cz+GJsGQrnfxgTQRrPShcfpedE7fAl0vI3/fV5FZs6+r3EKVFMWkD8jArQ5jdt/boM/cBIOADQIHMjkYlHfg+IRsrY7Opggrd7aEPlXhZGxBro12u6opVLwjhYj2pTleQ/v7AUpRAYUc9bvQCAUNz158Hr/39GfiSQMs0NylaGN4eA2P8MuYeT4LbsdHfYXWmY6yjtu3/DzWDNwm7k5JruzH6UJV08F6DIOn0qRkcD7xrmNi/AFLuECzVDzCV1d1jCQ4SfI69vcEZ6qHZp1iiSYcu8yaXbGO+J6LdruB5nKTuZEo4079zEyYLcs2hIAIoRFE2gF8o4GWOQFPX4KJImwKwg0Kwi1kslR2IYJvEhBaJKbBIcGQbpSaoiRaQGWFqMTWaQPW2zY+sHkziOk8Xki1v3LnBeiQaHUV0PJ9kxhTIlXz0dnhwR9to+Euw8+0BG0p5Y0IFk5ZRdtYgF37L2hkPgbNGmFIuKgdQcU4AFurwjQoM98NsVAcMNN5DyYvuTBOreDmn3xWZd+6pajrlYn6xc1YPvCTGHzkH5DJXY07g1WKLMmmC9fuyniAqR/fiVLnPaJ+jdjls0XYmTwyls0s84RgtfYGaN5ACJaC31OJyJh3sBcmSjWZSiFh0gsA7VYHV781DfO8hZG+MvpKJdiZDP7xyNfxVwf/XI40EGUZtI/EjOLkHXbZSYBJoBp1j9nbOSei23jjrl9HpSDQye48R5ebIH6fWm8VjySREKD96sNHovSbhAWRQqJSQ5GYXc39InE3qbIqIrvNbpffQXOljvayi3y2yMk5FpAOWZAWOu0WC4gnZ5CwGyWthxAMj92plnUFHWYAsWBrFQYFyEpkbItRC0Kn2IXKiBoxcq0oocRWg0mXJbkZB3fiteooZAiUijF1A4+uXYP1+VycFRcLlsx77z6BQnpEVhVobWwjmoiQ6ZhwfRdBPoS3y0ewpoV6dRlB1mXsgp6J6teIu7bguNDd82hjK9xOgCBYofFAMNBGMTqAonYUjtnusiQBHEw03482hhH4PobzL6FiHCVd3pNkTe7WdSNc+H4V0eJHsf1nvw/NaHe5FQyspjwPus9DL3nwDr4DVvsmaHTwbELOyrCII9gStKfUi7LyFo8ZJ+ODl4JOk7DjWgFJmWZZPyQccmqcOvWNcbRfamJkYBBrh4bQVyzgC099Ed+98M+yrJ/gcxE7UW6IYkqq+CUh5sa3micZE4GMUcKb9/wGctk0OtlbbPIaukXCBHHu6FcfOUwQkTRFUoVyGYkclUZuVxyfSHZ2Sd+oyqEUJEy+oHK76gvL0AKBKvlem6dD0fhkIlTwIwH5UrAuQnAPATroGItoZS4zYmWhAtsosPYiS0GaIrYW1F3H9PaSRI0Rqu6uQe4/Z7UjklvJMJWkULvfsfDIyDCG7axQBXHZRo/b1duJhghTmxdROGcj44vNYtYOLYI/GiK6yUcLKwjzHkr9RVT6iJUkw4V1xAbp+z4Pz6TZf269Cr+zyO6cGU5jQH8SOX0SFg3f1AAvKuJK56cQhAVG7Wharq3PoaK/gJw+DVMX/LcpTwIryy4ufrsBA+/H7g/9WNQoyZJe4SnI1F/sbwDP/zBAcOJdyLXXIMzkYVgF2NkS8vl+ZLM5OCQkjo3GIx6CkiIRVDmG+NOF36Ww1nSfuPqZjEGU69XpeDjyt6dRe7GB4dF+bBwbw0hfH371+5/Aqfljsu+ehIMsiI6BwWH2Moj3l0AFUpC1ZRplJ6xUITuGe3d/Elam8FpScA0/VmJNupWH9vGHDwqeiJhyVHX+CStCH0qmVRQT6lziLCyMrNNhy6IGwAsbS5rODz20GwQLr6C10gK1U4R+yAE6uViEYtGGU6Kvpc2hbcwi1NvIaHnYJuU0bOFOEcrBjB5q7oboDBSBOAXfVNUqBIS+SDDIx1FcspwP4D2TJGbStKufZw0du4sF3N1fQc7MxEif3GkRXHcNIxUqc65UQ2UpxzNMaLM4gUewd1aDfa8Nc6/guFX+GyXNMhmiGm2i0WhwzzWNBQtIaOi/5jy0sMYTqzLRFQxoP0bWqCLU+nHZfT+iwERIsQzHNkJRZfUJlPXnkSU3VPB389f8eBNXnwAK5bux5f3H5P0nvrUIGaSOlDPJn/6mBv3Vh2B0Brjpy84WYOWo5ZcoUCtw7BzsQRutd4dUD5h8dYUdKgi+TiauB2YlIWk1XDz7Hw+jc7qFsXXD2LxuLfJ5Gx/9l59DtUVEfTLNRoiwrmPN2AY0O0Q8BzGujrLoKx4CSngC6M9vx927f4W9iteWkCQ+iXNBqwAL2scfPqCwOuGTMSma9FRj2JePmIhP1L8yXolhYYFjxiUp5Iqw2xW4aK7UUF2c42E4Hb+JMHLhoYFAb8DXCBqNRHxhEjKlGpskGmXoMG2q5xHxBQXhpDVijliq/2HrIQVYliUISE/erySjFu9Rk6nE75SHMGiaeNNgH9blc7AZTZEulVzHtEsifFsBVpAi8LyA69HMsQysBw24BV/M9pbaWv1L8RCVaRtmgJX6EjqNDgKfatwiViqBtwIDVWHJog768M8wIg9zwU+I+JCQMQ7Q1V0T/BkgFx1C0TgDSyf3DJg4WcPCCyUM7t2G9feci8HINKNs+vtmK8TzX3NgXrwfkVsAqCQn249cocLCQfSnDlVEb8qi86CA8BPjk6zVa5/IHh4DuTZLc3U8/bsvI5j0sXHbWmxauwY1fwm//vgvd5Uq8URbHdi6fRePp6YcF8WePL12hQAfsSrr++/ELds+nKoWkCoqPvzJRDNV5tLdhqvyO+KcaL/00H6BWSkkQgWoqbbXmCKFsu3pnImszRGWJknIiO/FgnBsEZJFIbPY5kDd9Zrw/DYXlXF5iiQ54P5qlX3lzjxJtMAsJKL+i/MZXMQm3MDkP+kWSu0q7lkEdwr/F8N2JLly7JQoOlIx0GAsa+Otg30YzmZTIiJEQmH0afXJiB49w4gG8yEDbdNl2FEJhRCs7jIMEm4rQ5OlljmfEroUj9CwmADgzDEJiY6S/y22usvRQ4KMLnKFnpLaUokJJfl0vYVi+B04xiImX6qienItttxXQf+uGfHIquAhpdzFnkeYnvFx9Dtl6BfvQ+Q7AJWVW4MM3xepL6VA9EM5ZG7Nwb9LCb5ySRMYUJRUKehX3F13EWVq5WRe5PLpOez//SPQ6ho271iHTWvHcHjuML647/NyropEY3nkc4Qbb74D586dgpPPsZWgJWusiBInEty96/4vbBm7L1UvLO4hTlr2ajpl4+P3dMuW9kvvFAKy2lfiSgqXKo702HpIl4UTizKHoiyQTPvQhXkaEGXBI0KtAkaugtDnw0DlIiQ8DO/yjdP7hA/LzCDk0gmPSY4GTgbDC0GSAiu/V4kgEUAmB18MzkkjGgp5UZubPjWEzEa4vb+Im8sllGiUGq9+kp9ICwrDwTRA8n1Am/IjnPgUPemrLWzc66yRi6Cj3amiOj+PyKVhMbQ2IXStCUOvoej+A7xwPRq4GwaPeSALQqX9MvEoIX1hPE0Uo29D98cx+2ILtVc3Yc+jEcrryW3jjREBr5QUtZv08txpH+efHEB4/i6EcBAhCytPAtIvBKRYgZPLwXzAQbhF7EsK5I1TC/HF4+LDLv8rPmLKpSE3+OgzF3DyS2dhRya279qEdSND+Nq5f8I3T/5/MRDAmtyguecmtu+4GZfGSUDy7E0QetVuiZWms/Xm3Z9Gf2nzNbwJ6RDo9Syd+j1/7i8+9KJUd9IleS0GdjWkRbpavFQ0wVVp47QQsQmVOREqL6F6FdW3IUJ0MR02/p7FSZQHKDdPJWilayRY8KTmkvBsfPSlxYgtqeKMkvemtEhacF5Lw9F1i0TIXClib7nIswTTzOgx2kVn5d4InW2uGBGmBIQlPUKn7fOhJzcwQxl9qc6VpaSXy7UZ1GhYJpX1UCFoSOOllzAQ/mfU/PvgYzN0g6BVMU1XCag6h/yaktzBt4DONKr7m1g8dwNu+VdVFIdFNQDpCJGrOtTYAAAgAElEQVSpF9vPqkV+f/RFH5MHRuFeuJVKTRFqBThEnl3sQ6HYh1KhAqeUh/4uG9GwUFYsIFLaxH0ksVqsdnoh1J6gnd735DeOYvpvJ5HLOSwgIwMV/NWhP8MLV5+NzxWvvQ4MDA8jmy1ipTEnECzDRKNOsZyoeNKiCA/d9kWurlBfrxVfrC6+3eKj/cI7no/z7QlmrDRq7GcljOvCIROLGwuE1M4qmFV5FWn2uCKXA0xhCMmSMFwqzRon5GQbq5B0tfjk60ryABn/CcBAbi7fpkgOCeREbXo6G51YB7E/KWuRMq+rW1BxzbWWiTcN9WOYYyHhr8SHtBTBf8SHZ5ErKawHHfKF+RVMXFlCueJgw4YxlEo0GbYtXUvB9K6siW6EmJ66xBA5l994pDw6KEdfRRtv4kCdXCiVcGQPVrnC8l9q9bU730DQXETtkIf6hRtx00cuI99PzC6amOcu20NoHUSPhliNl5/wsHBkA9rjuxFFNrRMCbkSWZA+Tv6WCmVk+xwYP5FFVEogs/gMyH1QI7/j85FCzOLDGM+opCqLED/68gEs/e9FDAxXsG3bBhSKNj7//Gdxrvpq15ZQjLdl607ML0yTsUQmQwJioLbscfMerTuBO++47QsSWEns92puXjqB2bv36d9pH3v7c/I4CzOsZqbHmLbYyfgayn0R2SpxWPjP5IBOcXpkQE+tp7xIqoGIxVwcaq43EticfFfKJVHxTOohexBFYUzkfUnXQXhnSlCuFYTkIRJVQIshBtGI3wpL0/XI/HNbAzY7Wdw7UEEhIxAStnlbfbhv8mPrQVbk1TNTqC6uYNuOdRgd6WfhsCxhPSioJMKBWo24aBOXJwjauDJ+Dl7bReSLqmUznIIWUbaYrHRTZuilC6cEhCtyTZ6d6HS+Dr9WQ/0I0Jq4BTd89AQKJZrGKwshpQVhSywJOkj7vvwDH4uH9sCdGUOgFWBYfWxBSuVBlEtllAolWIM5aO+xAKY7TlgcVXy1GojRVTOTLHBcArK81MSTXzyA5r4GxjYMY+uW9dAdH5958tOYa8wp2y+CZQPYuftmXLx0gtvCTZNiEA1LS5STEV+Dhd24Z8+vxZOrlPVYTfmpZ1DxskhsyzMl4yMWlI89+Gz88zjGuO4hU5ZDejpdiJeMBOMOQsH4J06SFIK4PEGMLRNaWPaWsUVKBIJ/m6amT/9eWgJ1faGdrm8prhcoqoXrzaamtXuyuOITHE3DfQNlbCjkkNU1+G8P4Y6Re6UsRw1HD5/Hpi0bUS45GCj3o5TNI5Mn9IoKu3Q2pi23iToNJZWbQc+ysDiF6StXoXP5NDdGMI1pxqS6LqoLc7kEn9dMtSRIl0vXlmB3/hfcFQe1g4C5sgO7PnIIGSuCRUigbGHlNvbUifHawMuPR1h4+ka4K4MItRwspw+5ygDKpSGUimX+z1qXg/awATAFlVSM6X2QrnnitijlFQOCqbMgFNHl8Tm8/EfH0bnUxvrNI9iyaT2a2hJ+68efQqNTl960OEemZWDzll24MnGW4w9qbSBlU6+JmjD6tG2j78TOdY+sLg/X+SndR2kAuOfdAV76HrA02128qn30gWfFqVSOY/p75a/qMpNOvdYpNnNW4qrBnZClrlgkDf8JqxH/OqYFkEISH365vPJz08jDtYc8tRXXcZ3EQVcP1L1Caf+zF+XoqixIhaPSxvDxGLZM3DWWx9iHLQQ61aYRmhVh/wunmFKur59K1DNYmxuBVTBg5kwYNHjHouwf4Js+Om0PrkEwtzo7Ac6fPY5OjSpTKeSggJ2CeXKP2lTeh4gYVtiVE0KSUJpNwfF+gLb5PkQLOWgT57D5Lc/DzAAW5ZC45EYk21S+hD63sRzh8GMB5p+6B26HCDvysHIDsCv9GKwMcvxRzBdh7ckhegshiSpnpkg3xGHvPT49FZdJ5W9qO04cu4rjf3gCWkPDpu1rsGndWlxuXcRnn/4Mt0OwOy1Z5G3HxtjaDZidv8IV5IZhw3OpyU4pWg23b/kYRvr2Jhog0bfiiKdjopSzvXmPjcqmGRx/MgevlZDQsXX8+QefjDgCigU+rV+SMuZE2/ZIU2pxOInYZX3UsilUSrwWnIOy9Dg+t0nDjDrYquS4V/gVIvFaloEPvbRe13tfL7Kx+vuu1RzqfcU+Az/9iX4GG+jQEvPGs0+9gtHhtTwyrS/jYG2uD5pjwMwaMDLEMK9xUovyGWR1XLIOeTU4j6pSZzFx/iK4doJbSsiKGExIoRFxBNMQdRj9E9EZragBMzoOo3MQrvUBLsXJ5SwUoueRy7yKrNlkN5JiEW6H5YJt8X1tLsSRH2Sx8Pzt8IIsIq2ATLkP5cowBir9KORp/EIe9r0OwhsVMtjt2sqAdJX4TqydgpNjSy+h6kOPn8XZP7nAa7Vp21psWbsWT175Mf7zoT+VWy5UMN1nvpBHua8fy/V5OE6BqyjarRAuNc9Q0tCwcffOT6CUW99FnJc+O2rf1myituIQcxMhN6ndeE8WbeMyLh7oh+8SBWoixdpHHnhc1GKpGEL+yw+jXKjYaqRLOLs1eDoIUyIWB9gqGcFmmErAU9eO3bAUIPB/aCRXO9DpqpvrC0Z6am4qB8T3kjzXarFI+tbGNlp4z0crXE9Ewnz+3BWcf3Uag/0jsLQM+gwHo7kyTMfkSl4tQy6WsAwMVvgCzQMN4s0IV8J1O7hw6gS8VlO4X1SAR3W6oY1QJ2YVgsU7XLPG/Sbcg5NBxn0Gmj+L0H4UmhHAsihzryNrNZDXDyGvn0DG1BmNE6yM4uDNTwQ4+s8VVI/eAiK1i1BBdrCCSnEEAxUxI7GQc5B5dxbROpVXEognOwUqybLqnimXXPjKSfArAvTn/scxTH51CqW+PLZs24BNY6P468N/g8fOfyfOYQkB0VHuL8HK2mh3VhjJIib8ZpOSq+IAWWaZixQduz8+3iqeFIlNeex14K4Hs7jz/jIuv1rH0/9cx67bs7gycxHTJ0YQ+knJPYvnRx54TDRO9wS68QXlhaknILYtaaWqvDOVJ0i9Kcb85eLx0VOhilDvMpfRYwtXWWx1revBdung+rUQCmVq4+usMpeOPz7tg612P9CwfruNhz5Ugu8JC3Lk0CksLrTRl+/nxGaflsOwXYRhGTBtqjYWAsJ5EirSpBITahuoRMiPOeJjI+DSxVdRm55NEpURuXRr0PCrzBjD/fi6K7i6qJ5NN2HXvwEYfQjNN8PIBBy7mGSxDJ2LRrO4iIK+H06G2nuFRadK5ounfZz77losndmFMHIAvQhnpB99xUGOnwo0q72chf7+LLSSzEfxyenx1VPuS+xtKFdAoVmp97TbHp76i4NY/NEi+oZL2LZtI9YNDeFTT/0Gzi2ckodcHFYSZIJ4qWaPksvUB0I9/gTxKgSLGN/v3vlrHLwL/d99SLu3M8L6nQbe8kgf+oZNXL1cxQtPXcb82VGEQexKCQXw4ft/qNJN0pdUDrHMOLPPGUM80CJBtSJQgFVOkSzriN2k2I9JEBtlUOgar3+Y0x+fdv+uPbW9FqP32uk9TKyDIA1IB/mxgZVar9upTd65bpuNhz+sBCTEwQMn0Wz4KFgltr4VPYc+jVAoUQ4DIh6ga5LmD0IuWgypzCSIUL6DBEkcump1HhdPn5EBhpDWEXcz8qM26s15LK9UmemR2Fyo9yTUIljLf4MoezdCazdMPeB4I2MQtacB0wyg03zDTIisfhEF7XnYRounVp3c5+Py93dgeWoTojAHPVNEbmwAQ/kB9JWJWb4EZywL/VGLiRPEGnYPDuX1og+MlV73WIXVLHl9pYUn/mAfmkdbGF43gK2b16FQdPDLP/w51NrL8loiGUzu4doNG7FSr3LNnZiia6BZJ2hdnImBwg7cuf0XYi6spIxIOXbd5BD0Vxk7wq7bshjb6eHk8XOoTw1j6WohhjD5XPzsfT+IRIkHQWkh1wkZThum47EmElWUCWcvIxgkJH4GbsNG0LYRePQ6MU1KA4uFUbCWtMqqLkqdQgWtyegktlwy7xFro9foVIuFMVXqsIrSv+ZHqwXn3UKV0kLyPsV2iEUfWGPi0V/sE2UiYYjDh06yVstliuyy2n4Gw3ofEzJwgMyGWrBC0nOKxGKI0A+Q3WCjsCUv0KkwwKFDL0Nzk8m4lWof1lzdjM7ONjrlFVRXZuAGbVAbcOTmUDo+j5U9K9CcPHTNY2ojulcikiABpc9nJIvcrEyEvvAfkTWX8cpTwPQTd6JeHeTxC7BKqKwdwECuHxXOoBdQ2JEH3iHGLShm+7jOLWUlegUhWd9Y5UgrGWFxpoYnP3MA/qQvEKyN6zDvzeI3n/yETCqLWjnlpu/aewMmJi7DzlrcxBWFOhp1QvTEtq7puws3b/4Z8eK19WiqOQXIFXXsflMDl85P4b63b8HSbAZHnvJQnZMu2b++73uRmXXh9Ldg2gGMjCfoa1R5BjeqKP9NzqAjs80DXYgEwEC7DjSWTNRnswg6qj2VHdSEpJovkdy5yGNc/2nSgVL6ZKcPNR/VdAN+6hOu2awUGpUO8rtrdIRAvB4srO6HFvcDnxzgQ0gu1qmTZzE3u4JCtsI1ha5nIKwVMJbLoD9LB0wIl8gbEZIbQpNCYhYN9N9ZkRS+Gk6dOoGVhaW4Y95p5LDj0g1cAdxxOuhsbaFZqGJ5fhGaV4JzoID6rVeASgO62QEMHxnJWUYKjgN0ntEBhNYQyp2/gGUs48wPbcy99Ca06jTXxEYmV0BpZACDuQoqpT7knQJyd+cQ3SmDVxZyVQSqvILEIb/e4ezdt4snprD/D45BqwEbt61hAXlp5nn8xYH/JKqxFZRMUIQW4uZb78C586e5r4Yy6IGvodkQfCuk6XeN/QS2rLk/TimkTlqspHmvUwJN3/YN6Vh74wJOv2RhaKiINz5cwsgaG4efr+LlJ11on/7Fb0SZPOHrHgKuQJVxgdSYKuMqrpvKgzBkqMGyTeRyWdhZG61miIUrBmpTNvwOVdh2eWcqeXJd6LX7YMbRuzyP3WrhWm0l3pZ2nWLrE8dRKcpJqXquJwyv5/op0f6ZfzsApyg+6erVSZw7dwVFpwLNM+GGIVbmi2w6K5aOMcdEzpCs51ycKyhTKTGo2zoG7u6HZgu38+rVK5gYv8KuGu1KNspi7cRa9FX72WK1iCp21Ie3bQWtcx0E4xrat8wizLjQzDbTD1F23dQFVMweAvfXa9BsB/nmX8L3fFx6soDqyw+g3XZofjKcShnl/goGizThqog8VfG+MwttKxVEij0QrbpJ3BpvdJz4vL4KV5DwwSfP4vSfnYfuGdi5ewM2jI3in87/I7518qtckCocD4p7ddg5C5u37MaVq2dj7mi3E6HTEu2uVMb0hu2/hsHytjjZfI13EGtZWUEgb3FkvY6+zQs4+2IBgUuV4sDeexzcfX8F7XYb2uOPPRX5XoR2K8DCfBvnz1ZF+yLXBRGtI2DbBmxCYvjA61ze3aH3kAucEUJDmeKsk0U+n+VxCRNngfpclmllUmGIlGCVT1EaW8lAXHwVZ9sT65G2PmkUqpvkYDW3KW2BuoRGTlVNB/i9742rXlbZc7Ia7/iZCjbtJja/CI1GHUeOHBMDJ32TA/DGkg3XzbKbapsa+m2dS1YoZ0gnX/T3h+zK9t/dDyNP2fYICwsLOHv6LHPecm4w0tF/YRjb/fXouB5acnSybwbojLXRGVtBa3kJrtVmVnpNJ5olj4WEZpnoxCksh+xouou8+7dYqQFLLw5i4sBDaIYGspqB3FAJA+US+jjBWUC+mIf9XhsYEVXUSoEK+egBd6TWEEWk3V9Kc4vKBR1PfPUwrv73SRRtGzv3bMbQQAV/duiPsX/yxTi8Fpk1A0Ojw9x412gtwc7meFYKxXou00QJ6/XgTf+By0/SX2noR3kksrcj9hQ27TSglWdxcX9f3PdDVyxWgJvuzUF7+imZKJRXrtc9HD+yANvWMbY2h0o/sWPI7jz5HnpIzw1Qq3mYnW5gacFFq0VkCzosS0exnINtW5i7GmD6VQte0xCs8PKQJcFyj8vF10/FLV2PK4UpHtOlSkISYUlbgzTqtSocfE2Mk7ZAr+PEKmwiirDtpizue7QoarCiEMePHUOnY8IkCkxPR6ujobmcj+dgkP/vmBpG7Qwc4kZk3jHBodV3ZwVGQTBKLteWcfLwKWJSFYV4noGtE1swFFTQaHXQ4S5GcZ+UXW9ZPtwb6nCjKo+ucG2RJ9Gph4RiSSK64/NswAjHkfX+GctTOpaPrcX0gfcw0wrlaQrDefSXyugvllDI5eFUHNjvs6H3pduWJZrFn58oKFY0acAjhYrIXeX7pef93t/sQ/XbVfRVCti1ZwuKJQufe/53cGHxXKxQuV0aGrZs38E8WDQ/07Jy3Hpb5zZb4cLbRh8evPX3xZjpuNCdwgS5UXL+ZtrSsYmKgBvusVBrz+DKYTFFNxYqUV9yrYDQM8m5JPwH8djd1dSwzFR7XoRqtY2Lry7DzgWoLnSg6zmUSjkykJi84GLugo3Qo9p1lYFNTfvpOo+yFkIFxXGTWrdXmaT+pW54jSC+1//tdf3SdURpYbpuJl+iNfRP35DJuZAMFWsh4sE+ly/PwAgdRIGGjq+jtewQlylMi+Zf0MRXJihEnqFgHTYxxmgh+m8vQ8uLTa/Vanjl4ClovhhIk3WzuHluNzKuibbrcZsv6RLOpkfEPxagQywz/W24G5sICzUeqUzM9XpAWtuHbhGhnQmj/Sws/2UsX4nQOL0NM8ceEoQHWQ3FviIGygXu/S7beTgjWWTem4Gek7035ForFEtZEdZrPTigtFZKl6QFpL7Sxg++8BKaBxpYu3YQ27dvhJb18dtP/gbmGrNxdQY1yZHV2nnDXpw/fwKFcplLTAgxW1mS1KfQMJjfizt3flRSr4pDTjmgex5ycPH8JK6cLCbzNyUYJDKsGt7wLhOXzs9j5kyfQK7TdVj0DM88/VykMtZq8It43ms1c3fxlzzo9GYpdvT7ixdmcfHcAty2YDrM5bOo9BVQnfcwfSaDRtVEKGlOlbljPdSLo6u8TFy5q4xkUoW6GlyxWmwi4pLXsQqpZ1YuVzpgvzYmEVtvZTU88qEKBsaEW0ENYefOnEK7bUs3Cwg9E512juuJTItyEyKjzsYyjFCGgaKmY+jWErfsklKq1VZwdP8pplei6oRCx8HtC7uhuToLA5XQU0ae8il+SFl5ISTENujBQ3tTBxiqoR014GcEuwqJmmYbMJZ+DFN/BfVxF43Td6B65Y3s1lE5fr6cR6VYRCVfQD7rwNlkI/OIAT1D3Yti9JuKRcW/3VYkPjvpXETP2k9OLOK5PziIzgUPm7aOYdum9WhoVXz6x59E021IH4KiDyLmMLF52y6OP/KFIvehU5NUs56Mcdg+9gi2jj4gPpELuzUUihbe9ws57HvpEF55qg+mTjGWwTGdcAEj+F6I+z+YwdGXqli+WrmmqIh3mATkOsbhmh+/Tu6M30+H/vzZOZw4OoX+IeKT1dBqmjznIZ/LY27Sx/R5Ha2qFU9qUodXZcEZI+la1LgtUJQRyCxuOnPZXay4en6lV0heLxBPZ+Vfa404qHsHkQSISttqdRpXxmfhd2xoHk8TYdIFLbJh2bTp1N8ke2Vo5IJP9VI6dt1S4VonZrhfWsGRfWcBT7QFlNw87ljaBS0QFJ0kCEySIZusvEDwjPlaAN8N4LoeOrYLb0Mb2vom3OUm3CIF7Ra8Z2k9zyJ0L6MzdzOaS0XO6NNhzDtZlAtFZjyk4aG5mywYbxY9/0I4JEdYSlCUUMT7mCqlVzVZaQty4tgVHPvDE4jqwHbqIly/Dpear+KzT/+WKMbkjSUB0ZHNORgd3YC5xauiacu0eTRbu6l2RMdtm38OQ+XdGF2fxdZbXbhuwK3NG3eYuDpxFdUZE6aehdtxcWKfjqDNJcl8aw/+rIGXftBAg+rXFJiTtiLPPvN8t9sVp5C75Sbt0692WNL+J33wM0++ivm5BrLkXfjUZ05IVwb9AyV02sDMJaB61YTXThqu0gusPkN0MiYE47EgxALUJRrdUctqVkP+7PXsSdoNU4sZNyj1qBQrC/zkL/ejUBbxA41GmJy6jLmpFoK2CS0k0mXaEUGVSlaHZlow5Ep97X4AJ5vB5h0lkWEPI8zNVnFs/znZgaBhyOvD7StbEbiiZo3Z92luC1GU0veci4lQHVmGPqvDaJnshpHgeEMBtBvaCDoNBFYI/8kcUCcmdA8eEWdQJXJA+RITjm2h6OTg2DSTxIbzFgv6XsFMSTGPolASpBjKMss8mhIMXlw576rHn6X12f/EWZz50nk4GQvbd6zH5rVr8Pjlx/Dlw6oGS2bQYSBfLKBc6UetIWqwiFK23SRmTyFyhpbFXds/jnJ+PW55cw7zjWPMj5zLW7j7jdtx9MgJTE/VeSyC57qYuVBEsLKWJ+MWyjre8J4QL37XR6dmJ23nMhTmvXz26RckB4zs45QuU6poN7YMvdlmdRpjTZxSEzPTNbz4zAVJ/U+QsMVUmJRRdvIWCvk8Wg0Nk+cC1KZtDrgSARH6g3xrRk5UcJ8G2SUWz0GhMvNCL1xTJ9IdvF+bme8tX0m7l/9H1jUCtt+SwVveW46LWMPQxezcJOamOvBdYdrJTcnQxCuackXdhdxnrjEryvpNRLOjx2Xz45emcfroBKjhl8CPrGFi2+UhZNoO+gvkU4vgnOJFn9wrtiQBJoYXUJiyYbomCwfHKhGRuQfwhz1E21z4p3wEFyTwogVwfQriQx6vQOAKjZvO2TnmvbXeZUJfL+qheEQa0SlJ65F0R6oUQE8vTRr2ldqFarCe/6djuPCVCQxWCti6YwO2rFmDPznwJTw5/r3EejDfgMGTpQjB8vwWk3cTmw1l0GnMAT2XnangDTt+DTmb3KgM5uYuo92po1S28bF/vwsvPP8Snvgm9ZZkBZcBsqhUxpC1C9iyu4g1u1dw6DETXkswOsaKWZ2i5559QcaoihbvGlcsOXO9509pUtkFmP6A5aUWnnrsDCe2YmPIZQ9ZTvSQP14qO7Atm92u2QsZtFdMzpCK+0yC79Qr/rGKRhQqIToK5afE8Ua3jXitGKQ3iH89oYiD91Ri0slreOhny+gfESMEuNbJCDA3P4v5WRdBU1Qj6BkdGaeAjJ7lxB2918kZGBpxGD6nWIJMxMv7XsX81RrTLJFwZVt5bAsHUX6bgdq+JnKTJGiC6YViD585yULU0RHMpwG5YR6jXfzsZHWIfDwTINoreMjc4wCWiClGQ+aWAPopm90o2zCRpXkk+Qysn9ShlSRRBpFHk+XrIuJLhEP5LWL74l0Syylft1ounv7zg5h5fAnDwyVs374BaweH8MnHfhUXa2dk5EKbTJ9jYnhkBDRtjIo0aUYKFSmqNlt6rrw9hjds/2Ueq8frznRUGnLZLG68v4bDhw/hwiEHxeIIk98JyyeE/La3lOEakzj7YpFzIOI2u91z7bnnXpBBelrxylIv5YsptytOCiRHKPbbEoCMfzk3s4LnnjwfWxDlnojDQ1l4wYpoZ00UizRl1mJ6zYXxDPx2Ju7/TmDEpIstDtfTEi/HfHVnwlMll6uUrqwmCIkrKUOdHlSDDaxEsdIHgoRmzWYDb/+ZCjJW4n4Qe4kXtDA1STQ/gsxBMyOYJCiZLIrFPErlPLtZnBMJacy1hx999xhziTF8XM/jrs4mjK61cXTdeXSONTBcH0RpNIvsJJEsiN4QyrtwHCIDdhIc1xM0ofRcihSCZ2WVfQQ7fBiUTzgCmDcasKdMoEqDTw3YlgNrOAP9vTpbPiq+JJdQuFqCfC8O1vl1AoTEyihlQVQWe6XWxpOf24fFE01sWDeIrVs2wLEz+KXHPoy6J0i5E6I/Axs2bsby8iIXe1INFp2dek3S/EQaBovbcMuWj8ocjbgnsnIEEXteHZNzxwkCQbE0wGPA2QJKtpu3vLuM8amLmDg2gMBTTWApK0L3/9xzL8pGjNRx6c2wpF4rl0Y8cKo9LWVN6Eq0EAf3jWN+lkZ1xYmDLjeK3C7ifCW3i3zGQiGH2rII4hvzFkKaiRgH7MmGqOSQ+PiepFSsuRKUTYhJ+sETmyQSV4lrEEO+XZ13yZiwBOnvZuBTgnPLm23cdh/5ykpIKNGagZ3V0Gl30Gp12I0ifz+XI783g1ZLsKEwYQOVzZ+dwitHJjhJSCUV1SuDiNwM9hZzyGd9FNsaht5r4cT5M3BeKMIKc+grFXjAJwtUSEIikC4iqBM0ROJ+mXFf1o75xDCzOYC1wYe7EMB0IkT7aeRbBgUafLrVgvZ2QRwohtgI9I0PoKRo4pWUpfPXCAYLjeIUEGs4N1nDU79zAN6Uj01bRrFl0zpMdSbwmad/XdRgKRuiiVkmO3btweT0ZUHzY1g86KleJ80h9nNN3x3Ys/79sRKQ5ko6F6QUBLWUEGjpaVDOxwTe9v48jh+7jLlXB7kqOK321ffa0SOnokZzmTdn1a+egx//YSolQwvfO9OcziOhKUcPX8G5M7K/WFX6qphCSTu5XMzQbiBfyCKbzWJ+0sPMBRPtZRk8qaXrghYT6FdpydhMpqHjuF+++2FWc61WQ7ZWi0lU7JmOX+j7jKXhnofz2HmrLLuWgSwdKB6hRgyBNPyGDq9HAboQCtUlSGXgzz15Fs3FFv+8vlhCY5GCd7HyFVPHrqyNgQ0+jl2ZxIbFAmq1NkYGyqiUirwPAt2iIUWCRon+ZQGWKBsxNHqVDjArxsKFeUDfHiKzK0TzcQ/aVIabpHJ3ZaHdIZuspOUgdFqwWSYaN7YkSjmpPVKLlMqRnDs2hZc/fxxaA9iyYy02r1+LZ6eewl8f/GO+RzVWjt0gaNi150ZcnrjApNUUf5DCaDTowAtLvmP0Pdg4omYRvnZ1uNgroaztnIZ7fyKDIy/NoDouekjSwqUUnnbwwDLb+gIAACAASURBVPmItVunxs06gp6np6FI9UykapqUpKvLxhnUnhi51fTw+PdPorHCdQGyPEG4L6KlkmaqC0I4MbxFDLyh3EngRZi5HKF6xYbXFjOyk1giHdRLl1BeP410xb9Jo14KJk4vi4x7Vit971YcqvMxFfR0uV0kESHe8p4Ctt1EWV9R4Bkvfw+ypkjmlPU4e2oaJ49MQPNDtGsFLM/1ybIbccC5OC+KMGIZuDVnwwkiNFvUjgvOfFPFrmJXUfkR+myChmm2JC184IS4VJrB+qv97I7pQxqwSUPTCtA8WEc0FWFooIziI3kYWxKLodwsHkTEyi3pTVeBe7LHqRhEngmiZt33vTM49zcXkQlN7NqzEevHRvD3p76Cb5/9pzhOISEhV4pyaGvWbMXM3CWuKiYEq9MmiJdG/FEJTsg1WKXcWnm2Uw194oBKtZoUtSqFViibuOUBH0dfWEF9pty9xbzO8tkOvXyeG6ZEWTtlaBvoUJFLr1uV/jR5udfLIwgpjPDCM+cwfmGeyY3SlcH8DHKeiIIQma2dxhroBrI5SjTaaNQiTJ7T0JijWhtFPp1AjvGm9AqI+EUimN16ItYYPauzapI0VgRSlaetDz2jEizVBGvZGvbcmcUd95diZIvbCuSapMM6tiBBiMmrVbz80gW0Wx7c6gALiNBX3YCDYomh9vZ1loFdloVsRC21slJBEvZRtbBy3YSQCC+BmOivRgsYW66IAL+fsGINYc2H1yKXDCj3OSg8moM+IvaMFJhIcIoxBGKshHBdV4N703ui1o4E5LG/P4TZ/zmDfM7Bzj2bMDowgP/npS/gpZmn4wBdzNM1Mbp2lGHcemsRTo4QLAONlRBUucE6LtTxtr2f5VmRiTwoDU0HXCUT6dLy0Mv4sW/EwI67Gzj2DNBecmSR67WMNtqhly/Gkzhpo4gggBg0Wu0VBL4wzWmEKI20pg/WawnLC8+ewoWz87EfyNqGtU/CfCKUkYozyEeUBNWGgb5+6nEwce5QxAWQKvZQ8G6yGfLvpWDEIXrqgHHkFGuWdGyi6JyTp+qB8ONK4XQ+JHa1VHWwdGXos0lrr9li4K77yxgYlawmqUUTFp/6qgNm+Dh+9CJMPcLChTVo12micHoakvhDoQET60WvHR24jUgNaB4889cIi0ECoQJ/ei2ERNbaaxo8XyQXOQajuIVhY9Grkq1YsKnEpCxjD57yRKQsUmDkUKLVhCPel644jnI3Eb77J/uw/NgyBgcK2LWbarCy+N1nfxPnq6dlok70gJAF2bZjN+bnZ3goUTbr8BxFYq4PCOkEkMsM4N49n5bTlXtQy16t1+MFjW4wMLa3ild+nIXfVkQNokWjq9zk8MELvAtiswRvFbs/VOildVBv1KQGVuhNt2uh7kMcFOXQJD0VpA1/+C/HUF1cTkFsKhtLn0wlDDKMjntQxMqKbjgxHMfJi9jk5IsRvDox5wnfWGVd1XiDWMgkgJAE6OKA8OYpFyvV/dgl7FKXySMplf1qz620VeL+xNeJD3cEO6dz38GWvTa36Tp5wURPrCYT4zVMz8yi2VzkBig7o2H56hiqV/tiOUjiHCUgaWERNov0S7+h45aCg2GDUEDZc8LcwYoBJYkzlUtHdV7Kn1efQ0iVUTJgvEun3KZg0ZdBOQsIGSrFm6z6Q2ImS/H+WAvFaxmBJtE+9ocH4L3SxOjaAa7B0rM+Pv3jX8d8cyaG70k4DI2oSG/AlSvnOJsuhjLpqC2JNlvawpHSjbhp8welZUwUR7ey7vH55YnZcmMGzvAcTj5V5jbblBPcJVrawQPnIuVLCi4qcUEVFNp2yNaEsWhJNib2XuI58rB1oVtypBvFMyeOXMHhg+OgxBl9qVmBfMDl2GGG5hSVaKpRSxEC8CQpw+IA3m9ZOPdyBgjFhNQEbhTZ17QVSpv53gy8CDm6tU4X0pXW9N06O9Z0yg+VxDM9OitJvCpUWFD1aLCcgJUCcVJZDvDODxahW3VMzUyiurACv2pj4tQadKjhKkZX5LQrFR/KfVcMlWrDaBV25CzspD50WlOeqSqsibIsShCEa5gIG+sOqXj0rA79YQ3RgLAwTBrOXYn0wSIXovI4KkhP1j7tFkqLrWkYvziP/Z87DG86wKZtY9i6cT1q0Tw+9cQn0PLrQoFxgQnFoTY2b96Bq1PnOZtuGllei/qKHP8ADVuHH8bGkbtjN08W6IpzwfLSu7/SSwFw470W2pjG2ef6U9ueCJmKoLQvfPar0VvffgtyefLDlGCkIUxaIOJmCtBs1651u2IIV620WJx6o43D+8YxfmERrt9GEBB1pvBjeSQaLTiZUomvU48xm1ZZbJY+3EJjUe6E6oMcjB/JotMQlZ7q6eg6wjSrRemFhYVVEoOB2Fm5bnySnPRu7ZN+xYcsvf7K7xJ+UHfZdAwKJN0I8WdowAPvL2Pdjggzs1OYmpxDe9mD3wjRnivgytVhwX3VK34xHt1T9yI/Oa9r2JG1sdNxuO9dOAgiVuoVFLka/DhCGGSuYysQ3UtNQcJaM9xL3aZcFKhikwQ4EZ6AiE2EMpUQvHS1jh28jNN/dBpBE9ixZwPPAjm9fAJ/8NxvSzeJagbEICSqAxsdW4u5xQnJpGjB60RoNsXz0tm5aePPYqC4VZyBlIEXspFUjZPSz/dFaNVEXw25k298Vw5Xr87g8tFSUhYvbKk8U9Lj+PkPfCkiav23PHATtu1cD8ex4zZWpWnohijYo5HyHa/O3YeiaFDtmiAecF0fzbqH6ckqzpych9vyGI1p8EyQlhzFLMejyTEG4kHEhrCQSEhQjUJIPzvNILTtLKbPFNFapsAsFaiTeyenSQnhUsKS2kAhIcltx7BzDzyo/PxrFFDiUvGTp8MBeQBF1jql7dX7lMgoza9cG0TY84Ys7n2oglarjsmpaUxPzyFq+CBywfrVQUzNl2T7gnKHujcxDRBI+y9uL4rQnzFxq5NDPwXW0urzvsqciPAExE2qTkFiOxFuto5oTYTo5hAYoFIZgVyxu8UZaTW6Wq4pI1sy0FVuM6+HoJl98QdncPmvLnMFwLZdG7Bl3Rp8+9y38XfHaUy1EC5x9AnuL6JULqLeXGEmRZpYTD1HbltYBgMWbtv6URSyo8LyxG7ztXkJEohf/L2NWJir44Xv1zB1ycfbP5THK/vmMHM+L/N5q+cztI/9qz+PwoASVQEjF2978FZs3rY2nnGh0BpaUxq4uFKvodGgBqkm3I6HdsflKaM0KajJ//ncTMWTagnj96k9tAkvaMopTDSFVgiCmB+okk6yIQfCdRKoljSJ7DmJ00pytHBhEM1lMVQynj8oF5fel45NhOAl1xIb0YMMdZlidWSUCynlIO72SlR5t9FISnViMUpH81I7Kf9Y5CQApxDhHR+s4I43rMPU9DxeffVVTE5NodMKEDQNNC9nMDu3BkFodFslPtIioE7EpdeaiINPEc+IaeIOGoApyb+7kDdpDVUpuxIUNS4hsiP4awKYdxvQc5RVlxpaZtBFZl3sUXrPlAWhnxEQ8dx/O4qJb82hXMpix+5N2Dw2hi+8+Md4YeIH1wTo5Uofl997oRcH6I06dV8KwbfMIm7f8lFkLYLBlUO0Siwot2twNIN7H+7H/0/ZmwBZll7lgd/b7tuXfLlnVmZVV3VX9apWtxoEQgKpLRAg1C0hYRuYwFgxCAk8QwODJ8wMATZeZgY8JgKG8WAYx8RMGEM4xjBgjKwFENqaVkuNWlK3uqtry8zK/e3L3d69E+ec///vf19mg12KVlZl5tvu/c/2ne98576HG/jKc8fIVVx87qN9dO+WDPgiRibPpUuGzEd++Ndj3pkX+jyjPJv5eOSN9+DNb3kYrTZBlElPhLrAg+EQo8EUo/EY47GHydiDO/UZmgw8YaaKDGfEVG2KNsPxELPIlQ1RpKpBHCL2QMRbkjSLbjTteyDEgtIpzRbVh5vvYRbcXKPOZ+jJAnlWHbTQryTN0rx/HUESWFKZXZKOmchqKiv1uemZz1GyVifSrsmUy1aGnOa1WeUjv1edgNHjG4sx3vbeOlbXSjg5PcLh0R6O9u/ieHcfo24Huy/fwOLSj6DobCoESwculS6ZtCCJ5vy+FPBCjsqf9TENDhDOTvCNjRU8XHsjyjQfYfo3iTCHOBdVaKv5czoDDAeXZ8h+YxbFe3KgGkVf64RyIn0Iu8uu3xU5zz/7lS/i+FMDrK81ceXKNjaWFvFj/+lHsDu8mRToXN/ksbK+xivGiQVdLBKCRRDvTEiKGaBWXMFj9/wwbyVL57ryijYCaa5YFOPa4xW8830buHXnBp7/0x66O00EJD6nb5n6/Mbgf/rH/8/Y8zzmypOBiLEEKJXzePTxK/jWJ99kwjVFkP5wIAYymmA8cdlAyHDcaYjQjzBjIxPVQLpRoTfF6eCYVQALjoMCzRVwJ5YKb3JFomDBwzgcltVWWi1FpMK9PmS90wC9221kYkI1dPSR9EGKel3wa2UWDRvqAl5HJWU45w5TqXolCRbipdNX3fxUlzQGDlIeSEerVBGvnLz+XrE6w6PvyKPR8tHt3MYrLzyL2y++iNHpCfIlB954ivrS96G9+B3sdHSCaJXXKVAlsZcYQ/81HA4+jWm0hzAac1TPooCl7Aa+Z/P9uL9G6w4SmzZookL6pO6Q6ySbtOgZIkQLEUrfXEBhW4iZErX15UigejswD/ouPv5zf4HxKx62Lizg3iuXeHjswx/7YUyZg6XujzKQ7Uv3oNc7Qa5Ie1VKfC5IqFqjc+3avXhk+28zn0+nk7r+TFA/FQ0s5Rv63XsfqWLjgX2MxlOsV3w899ltHO2onlyyYI5dWebnf/a3Y3cS8MZVj4zEDxkf58WSQYD2UgXves9bsLG5zMbTHwwwHkwxnIwxHnkYj11OvQiyDDwa1qHdhGpbkh9gb3+Xd2JQY4gIegTXmZXNxFdSRRmLKisqNeehFpVBcHpatRWgs1fE6KgApyTEM2o+UW0iYd5mmlrGojhbScjX0UWlCuJzLHNQ/1bfSlKmBBhJJTO6YNaESOvU6ZikA5Gk/9ajMxHq668gHn8Knb2bmEU+xqMpRr0J8rUyZh5xidrYuvKLJp2SN2rwp1R/hlAtb3aCg+GfoOO+wAWovL0kxw5ppiQC3rz4LXjn2ndjyVlOCmqlVpOJpN7Q6ap8Fb4YD2zFEXIPZVF8NI9sM900VD5c1SPCbD7eHeAT//0XEHUjbF9awdV7tnFzdBO/8JmfVgW6IFi6g33twTdgb+8mw/sE9ceRGIh89AxzsK5ufrdBVs+LIsZk55ghxOKdOa9h92sVfOgDvwQv/xi++PLb8aVnmxh09FkQl5z5pX/2+zEZxpQPug9v6smgjScGQquLCbnYurSIt779MR56Gg5GGAzJQCjVcuG6FEECBO4Ms4AuINDr9nDn5h4mkwEvfm+1KnBKMm8gG2r1lJqKHlyoU7pk7zXXoZ+mEmcYHJZwdDNkMYRSrSj70am7Swaitt3KxFsiMKCAS+PpEqao6gDrBT0qTTPzJeY8KSuxC445U0rlKrqZdxYQMXHFfji93nT6CnKT/x2FWhWT0Zg3ANOyndEw4tVqNHLYWH0Gjdo1U1Anz6FKbO57hDgY/ymOx89ihqGxo/kIRoLNGrGkwaonL343ntp+OtFnViUzOSZKhefrNl0/EREyrETIvzGL0qPEmdO1nfTBtEenr6/95QE+849eRMnLCcS7tYmP3f5T/NZXfmmu/qB7F+PqtUcZ4qXNUzRFOAuVUJzmYK2/G5uLT5i0076mJtCf0+eiz/2O97axc/BVxKchfvCpf4VZTBuEG+hMvxnPf+3b8JefkSEy/tz/27/445gihu/7cF0qsj24E495WVSEB76KJrzf28P6hUVsXVpBrpDlesDzybACLtKJ6z/uT3B00MGgN5StUojhlEjppMq0EYckb/KWgbCXEu4N85a4JtEqKlI0+W4Gvf0SeneBUX+AzKyIcptgXtl4yxGJDUT1VghpUZx/ra2keyrzNYouKukCM+FS4ecmPVApmDhhs/xkLsdNW0yKdmIBTumDmvyLDtDRnZ/H+gWK5BE7oNFggqlPMxDUKM0iV3oUy+sfTLGXpdagPkeIgfcKdvr/AX58cpaaooFLhV6RzBOzTjKAN52i2+lhs3URf/ehD+OB9kMo5qi+k46E7jPpdIs+jlwnQTEJ3aSJxqg9g/NWB/k1QrsSIiP9Ht2bz//RK/j6r99EKVvE/Q9s4eL6Kv71l38L/+Hmv1MicQILk7RttVHFyso2jk/vKA5WnvcQ0qoD9jtxjDfd86OoV1bTQKKWwlX30A7UOvUkZ//k+5t4+aWXcXlhB9/2xB/xQJq4GRICX8Kt3vvw55/YwP5eDpn/41c/EROCRd6AogVrLk1cuBMfnkvRQYyE94H7tCiG6AlUZ1A+KG15Ht0MfU6xeISUBDcyBP0KmkUjptV6kQXmSmWKIPQf0UmUEAAbhAiTcV0SC8pFTBe3X0b3LjDukFLhBOPDCE41C6dFawFkpoTqGaKP89w01zbkvWTIJ4F7ddqmcHwNA1sK5Zzf215HRYEkt02a8KaTek5donsNxmwsaNf2/DZtpHPyUZRnf4TyegP9wyEGHVqZTfvX88gwk7aNla2fQj5PqE3yZ+IfYG/4HzEKrvN9sTPFxJ7thDDDYtua3k0pWfekw+l1uVDFG9Yex999+ENYKwt8Ks5LxWEbrVJvQTsOqo+CfIR4M0LxLQ5yDR1BiIyaxcf+9V/i7r89RqNRx0PX1rHcXsD//Pl/gi+dfM4wMLQzW9/c5D4Z6WCVykRzz2M0pOxEEkXqsr/l6s8YqNm0hFSDUBsxXQsr+2WPUCrn8K3fW8CLX9jDO97wSdx3z1f59fksM7JIX/OYzi7hlf33IvMbv/YJ4xxp5wRNoflBCHfq8pzCdDyF77vwXRICEEPhnd4zMhjSJiJqNUUZqjvU0A9xgMiQuGAGck7MQ/SVGjX6ioJiMSlREAudFkkDkT5VHv60gOFRAd39EDOfhA88TE59hN0S8u0xnAVBvYiols/QXIl6Th7uUSkXG0kyIiqTZDbZkY+ASQcMWDhnGDY1xRxNdeUNDG5VMTbsqj3euQCseg4ylIm7i8OdX8aVaw1MBi66Rz24XggvilEqOiCZ3vXNH0W19gifkiAacip1MP4kSDwrTa+QkiNpSxpkgA8YcewUb1FFATKSHt/PQqGAaqmOv/XwD+GtS29Ds9BSTkY+uS7a+e9MNLX4BDy1GMHL+sh/UwHOfTlky1k+Rx/95S+j95kJNjYbuHppBbV6CT/7Z38fdwa0i1BdeXVvLt/3AI6P92kbtUGw+r2AZ0HoVyu5FXzDAx/mTckJQpjW5NKZATkAcXzyGvVWDt/0XTFefeEA73v776LVOBZ4lAc5acw7WcdHhsIRJO3VZNCGxzXdkJm9kxGlXbTj3Of5aVHN8FS9MRN4mHZdkBQ/URtoNzrncLLZlqIJSQDR9GCpIkxdOtBUN9Bh1s1COrxRWMTw2EFvj6QlhZAZxFO43RlmvZJM5C0Mka/NkHdo2IoUK4picFn5N9cjlHYxyiWLN6UBKRwhbSQSGdKsYC7RDNSXFO6E8Bh61Vy6lcq3dKPQiu+m92EZRAKfSxEdxT6++tovY7t+gEq7isHxEL3+mE8ffaZJMEO19ji2Lv4YjkfP4mj853Bnh0YZxnhRJdxmJXBJga7uNEUQ9q7codcwFqmljzlLoAE2ui+X2lfwrgtP460r32KoQJoSJIbCVyvF6KDPSnJEIdVR7RmwBXR2xrjz2QN0OyGWF0vYXl/GLOfhv/vEM+i6hHBqmjqxynO4ev/DuHPnVS7QC46M0va7oYGuV2qP4oHt96hNyareUUamncI85KLPeHvZwcPf5uP0+i28/zt+F3na3MWvr9cRSfpIEZYF+379Vz7GC3Q0m1bCjOgt8QwzRROPoFyfjUTqE4oesviefk7RQiucSwpG9G16qyRUJmOmpM5I6RVBe3QDZDqNjEO8OgmreaMKOnskWUqapqK5SkstvW4W8aQgy2ZoXLRyDKcOFIi9Wixyl5UKdir+ST2F0DJ6DTYONYOcpFsq7VJMYkG2kk5wwjGT5peBd3Ueb321WZ98A4yWl14Yk3BEDPRo9UHkWifu6aj3cZzu/hvce20R/mSG/ukIw7HHKVbMs+cxnKVvQC94hQ3Dfs50apWQRW02hHhqkhmieyevmxS0MUqlCtcU0/FEaCWFHPe0vmH5bXh6671Yr2yoBi/VCnqSUL9/HQXUmDAPbcn04tT3MXGnmHoenEIBzWoNB5M9/Mwnfgp+TIuC9HuhMWQHF++5gr39W6jWSObHYUGP4SCU6URSs1x9F9bbj/ODUqCKhSsb5FF9Zp0dLG8UcOmxMdbyz+GbHv0UYh4mI5RUijJV5fCZ5eziV//5H8eSs+t8XS6j0KMJspWIQkX8hOBcRrooutBKYxIZkPRKLrqkWCJdI+Q4PmCk6pfLsH4vFff60MrrFhBMKujezWJ0RBeUPjaNivrwToFo7LAGsHyXQmoEr7yHbCniIX6nSF7GQT4n/0l9I8rzUp+QoehUS6dTqojU1BZrSlFHEJvfqdrEcqCS8zzH2lE/SHXP1Q1UN0lTzq2nUHmvnJDZbIKvvfQTWFkoYmmrgf7eEMenQ0QZcip57E8CLDQrcEuyB1wK5blhe/Mu5TkNzKxflCYM6SKnyxIDBTMXirbx6gEr9Xtl1PBNS2/D37r2AyjlivyJzGwPG5oaXUiBEpJyBTM6RyEbCxleMZ/Hc3vP4x999ue4RjUpFtcIFSytruO0e5e11MjpBR4wmYizIYf60IW/iVZ127Jw+8aIaegsYB7+vXDZwcrlId7zjf8GlcJxatMyGQkfe/4/Sbcy/+v/9EexHn5JtI9Uk40ewNg3FdwhPK5NPHhewEbChbuKIFSfyOyBNAgpPgnTlG5ixPeRejqMrasiGrMKxqdFnOyECCaiikevE0xm8LrET3D4AioEniNIlAkwce6AxpOLxSobCSM9BUelWlSwU01CVHlKt5SRaHq2TrNMr0U3thJhZsk6/mqdWfFeSfPQDu1pry330f6e3Uk355bmMjJZvHb7X2LU/ywubjQ53+91xhhMfVSdAvamtLOlgPxCndUW7bpDo0qpgz9nLOQVWcFf7QhMDpE1cSdvNhEi4ygnhf2oN8JqbRMfeuNH8NDSQ6jladOTGId2LPJVfyq5c3TwtKAEvTZF99989t/id1/9TRW7k6tHHKxas8YbgCs8JJXHdEIIlhgIpdMPb30/qiXaW6fvk4UwWuameo+K2Sv394HHK3jDo1/Am+/9KBuviLTTf2osWTFDTVT7X/7xH3IEoZvBTE1e8qgaP2oklpJVhvMYDg65FqE0i5qKxMOi6EE/4+KPfldRq5N0bSYXTcnvZzNF1qvt7MZwR6ISP0MIfxgiHOQRTUl8gA6owMTylf4WIsi6GBduoegU4BQoglRQLFEUoVSLeiN5iSQOfdURhCBhPUctHDBJh+z6QxmKyqnFEerZEcsj6YOpEC91+s0XpWp5hjcl799220pEQVyWefxg9BW8+tq/QK2cwcZqA9Me9Zo8EYFwCnjpaIj22iIytJXH+mN3j88zUEIiKe0tFPOcNnEtJ/CU+cNphclN7FiZYWc47E75x06ugIdX34APPfbj2K5tGY+teWGGC8ewq/rkhilOlPk8fuaP/jG+ePpnvMxUHKlkMDR7TrsIw8jlbQE0EkEqJkwx4V2EdTyy/f0o5mVM1gjJa66ctlCjyGMSaLb7J99bw9se/W0sVG7wHWbhcN0AZYNRZ00TTv/pP/z/YuH2S8jUxqGjimZn8vEkQyApGY8MxePUSvokgmDRzyklEydEB0B9eP43oQk5hNMKevtZDE+EeEaFPTUk/R4wGziKKi7pHcvZ6MOToZVjAcLMBK6zCydPQzQVkafRBpJV9QhHEIF9pXin5S9arkbqH7o4ui5JUBRtNOniPMXT4bRGvJENwqdRJM2WFc92NtKoY2MV7fogTf1d7N35FXQnJ1iuldFuFtA7GXM+X6pXcft0iEytxeiQ/pOAAHIY1QtKfh6TXrDgozTCTF/10tGUhVlRLqGz6PNNBhJi2BubSEjZRrVRwXsufQDvvvRuLBUX+WWF6CiPEwekzN/UGVSbAD/8+z+KI29fZR2sb8QGstBuYxYHvIiUhAbpvlEHXRp3QNVZwYNb34d8rqwyXx1JtUNTr61emIf4+D1keJPXB5/J4Y1bv4UMXDFMvl7JvAzV3eQopFCPkPnFn/s9SbF4DFb6EGIoqggznCil4BfKiCj1PijsMqrFuDrVIUIzEe8vxiFCAcTsLWF4XERvP0bo0hui3osHvx/D62WBQFaTiWEkUYOtmxhAmQizrI8w38EsP4CTr7IQGFFXnHKZi7tchrheIiWkjUMjZQL3SlNSnL94LEFhrP9ML0RuceJRrYrWJhnNn7Iz/5amnJQKSQSRbrQuCeVgn4yfx/7w48gP7iCaEWoYYqlZBq0uJCQx31xBfe0xFEpbeGXnD9nLKgedmolPKOxE7gxZZb5YkbltFrsmFEvVCvIehI6uD7X0D6wahmDlIMSwOzZq/1RLEmxP13G5tI6n7vkAvuviu9Sh1exe7b3155TD2hmO8EN/+EF4oPfPO+fk9eIYF7Yu4rRzwr2zgkNCHVkM+sQ2l4/aqtyDaxtPcWSxi0CNSPI3lXHI95J/07n8hV/4HJbqf6lqLjqfdF817K0WGrHKjOyRzPzD/+HfM4pFzyVRQ4otGWyS//QL0WegCEH5JHO16O+kBkiGQTAvF+ZKxkahWEQRcIcOTu9k4A3lDcxmHrxxAL+TReTmxZBUxEhSKtKSiDGLQ2Ry9DVAmB8hyJ/AyVUYr3eKVThEgKT0Ki/UE06vuEDX3XVKs2S4WBb+VQAAIABJREFUSj6nWgSjUiyb92VUVgztJIF89eHhY6PxXmMM4nNVopQ2EVVI6wOQ/FB+W4Mhu6Pfx8Hgs1yv1UmMfdBDdxahXa2jWF1EvX0fSvWLWFxcRSnr4Cu3P4G9gxf4MNhImC5QxShjZkbQjnFJxCW6aJG61BudMxgxWWXQ9Jhghn53aA4yXWMyEL4u1NT1Izyx9s34/vt/EPc2LzOTIUGFVGRRv/v8zkv4+3/2DKOM2hilXxTh6v33487Oa7yxjBgXlAIRgqXD0lrjMVxafYcy5jknpgEL5QBtC6L3+IZHDvCjH/wDhVBJbSW3UyOCKqWnCMJ7TGbI/Pw/+H+VgQipjBAMmT+WDy5Ik3JUVHsrgTNm/RI6oenteiEl24gQ2rxxEb29LHfBZ2RIEaFfU7idCLNRgWsPeSuETumoIV9pX4ZGrWJKr3ITRE4POU6jHDgEGZN2LMO8CsFSUC/JmhJdhVMr/irTigbqVfR6UUiRDa2aUpGceRv61Zc6WbCiYUOhlRhHPhc/ksEpfSPMeJJp5MXYH34Cu8P/aNJLOsuXnMvItbeRc+gzUrSs8YG65+oa+scuXrn9Kdy4/RcmnTHgkVgwHyiuDYMItZqmtpMjUlGE6kV2YlKLpGoYZUg2czjwQvQ7Q2XQBNuTgQiaxoZOA3NegPXFDbxt40l87+X3o+3QSgGV4pg14Rn83kufxL966dcwHY8YdZT6VM7alSsP4tadl1GuUG8rh8CPZFmnMtgry9+JldZD5jPaF9yOnJq2r69LvRbgxz/0n7C9ddcwgsWepP0u9ZeK9gQGqTn+zD//Jx+NhyOiQitmK1PO5aLp6KELbI6CZCDcKRcImA2G0yqhlkQhEHhZjE4L6O1l4E8oEhCNZYppz4ffySEOBCFKinDquvNlVkgVGUgob5LUxwsjIBcgnxGvUijnOaUqFGVWnVArEi5mJRTufyjaiUmrEj1W/lzKu+nUKpVmWVWr0TnRKI3yY/xekwZCiiCtb+SZiGJBsvqQ0pX24w5eOv5VuEHPoMkUiR+49F5cvHQFnj/lnlM2ouanw5HTD0b4wou/jfG0mw4CtkwqZdlTD+VynbcXK1fJUVmQG7mHfO94mlA3ytJRUxsO1SC9075J5eg6V+sil6ON35/OUGvSAFKMxdIK/s61/xpvWnkc1UItxTj+5c/+S7zgfhmuO8Zo2OF+G90zgnUpQh6d7KBUpnud5UWdtB5Qv/83bP0QysUl+bchR5p/WlwgHXSkCHr7t97A9733T1kvWd8KnbZJnZKkv5wIce41Q+ZXf/GL8eKFCMcnp+icTlTnW6xKPG46FRcDoQtMXXNh7lKuRh4kCvMYnGTRu0vplCAEfjiGO5rC6+QQTan5J4aQFODyd/qffJ2xcbCB5KeIclNa7MbpU4F3axQkenARLt1zNhJFWuQmJM2+c/QQurZg9Hqc16aeyIeTLrsuLhMWqj59qZ6IvjFaCUb9W7EcrQNrJ1w2emXXIjFG4cv4+tFvcXRNIKUYzdpFPPHo9/LK5tCleZcc4mwGne4Obux9Ct3+zpnXmgcNiBtXqzaptapmSSRicyOXnBylxXq4TUHbKejXQt2MgSiLIHG/Sk263FLUkpJmHpV6AnA42SKutR7CD177O3hg4QG+v0Nvgn/wqV/EHfcGc6rKxRoi+Dg53sPG5kVGR11vLKTWXA6Dgc9RhP5Qjfn4pQ9zX0unfxppnC8L7eh3aXuI//Yjf4hK2SwVUfdd9nDSH1lFITdTN8o5i/rg2z8d11ciXHqwhGqLhBnGmHoksiD8Hu0dJFcUy+KCnOqPEJjxkFQe/tjB4CjGmJp7ITX8ArjuANPODGGfVNt1OqWLcPIKyd9nZBBcjAeIcx5muSF7lTzKHBWoYMsXC7x+mnoB1OXV3XM2Dp4LUekURRCupeyuedIkTCgmcjM1fUJ3wnVOqVpOCRpzZuW07pVoom+S0+rTOw/talRLByE2kOPfYtDDTnfoBm+svAkbKw8iN8ugNznF/vGL6I1uixNThpmCdBMAi1+eojtHXSfDmL9299wEJIRRRX92eCoLkMNii1/IJ6GBul5nkBTphGLVaRGNFMFc14RApSZMYPl86mucxXduP4U3LD2KZw+fw6f2PouZzvtjoFFvodGsoJAr49btV3mXOzvAbAa9nq9oS6SDtYxHtn+I3zvfG42Wzb2e5TlQrQT4sR/5BO69vGcih5xpu1+TrB00902VbJkPveP5mLrW1GMolGNU2zEKlRkyeR+5UgQSdCBEisiJFAr9CeW2VFPkEIVZjhTuEAg9GYclA3K9AaY9KsIpnVJeS7Jf5mnZ/Q3qf1CNwYaRpUJ8iBzt946IMiIs3UKR6g2BbPNFRUqkmRKWK9WzIIS+qcEpjhwqaqheRzKbriPEHKSrTpx80Z32JIbIHU96vvZNmP97ArvakeOciELau+F13Br+3xiPVfpiCj6pJKi3Q384wihKgV08J699xhTZsAk8abUWMJmMDCInUUR6W5wFWGlyUrBCnI6id1B90ev0TErFMG+9ysgnPWYymqBSq8Ah5MneMKUMjn6H0uCQrIim5COqX1QkiGmnIOkW5+F6rjIO0i8mYIAka8USFiv3497171KOO1FN0Y5F3aLk5MfAB97/At7x1hd4RyM/iypK0k3SNCHBJidk/sf378X9cRdTd8rIFDF16eJlnRg5Z4ZsQTrhuvtKF5zmCShyhL4ivGUEtg2CCSbjMbzjLKIp8WbEJKTekE4PGYhGqsg4IoocGR9RfsKFeB4llpukIpAMRGgkFDWSvgZHCk6pBLalG5mkVFptI1FJkUEs7dHSKZUOxdI0U6C99khWPaIvKN3opDf0+mZiF75JLyRJr/RxnvoHOIr+HTr9O/CJU2HdRB3u7bVziRkkCBMHeiaFpjWV+XrPIlR4M1MenkeC2DrNEmemO8mcdqnOsgZZOJooI6HUp3faM7q/lL4KVyrHqvV07Wp12t+RQObaUdiH0Xho/pwOr6WTvhTT70wqTNeYmtLDAaWecvS32t+GteYbrU59sjxJOzC5z/IfCYk//e4v4RseewmNmtTZ2tg0Teb8Oyi5A0eZ/+YtN+J8DciXAH82xdSdcNeUYD1NX+fimVcVy0VlaFHVDAS/0v4Ld+Ai6GURjqkho0twjT4olRNTZ1A6FSLKBohyPsJsX2oJqCLcKXARnnc0hZ3CLfG4pOmXjNpKCiXjumrkVlHmU+RE1RE/U2voS6+vqLqAGqFKjCp9GW0PY/9EH1DbmPgcWMWzBoO1O6da7nbvDxCXr2M4OWW1GDZaDb/obFuswICvun+h3aJJGeZHehXCRHpilXKFVWnEBpN1CxxN1G4R3STTav86otDP+91B0ijM5xhipzNCKXC5Istp7GtmrkNqNbTlxflzktg2KSnWkM1FFjCUwWQiKjmZOAsnt4hrG9+DkqM66LrHoc+8oEzmuq1eKOKp/2oLz/7JLnq7x3jP97yAh69dRyZrrVgw+l1J3ST3KynaMx950/WY6w0KQaUZcsWYUx0a++Q5D2bnkrEQY1dYu5RucSfd8+CNZghHWUQT2U3BKInV1xBDkrRKWn4SNWZZD3F+xK+VQw25DEWLvOprEDpFqA1FEYVKFYT5y/0N3lUhHXE9gSj3xl7uootx6XsUckXReQKxAYIkTKsUTCf1yaVK59HzhjDveRLUKvmJIK7ne3bbUEgS6frR76BQP+E5j9F4iJAW3/B8hEVKVGkqP22y5FXZjaaJpFMt47FpNUO+hEqlwpt4qeahwy2GojvHqoDXkcSqQVlngOtOiTr8uHDG96dUoa1hcr31Hx0Vzl4nVacZf57h0e2C/zBaCyXMCidAhlQ8MyBbzoYt1IpbWFt4EOUSwcYWlKhrEBMYxEDobZRrOTz59AU88kQTr3zlBC8938ebv/k6Li48h5XlE07jzXudr/CtN535yOOvxTLw5HNhHfq+oB68pUguYpjxGFPnnXhEc6c0ixEQaoxYnCk2DDED7qQzKkXGoeqYTMDp1Cw/RJTzkIvLyGVkDLdA8K1DTT6ZFZFOuIzmslhZriAGocQdKPRzREgJmFnz7LHUIEyFz+WQn1V5T3jIFAMhp/mhJ+mkHvNVkJ2OIPMRQa5j2tvYPSLtPc/jQqUPSkJz15EgiCbY630KPf8LIGl+1x9iOBxYBjLXn1TdbmNA6gXm+xrzB5TOPKWljlOU6U+qP3UdooimQrNQwLsioPJ2Ko16MY8LUhcyrJ6IbNhRRHpE1ik2UVG5E+6rRSxIXY+/EautB5EvZuFGe4ijPGqlbRTzLRTysiNGahudKFk9qfQtMcGXivzVrTKefHoTmxcr+MynX8Srn5/giUdu413f/hcoFsgJpWHtMwZNBsLbiMhAeO7cx4xGaIlj5QlPSqR8FBGRmygs/mKRCBXFXVFFtIHor7S5m4rwWdbFLD+SdCmiveHUzyD4lg6xoqjriUC1AsEgU4qSz00/zosTFq5GpVgVhQwDAvPShaWMi6Ja5GWQcctwKln4mSF63VOGE1fWNzj3l9pCkLD5rVXGM5raZP4ynr3I80ai07LzC/jEMZ6MXsZ+/8+RK58i5wSg5UYky6QPxvnGJyeP+W6KJ5b8no5t6RgnhEWhE2kGtu6PMBlb9bh4LojOB7GAVU1CBbXOaPTB1ciXXYMYb2/CmO2axTimQx/htIHlyluw0NhCudRkmR9yamZHh6adUTSmLMBGE1mHy5AE1Avo5qQYMv339qdW0J3cQRYBTm+1kY9O8K4nv4QHrt5GPh+Y9PAcA7kZU6Qgo2AD8TyEkY+QJXxoepB+puoRSrsUAXHGPP6kvUdNFW04EjWkzqCUakZRo9iRgwsHBR5qynPkYMiWooVCrLjJR1EjT9GCIgh1WOnQkmEIJKujRgLXKsOgFIyRrQJvkiWjlJgrH5tAoHHXR0BpYX6M9kqbl4lST8APaL7FFzE6mgNX45/zkKV9c3TEsNOYNDpydnDJrl/kuSQqJZA6IVYuOqOv4e7ok3AqPvJOgE73VDFNNQzDn0h1gOfyDkOQVPWPkReVx9jvl/6uVyRwA11FDxvN4kcp8p5+tH0dtHGcW4PMeXf92sQRmxLdaJpBM/8EVlr3o1pZ4vEFWdCTpGxp7ESNJahPYt6HiU5nnRVlOm97zyJuvrqPpZU2vv2pC9i91cen//guFstHePo9X8DGOqnL23Mkyml95LEbsQyzkCaWRBA2GJo/ZyPRM+iSKhH7ltt6dp1BRZ5JqQLpZ8BHkHG50TdzhijENTYOp0QdcNXooz6HI7UGNfuEJClFuOz4k/CtSZQSYiVycO+CPD5BhrQAiBaDEherQEJiETAlKnweUWHKRkoyRse7h6wXvH3/NnJxCYWohrjk0ggWH5Jev8N0cLrWMmSVgAD2gUhSL13QnfE7qYM4fyDPFPFyAs+EJT8Y4E7nExjPXkG1FbGIwXQic8jUu0hQK/1Y1awyqWCiwZuwLpNIYoxS242mpBuk62xtMr+qj++F1TfREcR2HnZqRJGL5KVI4yD2y2gUHsJS4w2o1VpsHDLkpjbOqp0xFmKRukZ2Cjzf17B/kWhOT31wA8/+yT5O97JY2Szine+7gLWtPD7/J3fxyhf7eMsTX8W3vPklNBqDdC31Y49RBNHSo0maxdHDFdYuRRcRDJO5c/7KRkA3RkcO3p3K/1FKFebGCPM95FDi4pDwfIZui4J380qDgqoxVINPa1txGsUCyYruopXbzTZVq8dBUvk5qmEcGe9lLyBNstk0C7gOeuN99E97WNleRX2BboJEjZmXAaYOb53d2XuFI+D21Ut8uCmi0HOkvJktfK2D+bkFngUTvo4H1V55PvXS8KK+wXS9R+5d7HY/jiC3h0Yrj27vhNOuhHWr1lbYQL+mTgpSILXTHMnSGIgi59n1jIaDeX0CD85J2sWPsdTrbQPR0ZAdgBQ7huPGU6ke6a2F8CdAKbeNhdLDaNU3US434TgiLypbaIk5qzy4poH+FYX0Gc8y/404xgc+cgEf//e76B3KDXGKWVy6VsM730cSp1N85mP7GO338M53fgVPPPoSU1LY2D/86Gsxb0UNSYSBVE2oIBfBuBnR2ul7AXUzpQah1IoYtlKMk7FQMa5gWzKM7BRBboA476GUbTKnnwrwnCOpD6dTpItV4C0QRvCNUStVePNXxSo2cxw65HLxTfuwRWiODIMsooQGZvmJ6bOIE5VGGXGEyk4DhWIGYUbPAQC+6+P08AT16iL3VJrNFqKs7GkkQMILp4ziyfqxBADQ3vE8r5UQ5iyUJDWHLncvoWYl6Lydvpioo4iDhCIeDZ7H4fizqLVmgnaNBtKBtxjDNq9YTEOM1YobyfHRkLBOreaCmEarbOh3PvWyU1C9kk0aqsmoACFgJCNF6wuyURPNwhvQrl9CpdpG0ZGxWr33UBjABJxQEzGtSPLXGsLr/EKlnsO7vn8JH/2dA0z6qlGsPnullsM3vXMZDz5Wxc3rJ3juk0NcWt/Ft7/jSxhNS8h86NFXYnc0YeSIxBcoxSLjYMPwqECX2kQiCJuHqjXoKxmGRA06eH6+g0whZn4NFchkCEwZoMKbag09H662pJLyCIsDmIihGkUE13JRLvR0udzKMGj9FsG2hSKLMzCNm7S5XBqaKKK6UESQGzE0rW8UGfjJ3S6WmxdRLBYRlUa4u7OLYWeE1a011BdqMhPhFpANiyi2YrjhAHu3d5gYubC4xIiXTCUmXC6+H3pdg6Wyrn22ne/zr1qrBuR3EpTnbPGd3tGijcoNujgefgkn3mdRa+R5jr036JyhvJsmoxU4pNA/J8UyCLESm1AwLn8+XsCjoF1DC7f5ZBalRHl5XYswF48mUGnvYVBEPfswFpuXUa2solyiSF5ONuZqAMQeJVaH+LxGo7EFHaHnjNt8OwYuXqvhvsdy+PM/6DETRBelGvGjIr+94uAb/0Yb25fz+PJzR/j680N4kxwyP/G2OzENLg27AwSTQCBcMhQe0aSueZJihTGlTxQ1qPj2aUgWcdZjz52peCgXmnCKZTEE6m5zD4MoISLnwoUXd72zyKiIwYxhSqUopuoFLGYkVpbdiKiyLNyhfgkZHdHcZ7FrDpng8jFmIwfFQgnZSgiCTof9IQ5uH6HZbmJ1awWRm0Pn8BTBLMTGPauAYrqqpAiTgY/MtIyTzh6nXhtX1rg28kMfXkAjp6LeyIdAG4cJ/9pba6xf+3ANT9p3U/t6+85qNIq+qk6uOjDsubWkTwwMprew1/8kMsVjFEohRmPS0RII2y7+VbxKDIjegh6tVZbMhqP1rXT6pKKKTgV18W40Byxvzf0lVRMx9YQzkgi+GyJwiWq6gnb5cbTqGyiVm+w8mSLEhFLVu3idpt1/adQQJ6R52HI9rz3aQLnl4iufcxH6ipgqHiv1h27j1Udr+OZ3LsDzRvjsx/rIPPPkbSbBy4QfzZhTKHQxHY+5ICQJmJCagrEvkYMaik7Ey1SYXVsUSJWMgYtlQp8UD0oX2NztVhGBv6p+Br1DnXOa5TesbEfpE50RNZkWC7LkFBweniJUIjOpodLMwcPQwM2SuwCBH/Nc++nBEbJFoL3aRLEs2rHCQ4p5EUsxaKK4QAyCEXOEDncOMe5OsXX1Anft824D5UYeLqiDLIotg1GXfyarFxTapaH+VB8lffHFDKy+gOmJ2+ILKt0ief9WjH5HrzFQjzaFuXQJw9kU/ekNnifJFsdwSjOcdo/MzntjKNZ0sGnIp2oUFc/YLhWgbBuIRstMKpZIDulPyV4+Qxw90lSL4I1D5OMVNJ0HsVC/hGqlxVGfZZnyiSq8fpxu8J2DVfyX2ogVXMRYWMWzIPfcBit0Gq5rNKnBIlSbBVaAf9Pbasj85HfcjHXjTB8eLsBZBC7iST5BuYQyzR1x1Vk32DzL0iV8ID4neqkjRw8tAiHhTRT5KGLIPiGVsarOsfIoSn0kC9UrcSjVEiU9fp/EGB44KJcrQNnjBqRW0aPfmQxljnuhvI6cQ7UHbbkSuJp0g08PTrFx4RKKcQNxzsXtnVd5zn3zyrpwrQiG4IhURKVcxnTWxf7BHU4/t++9JGhfJFpNpotsphQVuqxIe8ltSXu2uWLARKRve6qN2uoO/uD/mmI2oR0toiiYUOq1uYmHDIIhdnp/ImhXY4bJtM+sbK3UodMzHU0MZeWc0yg1uDIAFdzsYt6OKPrv+vmpAA+DDGZuEbXCFSzWH0S1vMzr1Gh9nhbO0F32pKi3a7I0cfCvs47zuzzJo86LKDaLQXybehYDwkhe2l4vIPPMd14XnENdFKGJCB1aCnDF/FT9D5ldVsolyhtTI46TVWvoRL8us0FJ9kcZhK4nkggnRiMOSBdQciC4X0ILp0is2qnCQ8+SyhfPy0LMU4c7w7laANef4O5r+/CnPjbv3WAxtNgrIBMWMIlOsX97D+VaBcubSyiWRCTCdSlHzqDdWoKfEUo3fZ/2jB/c2WcUrlZr8PlsLNYQziS1owZjoDrRWl7IFK2qSE3mElREV/ciiShC6qTPSQNCBFe/62+34Dtfx//za1+Fg0soF5vAzBGdJvuGJvgUX5eJd4Cd7p/Bz95ErZ7DYEzcLtoNmQBYmtg4X6PoQ2PGEizI16BlGv5V1BR6K4wWhtQOiOFPY1Sy92Gx9iDq1VUUnQbrlhE4I8hUUiDb6Y1BvXRhr863DYKYGk2VUebgnycLlrpGKu21RpNTmZWxjaQzb2dfmWe+SxmIdIlUhBAGLxMUeb+EUn3QZEXVXBLDUkxfK4qoTEcYpoa0b2H12hgoXzR/1ymV9DSowy5dcNlYRdGiWqkjdlzMFBKljwuZdDDKIBMUsLN3HdVaDasXl8yUGGlI+d4Mg4MRK3E02jWEMTFn5T2RQdA4qTNbQKvZxKwwRn/YwcGtQ55337q6wVFw5uWQD6vIV0hAYsqyrN3OMco0F0EUfb0lywxp0UukpXWSm5MoLZOg3g/8TA0nHVmFTLvDg8DFcEiymLTpNsILnz/FnRdWeQFOUrRqmk9ySojic9D7Ik4mz6LcnCKMpkyl9wNqguqOc1L32OCADigC5WoOmHqMxcvSNBRCp6jO4Lw+aHGd0W5dQNlps2Qoo5WqR8KAizGAZAOWtl4NHxjDsY6LiXxKUEbEpgXO/6tSMm1E8z0gc/1U1mMwZRN4VCpMt+gn3/0qp1g6XRJUSHBv0dYVI5AhG0lw+HsG6ZAJwyRsJQkvnw1+Pm2m+sDo74mt8qEh7xhLnVF0igwCsPyLejrq4J/c7qG9sIFqpYJMxYUfTOWzK+/AqIkboow2ys2MWS1MVIm7N+9yQb6xeQk5twankkHojDEa9LHz6h4qtSo27llnlXlvGGI46qO9tIBcSZZbSmOOBodIv4v4dDnsHV1Hc6mJpXWSvIm5iKd0NEM1mSHviWKMjR+ZKMCDT6Q0WEJz4xTHnX1unL77A/fDxwF+73e+gNAVIYrjfQ+z8TLarU0UCjTJp6+chhdMPsSVThAOGe06mn4a9WYOEVzuxosTnEezNO6c3Ea+p3MplhTyKmIEEdzxDAgraBYfQbt+GdUydcLrPAJtuHKGnqP4IMa7W8mTuskKojD3cz4lTN62/s3E0OdTsST10rsmdRi1mdKJCcnj01U7H62f+O6vk4PVmb1VxOgkQIu3JUagJWLmDUb0YtVLUbPOUCnOyzHtgjWDTJRDLnawsNDCaDiFgwoiZ8LarePhGEd3jnmqcOPKBmIvj2xQRqme5YYkGQ9dfnqno/4Q02GAxfomStUCTnq7ONo9Qr3ZxOr2MtNVSI8rHGcxHbo4PtrD+j3rqC1UVA0jc47U6S24DZQaBYS5IR98UvU42j1Ga6mJxbUlfp5ars20lTDymGHgeRNGvDSBTyuqpK+9cgqKKJelBS5BhgUt6Dq878OrmBa+ht/4Z3+BfHARlXKLeWuE3FGhq9cE2IdCDr19YOSAT7wj7PQ+Dh87qDSA/vCUmdiiPqOimEmx1ayRrkNUKsDPzQ1DSmkJ/qfeUg7l7EUsVt6IVmMdpXKdo63A4PQ8qtOXWnGnTVOOr2YD6PpV3n4ypWkyESvXEoRKmY6lvCoFdwI/p4++LTwixpXqO/LzG8KXIVjybz7znpf5XUvbXiKHllRILFg8hzEAfkJlQFboTVECKB3jul2pRsyFTA6RdKz58VkxkLCMWrGFfD3EeDJCNC3g5PAAI7eH5a02q31naJE9j4jS7pAIpWwdpYUMxn4Pd6/vs3rK+pU1lCsVnmWeDCdYaCwBDlFKlEAVaH46wNHdIyyvbKBWaHOh74VjvjjjwQh7rx1gaWMFzdoSI2I7d1/mQbj1i2soloVZzCCGnwMmYqyD4Ag712+hvbGARnOB98PT5zTcLqUwP98UlvRD0VriPLbvK2Nv9Cye/9RNLLevoVZpy9Ihi5807+0S2ogYiqC58pXWug2mN7HT/xgyTh+Ea1CEJFj4PG6WJAQmp5AUl+uMDEeNQrTKhrHQ2EaluoAirdVT0D7B8elzYJ1mfbrM+dHH2CRYchw0pG3vtLeeNXlnyTfl86ehczsFkzon8f/mtzmKi8mZd2E9MPPMUy/JBKyKIsZqNTCuC2/OivQpl5ugMytpuIj1ijqEyhF5EP5srqjKpiSo0d6HWQ7ZsIJ4RFytHGrLefgYczc7H1RRKGfhRUPuw9DhPr57ykjV9pXLyPgl7O/eQr1dQ2u9oWa25UOTPJHbAeqVBeSqPrxogv5pHye7p6i361i7uIpwmkU+qCB2fBwc3sG4M8bqpTWuVQQIkN2LrfISQuKWxTSiLETBfn+AUWeIxYUNdDonvEmrsVwTxciIFChdpdqRjASzs0ulHnL9FcbHkXQw7CDITPnwMdVf6XqdbSimm3YK40uCi2620bWYudjtfhon4y8iUxghkyUFf6IX0ecRGoncUxllIDU7p+uSAAAgAElEQVRDWnXBaF6QRyasoVWkZt9V1KqLKKrlNkYQQx9Ck61oJ5ocP3a+7JApgiTVgcmlxauqGsg+tul0iv9l0hV99sQITJxSoYZfjy+wTv+t4kUr8psEK0G0OCY889TXUimpDmE6wUoKu8R05G/GqowXSoW/lNFotmriKajm0NdCFphkkQkc5ka5Q58nCiuNIiqLWXizKfxphFzk4KS/i6P9AywsL2BhpckzCfQ8dIizXpX1lKhxSU1N6uncvXHAapEbF7eQ8RwcHx7ykFZ7rQmnogUGJCLRclLMsmgvtNkQWNhAFZeDXg/+GGjXN1Cs5tB3D7F3/S6PBa9dXEGxTChTjNh1UMpVuXEahFNG1br9E9TqTXYWsipOM1V1qjWf++rGYtJvSN+H5ECki+zkEM2nXBKxJUugbnx3dAPHoxfRHV+H7xMETjPvioSqJJ1Ak35xFdXiFhqVS2hWt1CtLLCaJalXajE+hT8qp2n7d6u2TUUPaVbqrEXOus2kTdJF45LtATEdlFRKaV89fnU+WLoK0aFBRReTrqV7UqYGSdsHGchXz5im/ogmKnANnWCFYri2+aunMO9Jf0DLas2H0smBrZ5OqZb0RjJhEfBy8IaBSGYWS2islJAtB5h4E0wGY1QrDWScEAF30sWTjPojdI97WFu5B8V8Gb3pPg7vHKC52MLK1pLYIEG34QyFsM4LRQmJCokuQ0M7nT7XKltXL6EULojIszOB649xvHfCspsX7t1ghCwYZXF8eIBGq4HGSoWjhcRo0p2N0D+eoFFahjvrYWfnNS7kVzfWGBKmnY5083i1WmrZqL5FyVBQEgas3NrqrCdsXp0MJ4W1nU/o/pZx7OpAsghHMMBoeoqxewDPHwrPLopQIGnXzAJKTosNgkT69BoJdsbKcZgDqZ7TeidyRtgRCjpqhzUjlK0jgREFV7WEGtgStoJ6vFFClCihEyr9vImnl3shLOIEgBAHIYWLrlmSsk1r+Gp/r3YmPvP0VxKj069kpUn6opqCTkoGlbpatqVSsAQ9UFFGwZz8fSsHVJr06mrIq3C9QvsJZwUgJFnSLPyRyE5WGhVU2znERR/TiYes5yBXymDgHYknd/JY3lxGqepwwUt7FmuFBTgN6pSTHpLkML7rYe+1faxtXEQl38Ak7GDn5i2Ua1WsUG+k4vD7nHnAbJzD0fEuGu06qgu0bZV0fSVFIIhzNs6jnK8hV/cRzFyMx2N+bqL0b17a5KEzgmXr9Qa8eMAemiguHjOFiS2qm4xqLRy/RdEo1nmxXdxrL2vqjXPHeVWaZE8cGjgqAWqMirnyuKIkqDQH+F5pPYF0Zq/rp+Q90L2zD39izBrE0b2XVLQzJ1OnXMqezHu1z5Y6+ooJoc+SPk/mbBkLnHfY2l0kiJZEVHXuTMalDqhBCGNkfvK9L8Zao9SgA7pc4ZxUVfw6f1MWI5aoAgm/AJeF4kgtr6CSQqtbadeFSXAUb6huBhlJlANmeWRYc4s4PSF7Mkq7ym2CcMcIpxkc7++jVCmisVY2jU32FLSuYQpkvRIqrQKmsyF6Jx2c3O2gtdrCyuYy4jCD4emEpWqaSw0EEaVV4mFI3eX0+ITnFFrFNcAhQuaU5/QpdTs5OObcfGP9EoMLfYpYu/tc2C+sUveb5vMJDIgQDUus+EEkSmre7d+9jc2LF0VxPA6VdvAcCVLfPJ1RW/m0SQdUo9aONMabphoEOmHWNYE6QNbv6JoqQYISWF8/WmwpvTVLjoDVAlD/Ts55ck604IcuwlPFtjo56bednrOXQlstueEsSiX1Fj1GXbY0oKfeU6ohaYKBdR6NdqAq6Ok1fvLpF1XCZAcsO+sSA9HFdirsz+nSJpZs58Lp22dPFbOtqZaIDn/yLugN0lcq3vPIRHlOu8Ip6XKFKFVLqDSLvOl2GgwZ7XJyDuLiFB5HC4lWlDKN+2NsXbqCSZ+aZi6aK3XkSS7dHLgY7jhA3mugtlBk2LjX6+LgxiEq9SpWL66A6C5UW9BA1sHJTdaHWllfRmOpwYNdpHE7nXpwojovp3QzpGEbcaAdT8bYefUOtrbvBYICOsM9tJZbvOed3oIXuswU1k1GnXbxtZmHu9SltCq51MU9U4+kUl59ZiwjMRHdMiALvdLsCp1qCzBjqgJlA5romMib2nCr3AurpjBFtDE7U7tYJbsOJ/wa2tvr9yFv2zpj2t5ZQjXNxdSAke3Mk5TMdOFS11E7a046yEBkSk9/UPW7psGXcGNskCJFDzUxT0G6aSuyQ4YFI6vOavoWC0fL/KFPK+TFDBlKWEDkx3AHPqsqkqQ/1SdBdsw7/egAFqoxOsNDHO0c8WXcvLyOQikvioBuiekrKHrCRg6pt9HHyc4xNu/bRgktuOMJc67WttdQb1NvRFHAY5qfDhg2XlleJ6aj8NVUikIr6brHAyxWL6DWqGIadXF8dIjuYQ8rF1awsNxUTTagFDeRKYYIMGW1mDGpmMSBYjxrtEschW0kJsVKMqU5AzHx2/p+mjY/77Wla247NMUGNjMs8ng7rRNTk8pCRxDtlcyBNj2xuahl1SpybXU/xjYkXe8qC9bZik7TlcGZd60hXuP46X1pA9T503yNoeKwzn4MiquLecUipxTLDtmps20XNHPeS4MBxp/odMyEviT90tZrxyVdkCTFljZM1VTke61TMCriqVdC/1E0ySOkZhUxRgntqjuCdkVTFjEbdPugVV5ECbGhad5cSsLZkwL3PPZ2bnN9sbjWRqFE+zOoiCeBhxzKmTqyNZ+BALrWo8EQu9f3sLy9hIXaGkPLhXoEPx7hcO8QvcM+VrZWuYlIqRutciZAYGGlIURKHvKS4znoDpDz62g0m9g7ehWnJ0fYuncL5WqZ6xNK42T0WI2eakhYfbURH5PO6st3jnic9uIaZznvYOuom4KJjbdPToWIOieH2dQZJonWlCV9YBQVSeUpxnsro7QBBHleCx1Vi0otPEoenoJ3E6eQ/j1pbhIFiIECnSfp6zM3HcqmaIAobWkxMs88/WVef2CVHabLeF4o1zeEvmqJeRp1bS7HaG8EQN7FyU4ew+MyZqGhlJnnl2Cjnpnb39RQ1PsBVf8k1XbW6ZaEw1jVJ5kwjziQIp5UHmltV32xiFx1Bi8aI3ZpRVsRQWZspH50XkX1iTsMOHVqtlrcbyGyH/2hQ31yeIICKmwIWSfE/vFN9I/H3DNhA6C5RT9GPCni9Hifmc5r96ywZA0fPhJyjmdw+yHqzhJy5RmCDAny+Tg9OkV3v4eNezdRLtUw7k7Qai8gUyL9sQAhTTIGtEl4apTqbThVHzAdWey0ah7VSoUX8w9NDVIJTWrOJKkhTW3Bn0chUXakMV5cI2dWmqahVhVlEoOSw2xQUG1DKkKYz2IZj067ztYryjAMcGe0+FMZiz7XkrbrRnj6yrBSCi96Uum9WCH/f+aZp19UVBNlnEmfxkBh817ejh6OA7z5uwq4+CBNFnpwXRf9/gR3b2Rw+4UWJl3SYNUoRBoqnke2uNaxRIUl69NRRPkHVZuwvM8sD4R5RF4Mf0TSRTGqjTKqiw6ylQDjkYtsUOQmY5AdslqL/JHnpAGraJKHkysjWw1w2j3EwY0jNNoNRsRoboHmGjzXx9LSEo8TiyHJ4/vdLsaDMdaX7mX+WFQcsygdua7DvQP0Twa4ePVeOFEF05GL3f3rDDu311qMiPHoQESIWR6FsMqIm4c+uqennJ5tXtqS16M5mzmlj/MOvzaQeeOZR7/Sj016FaZXolKoBPyaT5OSQ55uXM4V63xQVMXAeZoyECs1s2Fi7UXPRCULEKJLT/VdAu+cqcdVkFGKMed4eXN+U72XhA5l10KZZ1SKZRAs1eXULNTzooi+wPlCBu/4QBUPfENORnV9nxd8Tl0Xk+kUvY6LW1+u4PB6AwFvkpILlOrh6LwrGWE2R9hMUmskTZMedRHPaRehXTk2lHBCgzo+izhUmiVUFnPwMUEwJpaIg0yZpiCngsRITBV+kRvD60c4Ob6Lte11lFt6XZm8OUrbwh6N3rYRFVxM3CHPsg9Px1i7tIJ6q4FoXEAuLvIB37tzm2unzfs2USznuf9CKFw8y6FVXYRHlHqqX0huyPfROeoAYQ4rixfRH57w+1i9uIpas8oG53Ejj4TEaVOWDBtJtqWASquYTx/Y14kh5yiiGFRSe3XtUefqEzsanAEFVBGfFPXaNeoqWscB2+Cs+sd6X+cZHn1uze9LopCgp0lXJJXIn38B7O+eOeDpb2R+4ukvx/PbePTjdSZk3QpTmFF6/M7va+Kxt5X45snOwoC33ZKhTKcuXM/HeDzFyUGAmy800LlTA9UB+rLp10kYNMmb02mYMSa15NEWIZCwKU1Grk1U2hWMA/b8pUoZlZaD0gLgEtN2oqYAy1RbEKSb5Lv0euT8824NxUaGUyKuF3o93H3tgOuU9tIKPwfBtPVWHc2VGk9Q6ohM9cuwO0Sl2GT1FE71VMpFfY+923dRLy+jWVlCrhLisHMbx7e7aK+20V5vcfPQDwJkwzKqxRr8/ICjHr23iTvgJiQdEhY5UJJEfG9MjZKqt88cDlOD2AZieUadJCUP1JQPO31SH/dMD0ZJBIkFmafQNUtyz/XP7FTr7ISi3UbQcScpAxKD0/Wt+R2LR6XLAKlzkn6OjrRJQzyBde2zyd0pHUHkCVTelZKvt0sfuZr0WxevFvA3/94SHIesmlRASEafRB9EKkhHE9fzOKKMhpR25XD7SwuY9Auqw2pM0RwyCR/KUKzGcBJSE+q4pjjIe1d0FYoolHYFGUy6Lutm0cKd5irpvrosOwOvwAqLVJ/w+gV1Q+nC0QqHsC/Leu7u38BkQCO4W6g0ZHMSi1eEQHHW4PUQQVZ6J9SAPLx7yBHs4r2XkQ9ot2COB7BGwwH2bx6wtOrW1U1uEE47MTqdI6xvbXCNYopfiliei/EJLfDcBIou9o9u4vToGNtXL7L4BUkSMSzM0qxaMNpG//7zpvJMsW7O81lD0BEjqR31rUp37emRZ5GuxJi0uIY+P5L2KTRX1TPShJ1L56zjZ6KKMerkONvvjz8Xr20QB5g8hTrfOkFLrZ6z/InOwejRFEFUkznp3s75HoMLqxcmT/mBv9fEtUdF7l5fRFmhq0QfaIdhKPvUKY0gI6Go0j3xsPOyg72vLfBAf+pPkhyaPoX8XIp9y4TVlU1gUEHp6KKobnyU4yZjOJmxvCWlXeV6EdWlPGY5D/40RDYooVCL4cWj1AYmeioSzSORuWZ5iZm+IW+AkvfSP+2gczDE9ta9bIDHvTucci1vrjA/jLhfVEuRLte076PXP2bBCDJKJqiqHfCkoo9RFfVmDWFhyMU+NScJol5aX8IC1T2TGKPxAMtLKwgLJEFKDoi68TJCTHB3igKiiaIW8nVe2mU5WnP/bM+qXWFCiddeWBmCeoKkhkjK6OT1ztYu+qwkXRnNndJthvRj7HTNPiupukr7U6u4N0wE5dJVds/nSmenVqAzZEYplRKeFqNY1qiZwt5VmFCWak+w0es1FjP44M8tIE8KJbw2WvZv0JuWxSwqorAauKRdvkdrjWm9lofxeIKTIx/Xn22gt18BbcI1HXc2dz2nYIe+pBmv0QbLkciH5pFUGWGViEK0FUK7cvDGHmZEeMwXUV8qchpFTcVwnOPRW+Zl0Vpi9mK6ORohGGdQBE0Rxhh7PRztH2Had3Hhvgso10oMN1OUadQW+Heon6H7BCSUdnpyjKWFTabUzwoTfg26PsP+iMd/GwsLWF7aBPwC7h6/jGACbF3bQKEkavn0YfwgQnZUQ7VVhE9gw8xDr9dh+j3p5EpNopYH6bV5Vhmr6xU7Usq9Sktt6uI43bAzpbP0Q9SBOxNRlHMzugAKHUsDBOl6Iymv7drESr2s+jR5b4mZzCN4ifGlyY9pIMA6R3OBwE7XdJw0MG8aqdJByUpsrJnex58s4M3fQdykLByH1mXZDFV5c6y+SGrwvK6N6hIyFIooPlxXIsqwP8XRnQjXv9jA8FjQLlkvptMGjSxo5q81vqouXhLBtGcQqSD5Q5q9RFuhbncOtFbcHwcISEiuWkVlIQ8a96b3ErskbJdDXCICYxIt6LpEQYxgEnE9UqvXUGqQukqSxtDnHXWnqGaWUKL6JT/Gwe4+OvtdrG1tMI2FtnFRakcrA27vvMKp0dr2Kip1+dxELaelm/XcCvK1GbzZSFE4gJOjI5zudnH56gPIBUXs7L2KqOBh/dIGS63S3Ak5Iq5PsjSrcs7WXuswyDWzG4jzJ0UdDxsCttjbmrIuz5EuivU5svsb6YgyPy6rplfN89hpnsoadAqm36YuQc5hlNufhKJ1Lh8hUFI/aWM9/zOfsZln3vtlIwWQ/FCrY6ukwjDU5Pvf+gEHV99IiuwZFEghkdYL0FcWhqOLr2BUnisg8Qe1W4LUUYKAC1GSznRdD5OJi8FwghsvFLH3UgXeRDXH6DkMI0ShNqnptKQ/ooeThfMvaZA0GeUrf59qE2o0hgUE05D7D4V8GeVGAY3lIoKsC38cg/or+QqtnaYJQYFY2QMRryoIkffqKJYKCHJjVnGkDvrB7QN4Ew/3PHAfS50eHezxgd28b517IwbLiWKMBy5T61cX1+CBUju14TeOeXKSuGErCxdRrhUx8A6wd2cPMzfGhasXUKoUZDdkEKGSawOFQHo8UcRzM647kTXetJGLKfV612Di6P66YzGfemlD0vUKe+lzCIWSwswZS6qfkdQo5pybufKzkcVK2Ex2Yt67Sqmkr6GQPPOuJCFav5LFpYfymLoBDm9FOHgtwyCMzd6xI6hEGXEcwgKWNIvJirZh6L8b8qD1jPSAUjXCo9/hYn27irWNsqwhUDpXhbwYSzLvIM+mdX3NAh5CugKJJh4jXmQoCu160cHey7ReWN1cdTFMU1I1c7QdpFYVaKMQBDdJtUTujRE0VleJKO3KIBzPmFZP4gLlloP6cgFB5LF2bHaWQ75OEp9TAREVO5bu+czNIJoU0Onuod/vYn17HdU2SWiKgBo1G+GXUMqXka348EkFJYqxv7OP/kkP9zx4GU7UQC4qotCYYeh1ceelOxxVaPy3VC4hdKl7P0DRqaCyUGDxCo3sURpzethBvbDKq5P9Qhd3XruJKDfDxtYWgpnHjolFEwzalaat2E3F5F7btHp93nVNoFMTE7r5FxJjUaZj9yzUYTIpjrqGtoHYBqvTKMnWklQrea86ushrWXSsFDJKA6Qf+NAFjMcebrx6ikF/huNbGZzuSRPXzpbsiKfTKmMDjGKlGoX2RbS9Ds1lAOuXY7z53RGa7QI6Jx7iKIf2chnFomaiZk1dQhugSEHRdK/V0ho+QKyzRZNqIUvncDTxfE4xxpMpdq5HeO25Kka9gmxS4gOvVlIr+jxLyikrSXAKazur8TIShqgbLL8ntBUajCIiJGVT486Eeyl0oBY2ysiUCWAIEQyyjETN8jSuS1toBVIlhK7X6aJSqaNaaoH6QbOMx5GS/nhTD6dHJ2jVV1HJtxBkB7hz+yaycU5E6VjjK0JIDc5uFvv7t9FaWsDiRkONEgj64oUe/G4GC80VxM6UoenxaIyjvUNe5bB17wUgLOF0/4R3r6xvbyCTnwnUTn0pkkuliMIKhiIK/XoESLvJeF5Rn/b69i5EbSQ6bUtHEeX+LeefLsYl8Mw/Zr7hKAaRZgpYxfxcgNy+v4C3v2cJO3c6ODmaIo4KOLmdw8FtOrMq0hkITZtFolmmRw743P3U+76i3t+ch1EHkDzu2uUIb3xHgPYqFbmkUic7rKOI1mR5TIlYXEqWxWvBAl6Uo0SfkwtMtYkq5CldmEu7uNE4ddHvudh5Bfj6X1QQTBMqOFcoalhHF5/0Vd988T5WiqUyLk61NACg+icSTQgWziF0I0x7LhtOuV5GfZkaiyEzfeNpHoUaocdT9E5Psf/aERbXl7C4scBpWzymLbx5oDzF3q1dDE5GHAlkZBdwRx7vem+0atwbsZfW393bQ7lYQbt8EYUiEBZI8I5GdT3c/vodrvO27rmMTFDC8dE+hqMOVrfXUG2WjS4AzabEXg7FuI58PYIXjbj+OzraQ74kG7ZI20siu2yufb0/84ZyHqXFHClzrhP1hDOUEL2rRJM35mHcM10xHYlUlJgzIG4Wcj8o/QmSxiEJvmVx9YksplMfnptlZZj+XhFH+yNVe9lwr5Xe2UFSUAgykK+y7I9RoVB+ln5ea2Vw3xMBrj0xQzZPjCnxxiTpItqqsnqLBIpJoKzRqPOOQT2xJfsESadX79oQH876jLwHT4yFjIQLeapPVNrlTl1Ou06PPbz0uRKOdwq8elq/T4kgiVHLotSEISw31qpTDCIu35frq6KJqk/IUGgZqT+esQZwfaWMcitHlQa8QYTO6RH63R627t+EUxZRbUGaAG8MdPZOeP/i5mXy5JrXJD8f9ccoBC002hWmw4+GPezfPGTl+wv3bbJ4eDgqoFgoojvaxf7tQyyuL7LAHYULerYgCFkJkpArYjDrSUadPwfTCJiUkKtGuHP3ZUy9PjOLaUqwVm/BKVS4GckkSFtFUJ2114suZ9Mg4+6Sa2DFiOSnCVKWQsjsRqJOleZh47l0LEl/0tFLY2y20VLicvGRGKU6MRiymPTyOLpNOtMy+WmBY4aNbUA/k4KpZ/6p932Nf18KXDlg9L/tx1207vXw0H1EEUngQAo/VJxzMUjvhL7y1qcM/ICK8BD1ek2t0BJvLmFeVjfzv8Xlq8YbjanK2CulXIHqyFNtIrQVSis83L3l4+vPVtA9JNxfioxEtlQZCov36aLNYNRKvE4rwSsDsX5PahMq4gkWzoEoW8Sd8gYBo121RQfldg4Tf4iM7yCfcRAVpwiY2yXXhgz67p09XLhwD9PZCYliEuQswt3b+xicDKT2yJUx7k2ZUrK0toRSTWgtOjOmRuZ4OEGrsop8jSYQSRlRBOLIeezd2MP68hXu1ufrAfxI0C76Q72a3Vu3UK+3kS0Q+nUXnTtDoNHH8sYm6rU2HKeK/Dkp13+OcSRZwNnNWWejim0m9rE0EJSiZp1NyVKVRir9SuoO+czpMKKbj/QQ6jwUivI7tHaBgJEEdVPpoDEV9Vz6tfTTUmD86fe9ZAwkVwCWt2I89mSAhbUZpl6EG4chNtp5tKpqHYHS1hXsPQOoPdpkLKzansliNB6jXKJd57TURgxOjES20wralYR5kdfX/RNphHENoKOJK4jXYDDBay9mcOsvy5iObE6SiFzr92SbiI4kSatRuQMdYfi6SREvtBUq5gntyjF6NOqOuJdCA06t9QrDq4EbsRQQzZ5MZwOeLuwfDbB2aV0g3QCIRtRbmeDOrRsol6vYuLxmaCnsDLwsypkGUPSlfolmXF/sXt9Fe63NKik0DVmoA9Owh87JCU52uszRomYkwcbxqIRiNQ8/O0C3f4T93R1UWmU4hTKObh1g2vHh53vItzysrV1Bs0nMh6osNmXh7QRx/OsMJJ3/JzHl9eqV8+oK7QbM2Ta9EwWC6Dn0dPYk7mOu+D+TylmPsTWazWM1AXPuueZBBtML0cr9P/2+l/l41FrAG/9GgPXLAfJOYtXEWTsdztAbARdX8ig5CVGOIV29ipn+qjfSZrMsHE1NQTaUgnhJjXZxNFH1iSniyQ/yDhKy9pClcthIOO3yeDsRPR/BwieHLl77cg47Xy0jIq9vUi1VhnOESnqp9r5B9hVqzkTXMBw/2Tmp2XA2lBxiKuT9DE8xTroTPniVVhH11QKC2Od+CnW+yVuR1I/hZdFNiIBhb4BioYpGrSWwMF1M5e/v3tqBk6thsbnBCpY37nwNmVkWa/esM8TLk3Ezeu0Y/eM+4lzILOCCQ5R65ZHjDKZDj+ukyewE2WKG07zBAU1WjhA4p6i1mswho6hSKtaQp70tas2dPlPnGoc4WfPnLOp1ttGYHEb7hJ/tt6QPt1Vsq4fplzaO3GZYmFgrP9WGIw5wfvhLxTVFORHqSXoqUjdFk7QrUZThc/GzP/ByfOmRGR5+a4BiSYSr+TDb8C4hNyFw8yBAq5bDYp2KPiU4rQ8jnUkWJ1b9EFZ1zzNCRc9VKlGRKB6Ld4IowYJkF2DygaVvQppNsp9dSJAi4+NSo5HQrvEUd+8EeOXZEnpHBTnMenehjiaM2kg6xigWtyQsMEK0UU0XXnAJynGTiELPy2lXAEw6Y55zp9mT5loZhTrt1vIRjUk8O4cwN+H1cxT5Tg4PucF3+YFrKIZtOLki70vsDU9wcJPGeSvYuLzO9VwwmbHAw0JzEUF2Ypb/0J0Q2DhEJqigUqgizI/kNQIfp51DHB/uY2VjnScdD1874b5MkD9FvpbB4uIm6o0Wo22yOVZgX8180PfYLsxfP1WSMzHfjT/H2ZuU/EwTMdUM1GlOkorNZ00mtbfGgHWv5byIlooGysqShuVZKr4562lfoIhN0mHJ/MZvfiG+/1oG1VIaVp73KroJN5oCJ8MZKk4G622hsPPB10oQnFLRPhC6ERmuT+hPQL2BOINKrWwaSnrnudk8ZaVdvO5NFfJUo1CDjA4eGQrVJvSfzJ5MsftqjFefL2PclYUsrFIoVm7kacSOlU9SRmIOCEUMXbLwoVSP14vyVDShtCtwqXfiM0WelVYW8yhUSTbUZ7pIf3CCvb2bWFht8nAV6WbRwUSQR0DRoH/Cml6k+Wun0CzURmlbVIHTjOATE9jy4nRYqDdCkqujSQe7Jy/xzDxF3e7OAJPhFG72BLlihNbiMlrtZVQqNd79R9q+GihhF6Drr3koyIIvkqrhHNhWnekEOZJvpA1IbvN5KZj9Pe5D2JI/+rnn9A7ShpiuYzRim4pbBi2TrERHDptdzCCLtZ5OgCsFWCnQIPO5zz8f39gP0apl0a5nQXtw5A0nXUcTvqxifr9DhTWw0iqApyeGOTcAAAd3SURBVFWVpzZoktoxKBFCVjmHvJLLR7lMNJWkhtCGwtttVe9EXzSRo5HeCe/rVmhXwhYmWHiKzukUL32+gMMbJQS+0oflw6BWt+loor5qg+evbDCaDzYXVfiqS8rFXXWijMxokjHApOchn3VQXXBQWykhzHjwpi5yKMChbjsmslclop175DQKXM/k/DKypQhhVgm2KUvhz0nrHGgnSb2k+i+keiijqKTde3h0gIXGMqdQR7sH6N0dIYjGCIqnqC8soL2whlqjhWKpigJvDlbQrmb9avhe4IXkTGmk1ip90wCocrNzqZdYhvU0WqDOys+MQVht+lRq9Dp0FQ3kJETVcwp6DSCZGkUBQFTPGD6Y0FnsFMtuECZv3y765YNmnnvueXZUo2mMzihC0clgrSXkQx3yzjMQeowXxjgd0EahGPesOSZQSVojzFW9W1AgX0mDhBI/Q6VCm02lAcj4vFoDLQhZsieb+VAKEk4o9ZR6qW48RRMmQbo42Anw9S84OL4lh4Nhad19tyT4uW5RscZSSFIpqYKLtRdRS374klABT4X8LMdNRhKQmPY9lCol1NoVVNqkBOlyEc8z9FUXB/u78KY+1rcuol5qYhL2OBrEbpbnVUhOSKdT4sWAkDbweg6ccpbFsff2bmAw6KG5QOMCE3R3h/C8MTznBKVaCe32OpoLbV5WQz0PWacsoAmbOF17Bceo4JpAnCap0I0AuwqwBAJN2pKkRfbZMN+1VhPQz3kC0N49+FfwwM4v7u2Dq9Eru0Ephz/JEBTCLyFMkWh15SbwOzd1rSCQgACWudAZ+cJzzxuzpBc47M7ghzGWmzkUC7ogTzyELn0FepTwOJpG2DkNsbVUQLVIh1uuJO+uUw1vWccmkLA+uLTijWgVVMRrRIWMhDcRqR5KUoDLh0qajBJRWG2c9geatMvDcDTBza8AN14oYzokVqyOIgoe1gaj0g2pjOTCCHXF4nSpjy6RRn6DaxRKu0hxJczyTPzoZMLRoVhz0FqrICaelD9D/2SI084Btq5QBx3w+zmUqySPSuxmF739ATY3LyJyAsQZ6tZr3SnaHBVgeDTFaDiEn++iWCrj8OYxJr0JjxDHlREW2xtoLSyjUq/zhizaN8/NWfZRanuXgbStJCQVCfShsGJGulkg4I62Xr4GjHak+Vf2OVYO9vXQpr+ulrFRKyvwWB8geYNJLZEU2Npw9ZoO8wn5Ycq4UqIUusOv00VFVdIGog8IPZ4MpDuMMPZiXFmn4aZ0vpwcJ32WMqBdO91xhM4wwqVVaniZrEuiifbk3MnVM9YyQkmHu1QqG+o2vUWKNpx6KW6X7v5K0SWGQgZC8KhEJJ+LeCJC8pDWxMXpsYtbX8vi5pcqCEN5XUmtbFhYGYUa0uJowzWISCGZUU5Vt9idejEUiiYivk2TjDSkRekYrVOoLReAwoxnYrJuGflqBB8j3jHS3e+jPzzm31tsX4AT1diAaECK5jzG0xFu3XiFJVIbrRbPyg+Pp/CiDsLiEK2FJSwsrqBWa7M8K+3kkJFcq59lYFwLo7FrrTl7sfUATEvAWmlBKXUuByyuA60VoEIghU9Tl8DxXozpQI0pKDaDPri62Lb7FOmawuaAyRuUbnlicfqxdj73V1FibLTK3EVb/FDnO3xpNOlRGbwqavhe2xFE2Y7KTjMYuTH2TkNsLOZRKdKhnXcRusGoH5lBMANeuRtgs51Hs0rcLJ2qqRVc2murAl5TUYheQnSNYpFSo8Tz6SYj59IKUtYhUnfief6EV1hTNCGaBkUU6Z0Qt2v/doCXP1/G4LggSiuqkJdmYwJbS9olUUIMRH1esyVLfqYjCUdRSqNYyVGMRHO7wmnEuzzqqzR7kuXR2WCYQyYf4s7uq+x8N67IdCFHV4pILq2K+/8Lu5qehIEg+izYQiF8qhej8WS8+Af0N/irvXLyQKKJglFOfASrpQul1MzsbLstQffApWy6292ZeTPzdraK+XqEyccIndMuNirG9G3B59Lj4yXcpoOT/gVanT7qfgNu1eNoIZMSJedk4KNMJduLZai8r3mL2zZTmmnKd8xf3hzh9g7w2wkcunmM/65/VQS8D1M8D4BgQXQQ3Vsr7FzBHrIcf2/24rhsgTNP9FrZx3hF0GwoVfDm9Rrr+gQyF7EuhWBDLiCG4q4xnryOLcMy3GEepLg6q8IjLVdqPDiBhvqlwHeUYvaVoEsL2hKfhuGwyXqLD8BMYJ045EjNNmGrUatR5UE9SYZdZE0EeuVlcMwd3hISJieeLApT6g1bOOYsN3G7Jq8JXgY1/CzkzITFHNC+ivhDBbhlxkzf0YactvCIo89JRioi4SBRO6at0G1VfqeBZs+F13YQqhBbFaPp9rDzVswepjFToww39Y+iANP5J2bjJVbBCqoyRcVP2c8gq1GvE6VH3xZrEn6ZQGd1ZUubytC3S5EbEXmhP+s+vJSZv5EyGfP+oYLz6w0Xesub1JyyHPJ1BIyHwNMjoEIJfFh6dS/0a9yezLU4HDUrQ61/oZeJXuWzsgK6gibkWT4uLcxGpn8Beb/WE+/eBjMAAAAASUVORK5CYII=',65);
COMMIT;
