BEGIN TRANSACTION;
CREATE TABLE IF NOT EXISTS "transaction" (
	"id"	INTEGER NOT NULL,
	"description"	TEXT NOT NULL DEFAULT 'no description',
	"value"	REAL NOT NULL DEFAULT 0,
	"categoryId"	INTEGER NOT NULL,
	"currencyId"	INTEGER NOT NULL,
	"typeId"	INTEGER NOT NULL,
	"priorityId"	INTEGER NOT NULL,
	"date"	TEXT NOT NULL DEFAULT '22-04-2022',
	PRIMARY KEY("id" AUTOINCREMENT)
);
CREATE TABLE IF NOT EXISTS "category" (
	"id"	INTEGER NOT NULL,
	"name"	TEXT NOT NULL,
	PRIMARY KEY("id" AUTOINCREMENT)
);
CREATE TABLE IF NOT EXISTS "priority" (
	"id"	INTEGER NOT NULL,
	"value"	INTEGER NOT NULL DEFAULT 1,
	"name"	TEXT NOT NULL DEFAULT 'none',
	PRIMARY KEY("id" AUTOINCREMENT)
);
CREATE TABLE IF NOT EXISTS "type" (
	"id"	INTEGER NOT NULL,
	"name"	TEXT NOT NULL DEFAULT 'income',
	PRIMARY KEY("id" AUTOINCREMENT)
);
CREATE TABLE IF NOT EXISTS "currency" (
	"id"	INTEGER NOT NULL,
	"name"	TEXT NOT NULL,
	"symbol"	TEXT NOT NULL,
	"acronym"	TEXT NOT NULL,
	PRIMARY KEY("id" AUTOINCREMENT)
);
CREATE TABLE IF NOT EXISTS "attachment" (
	"id"	INTEGER NOT NULL,
	"url"	TEXT NOT NULL,
	PRIMARY KEY("id" AUTOINCREMENT)
);
INSERT INTO "transaction" VALUES (15,'123',212321.0,1,2,2,2,'18-05-2022');
INSERT INTO "transaction" VALUES (20,'Test',231.0,2,2,2,2,'09-05-2022');
INSERT INTO "transaction" VALUES (21,'2137',2137.0,1,1,1,5,'10-05-2022');
INSERT INTO "transaction" VALUES (22,'2312312321',231.0,2,2,2,4,'31-05-2022');
INSERT INTO "transaction" VALUES (24,'123',32.0,5,2,2,3,'31-05-2022');
INSERT INTO "transaction" VALUES (39,'2312312321',231.0,4,3,2,3,'21-05-2022');
INSERT INTO "transaction" VALUES (41,'4',4.0,3,3,2,3,'11-06-2022');
INSERT INTO "transaction" VALUES (42,'00',988.0,3,2,2,3,'11-06-2022');
INSERT INTO "transaction" VALUES (44,'4',4.0,2,3,2,4,'14-06-2022');
INSERT INTO "transaction" VALUES (45,'8',8.0,4,5,2,5,'16-06-2022');
INSERT INTO "transaction" VALUES (46,'1',1.0,2,4,2,2,'11-06-2022');
INSERT INTO "transaction" VALUES (47,'2',2.0,3,4,1,2,'11-06-2022');
INSERT INTO "transaction" VALUES (48,'5',5.0,2,3,2,3,'12-06-2022');
INSERT INTO "transaction" VALUES (49,'5',5.0,4,3,2,3,'12-06-2022');
INSERT INTO "transaction" VALUES (50,'8',3.0,1,1,1,3,'06-07-2022');
INSERT INTO "transaction" VALUES (51,'5',5.0,4,3,2,3,'30-05-2022');
INSERT INTO "transaction" VALUES (52,'y6',6.0,4,3,2,3,'21-06-2022');
INSERT INTO "transaction" VALUES (53,'4',4.0,1,3,1,3,'12-06-2022');
INSERT INTO "category" VALUES (1,'salary');
INSERT INTO "category" VALUES (2,'car');
INSERT INTO "category" VALUES (3,'healthcare');
INSERT INTO "category" VALUES (4,'bills');
INSERT INTO "category" VALUES (5,'groceries');
INSERT INTO "category" VALUES (6,'test category');
INSERT INTO "priority" VALUES (1,1,'none');
INSERT INTO "priority" VALUES (2,2,'low');
INSERT INTO "priority" VALUES (3,3,'medium');
INSERT INTO "priority" VALUES (4,4,'high');
INSERT INTO "priority" VALUES (5,5,'very high');
INSERT INTO "type" VALUES (1,'income');
INSERT INTO "type" VALUES (2,'expense');
INSERT INTO "currency" VALUES (1,'Złoty','zł','PLN');
INSERT INTO "currency" VALUES (2,'Euro','€','EUR');
INSERT INTO "currency" VALUES (3,'Dollar','$','USD');
INSERT INTO "currency" VALUES (4,'Pound','£','GBP');
INSERT INTO "currency" VALUES (5,'test','t','TST');
INSERT INTO "attachment" VALUES (1,'data:image/png;base64,iVBORw0KGgoAAAANSUhEUgAAAMgAAADICAYAAACtWK6eAAAAAXNSR0IArs4c6QAAIABJREFUeF7s3Qnct+lc///jnhnMjG0YY5+xDdKiJFrI0qKFqBCGtFEPKaUfhXZEKEsq/RVSyVpKIdm3UihLZMxiGWObGQzDYLb/43ne87o77ut73TPXvV83cz4e1+N7fc/vcR7r+7N/juPccsH7xgXjkuuSGbhkBtadgS2XEMglyLhkBnY8A5cQyCXouGQGLmIGLiGQS+BxyQxcQiB7AgNbxjjkGmMcfLUxrvYnYxz27WMw3z71pDHOfNoYF5w/xnmnjXH+53atsS2Hj7HlUmNsOWSM8z87xgXn7Fo9lzy1R2fgK0OCANU4aCtgAW3bde4Y539+9yZsy2FjXPH+Y1ztKRuv58xnj/HJB41xwZfH2HLpMcaW6Vn/n7+VkA66/BhHPGCMox67powiZ47x0fuMcfZrxjj/Cxtv+5KSe3QGDlwCOejIMY559RiX/tqt4NqyZaGPseXgaYIuGOOCc//v+5l/McbZ/z7GZ/9mKzFtuzx/2BhH/NwYn/7jMcaF3PtKvzzGVf/wQuLblXk/f8fPkhAkxsVeF47hAzcY45xTLrb0JQX27AwcYARy8Bg3+OAYh1xrlePu2XnZyuUXqbSJLqrXeZ8c45TvG+OckzdRx75yu7K5CeSy3z/GUY8b4+Cjtur/l1zbz8C5H7+QYG4/xnmfumR29sIMbF4COfrVYxz+XXthyHumygsu2KqibaHabYaLnfLFf9/aE+rbab86xpfevRl6dkD3YXMRCM/QUU8Y47Dv2Acq1M6v22c/+9nx+c9/fpx22mnjKU95yvjSl740rne9642jjjpqXPva1x5f8zVfM772a9lEO399/OMfHx/+8IfHF7/4xfEd3/Ed45BDOB72wHXWP41x5jPHOOsf9kBlX31VbB4CudIvjnHVJ40xZiN7YwtyzjnnjPPPP39c6lKXGl/4whfGpS996fGRj3xkXP/6199YBRso9YpXvGK8/OUvH2efffbSxic+8YmlzUMPPXR8+ctfXtq87GUvO771W7913Pa2tx1XvOIVx5WudKXxqU99anzgAx8Y17rWtcZHP/rRpeytbnWrccQRRyytvvKVrxyvfe1rx/HHH79IIwRylatcZdzsZjdb/m5zm9tsoHcbKPLl947xhdeM8flXj3HWP65xUmzg+a/SIpuDQC59kzGu+66tMYANXogC1404zjjjjHHYYYeNgw46aAEYUJ577rnj5je/+TjvvPMWMLuH+x988MELh/Y7wPrzv+uOd7zj+NznPjeOPPLIQY161ateNU4++eTxyU9+crz5zW9e6vAbwvC7emZ1q7r9fpnLXGaceeaZi9RRv7/LX/7y43KXu9zyh9D0/6yzzlo+XYgMYSGWz3zmM0tbP/iDPzjuda97bXBmNliMC/pzLxzjS+8c4+x/G+PsN2/wwa+uYpuDQK77P2Nc5ut2OPMAiHO7gAzoSAsAAn7/Az7Q4cyf/vSnFw5/7LHHjve85z1LeZz5ve997wJsz/muXs9SlQDTs0D9/ve/f1GbbnnLW47Xv/71S/nTTz99ISQEAfDaVZd6PKdfQO159fq9/z3nOyLwrDa159N9hIKw/a8+REYCaavx3frWt16ISztf//VfP6573euOm9zkJnsWrV961xifedpWlQwBXXKNzUEgNz5vhy5V4PrQhz60gBMg2QG+X+Ma11jAc+UrX3m84Q1vGAAEfG9605sWdeZbvuVblt+e+MQnLnYB9SgAAhkgAizJA5Dq9wmEV7va1RaJE7ADdxIj8JM0EVfAh6nDDz98IRbtKAv8pIRLHdQxzyIs5fRDWW0aH+Jxn0TUJ8wBMV396ldfVLj3ve99S7/9/k3f9E2L1LvxjW+8fN8jTgNBzA/edIxzPvhVTyL7n0CO/PUxrvLolYU48cQTF+5/1atedXzwgx8cb3nLW8bRRx+9qBsvfvGLF4mBk1KnGMjAg2O/8Y1vXFSvG9zgBuOlL33pQghAjEtf4QpXWEDvO4lw6qmnjmte85qLxAFkQAQyAAZYnwEVaAHZ8xGK54DfcwgWuPuuHs9o3+8RICIA+uwXfdFv7alf3X7zHVH4I0n8pj4ErC7jRZQRXEY9ZoBYSL9jjjlmeX6Xr5Ov91VPJPufQG5w6hiHXHNlDRHEO9/5zvHWt7513P3ud1+IAhgAlo7OCPf9Lne5y6JuvOtd71q8QKTHu9/97gWs3/AN37CUA1CEBFBsCKBM98+wp+sDfKqSMoCcKgX4JBjwatdvLnUiAioZIlRf0ic7RZ/Vp1yEqD4AJklc6lMudUs9DHxtKUt99KnfJFx2lf66nzqHCdQPfTI/iAWjUWanr498/xiff8VOP/aV8sD+J5Abi1hvH0sAsP/93/9dbAaS4C/+4i8W1YLBjKv7AxhqBqDc9773XcpStQDdhUCAB9dNtQFSxMXGSP8HOEBWDwJhrwTKAJUhjtBwbr9HSHF7ZXB24NS3JAWQ+x6QgZlN41M9+us7dZDKZUyILtUrJ4TyxpL0IfkQXPWaE+1rV1/89T+Vj0Rjk/30T//00qby7m/o+vzLxvjo3b8qc8L2L4HIij3i51fWyMLG5f/qr/5q+f8d73jHwqWBCRAsOPABCIPWM3mfqE4AQu9PJ8+g1lj2DCCmRiEQniqXujznN4BMcmlLve5FVICbDaM80Crj+VSunteG+6lpwI/gjMMY6pcxIgbjrixiVbf2jF37iCrvl7bUDfT6oQ4Ep+28bPqlHn9czcZ7v/vdb1E9ze1F2i+SPk+4woUpOBsiq6+IQvuPQK7zljEO/dZ1JxEnZ3/gdNQsRimwu2/hLTjguIAuAKbDAyxODuieAwiAAvD0ff8jEBIlI5mEUJc2UqF8p54BUV6zpENSKPUojxggArL6/TbbGIgY+PVL3UBsLPoQkaRKGYMyCCLPmHKB3CfpZA60iYB47xCJPrufZFFO//2mfn/iRFTS7/u+71uI4xa3uMVFg5pL+IPf9BUB/I0OYv8QyNGvHePw263bR+CzkGIO1Ku3v/3ti/TA6Z71rGctMQlABg7g8wds7gXsvD8ZxhoCTM8ATc8BhfZyrWYgA6HffMfFgSw3bISJGBjMQKzs7JItaKlfSQ1EkVrlmYjH74hPH1zKJUmUMy791YfUOf1C8NrF+fWFalYbpElucYRiDBn8CMRcIEZMghQyLxwe6n3wgx+8jTmsu0BffPsYH/qWjeLrgC+37wnkMt84xnXfscOJs7A8VBaVPQB4L3nJS5b/AYYUAZaCb6k0SROAA5ZUoYDr99SU2cjOQwSEVB3Pu+YAYCqTPuVdAnbffQKdfqX2AHjqyizpZnVOewhaHbmFlSU1cxAkNTK6cx0jYIBPMpKC6st+QnD11XzqvzaU8Syp5TMXtfr1Pc/XHe5wh8UzuMPrs88d42PHHfDg38gA9i2BHHqLMY55/da9F+tcAFJc4n/+538WQ507VooGMAEIVQEw8k6l5mQ7rI1fFDEHjjxGuUsR1yxlPFt0u/SRCC2phYDWEkD2Qn0AwNSeIvSeSYJkQPsO1NoF6tRB9blnnNqd3c76l6dLPYDtj9T0jL9Uq7xifjd25XNyJE2TdubXPW7iO9/5zktfEcq61wVfHOP966/hRkB3IJXZdwRy2K3HOOaNO2ZKn/3sApbXve51i5fpYx/72DYuhwhwU1Ijl6eKMthnOyT3J+4YWLJHikTnmkVs7imnXp9xeYBOgiVNAn0pJHH4JE7GvTojpIx537OBqgeAI9rqyCinOs2qmv4ZB+IpqKhsnrbSUxBU9pY6SQ73cnogRJdxeia7ylyIHyl/oxvdaBx33HGL+1wy5rrGOyL52I+P8bkXHUh43+m+7hsCOfy2Y1z7lTvcQSc2AQDPfvazt3mSACc1Iu+NhVLW4gLnrDIVzwikqVzArS5SqPwoz83SonqAJy9RRImrF/zTfraJ31PvSlvRpt/VA8RFy6kzGf0Z4ACbdPMcEANp0XuEwMOFSLOV9CX7qWd8L3WlNBrfSZQIIeL0fPPK9nBRpaiHGf7miX2CUMSRfvZnf/Yi1K0LxvjATcb48vE7DbwD5YG9TyCHXHuM658wxpZD150TQGWE/+mf/uk2gxjgEIFFK6BH1aKfp57k1kwvLyVj9nBFRH6LA5c0qA0gKgWkuEYR8wzzJADunTsXmDPM/R4B+CxoB5TZKBnqCKBntVdEXh+KmOdF0zcGduNq3MVF+l4b2gV2/SQVEKm6YjKND8HlqMjQr6wxu7h/BRaNkfH+S7/0S0twcofXSdcb49yvzLSUvU8g137ZGJf9gXXn1kL953/+53j605++cCzck/7OVUkNApxsABUATTlPGelzcCy93UIDiiuQ+GSEp6JleCsLNH5zlXGrLlfp7AhnblO7qV5xdd9dBfOSPNpA0OVKFZwsNR+IjVXbZfk2FvORpAFY4M3t6zsmQipki6RGGtMcXFRv42PneUa/IhK/V5+10I661P+N3/iN4+EPf/hSdofXJ39pjE//0YEiGDbcz71LIJe76xjXWl9HxcHtgXjsYx+7ZKUyyIEQUHFZ+jGJYaHLnQIMIPI9Lhj3LiBWbhMAp2pkeBfoS3fP9tBWBJWRjxgCZkZykenZPazO1Cf3y+XyfP1NylmVYi5JDIRRfpVnANJzQAzgCAR49SVbKjd0kilPnf5Ry7Sn3og/oJtf4Df3PIXmTDkSpP7mIo9huS/PjD3CBSxussPrjEeNcfpvbRh8B0LBvUsgx7xljMNWg4G4l/jGU5/61CUB8aSTTloAgCCoUuIf7gF7XJ/OjHAsNm4cuC1yi2nCPbMWiJ7JUAU64MvzA6juIZqSCtVNvUmNAkiEWnZu6Ss5AbRZWfeA2hg9l1GcB6ucLHWV6pHRrYyxmYfiQQhGuTh8EtQzSc+yfwtCMvD9bzz6QuUC/OoxZvWdcMIJ21JszJHLOpTgaA5ymfvf87Kj/X+R16eesDVt/pwPHAg0cJF93HsEcsg1x5CIuOYC6Cc96Unjv//7vxdO1g46nKz4hwW3oOn0BckyWFNtCuLlxUovz7tU8M3v6eKAUIZvnD+jn7Ea52WoukoX8Xwxjdl75PeMfESXCldcxPeZCIthREAAnERMBfJMaqKxtMnKZ5urSBPjANoyfYt94PLqaHNYqpbfk3BsDJdM6caQm9i8lInMrsm7hagwtMc85jFLny72Ou0RY3zKmV8H7rWXCOSgMY792BgHb12E+eIl+cu//MsllYS0yCuEy8XZAB33s0hlvwakiCQuNwfkijAXCPRp8fOCFUMpMl0sIMMddwbc0kOKpMetfXfhoOoFzNnQ16dS341HXXH+XK95kgDU86lHxWNKV5mJqnST2tbP1EbgL9iZS5fUakOWvTPq0n4MoXjIda5znaWPYkqIo6znpBzDHJFx9cpvU682JEo+4QlP2FiyoxyuD938gPV07R0COeZNYxx2q3XZBmNPEBDA6P4mnkpg08/zn//8hfNRMRjqSQ5AtqgWrkzXCCMCA6L+z/uVPZHxDDSlZiibDq9O4GhjUjEM4AboJF2xkggGWLRFWgRCbSKa4iipYdp1v4wA9ZZ0OLuMkx5+Nz/q1i9z0m+kmz4XPDU+3/PAlYLiE1GQAAikiLq+6bu/MnttF8j1rX5zoA+l1qtbbIpEMX5E8rCHPWxRhzd0fek9Y3zw6zdUdDMV2jsEsoMdglLSf/M3f3PbwQoW3wJYQIs/B/x8L1ZgkUsZT9WZ86ZKD0nPD8hxaMDAsdkxQJMtYyEiOmXjyog3adYeDp8ApF1lk2z1zff6nzFMWpZAmRtWPYgkQzvvE1srVW/2vJWFnPqDaHI9A2qRdmPkecrmYKwDP1B7pv377SuJ6TDA1Uei63/p9/UlpoPA9VkbiIJtYu1+4Ad+YNznPvfZGKa/8OoxTvmejZXdJKX2PIHc6ItjbFndmGNiH/nIRy46Lw51yimnLBwtDhxQiPySBy1shOP3dPXZmxTnN595hHINAxpA4Hrp1S04jqvOgJcUofapJ7dombq4bnZFKeblMxWBLxFQG4CqriQK4gOyYh8ARgLoA2LEkXn1ADSiKi1EH9SFINgAEVAcP5dwKTAIXPvmxlFE1Kwi5eapPTPGDOx+c+/Vr371MvcYSXab+c+N3WYsxIwAU9XsM0Es9prklFgf3+eP8f7LbH8c7CYhhB11Yw8SyJYxbvCRdXcHavzP/uzPlgMQ6LSIAmfDaS0QTgtAc+Ys0BQVt2jFI0rca9GKTWgjPduzc3SZ9Einz5cPTOn9BRe1A0yuJFicthSQ1C9gBeTqSaKVZpJHjrTIdZtrVxkEAsCzFAAy99QbAQNhrlfANEeIyf2i8jkj1F+qjbnr9BUET2XFKDquSFsIWX0IhD3i0zblPIOpgOZafxCdNjExzCuCjMkoL/Iul2uH16l3HsNZXQfItecI5CqPGuPI31h32PTbxz/+8csk4zBcuBayrNL2PbQ7LhUi9cYCxJnas2HRLG6uzqRKG4aAg3EJNMCIK2bTtLi5dgHCwmdAk26ey9jP9an87HFSXrtJlDkaT0oCUgHAPE3K4L76iVkYY0SBkIzT3BTI049iEbmaAdsYckq0RybHRSqg+oyL5GLrmTPtkkZJ75wHCAbh6d/b3va2bVkAFjTJl/tbP2IMORnMrb4jkh/6oR9a8rm+/du9ImLNdf5ZY5ywAQ/YJiGgPUMgB11ujBuu/14MC/3bv/3bi0qVlGhbahw0rhfnssB+KyvVIlvIYgBJi2yXOJjnABNhWKC8YMoBdhwVkCymvgXwDG91sJVqW1t5tXw2Bn2d+18iZbYFVQh4qDvqanssgOqL33Fs0lPb+ghcuaFniWj8JTrGFIrKt72XdEnaFDxNVeT2JbEjJIypDVsRGSLQjnkzrohEXfqMwWT/6UPJj6Xk+F5A0tjUZat0zpTt8H68/fxbMxU2+7VnCOTKjxjjqN9bGatJ+7Vf+7WF21jAtsg2uR7IsJ0Df+npBdCUsUCdhwUc6oiTWQQL4k/E12FxFisvTp4cBJGrsvgEUOlfgTVtS4hMqmWsl/DnucAeyFLHShnXNyAsWxbIcHN1pw7pmx19qW7ND6IG0IiRemgsCFBZDGDeaWje2vyEyFIJ9dcz9eGGN7zhEhhUB1ADvWdjAPqorc4GY2/ZnFbKvfvWQJ2ptbOLOfVOvdZNu9beKZMr14lX3fqyoQPg2n0COeiIMW746XWH+sd//MdLCgnwAU8RcADKLev/VJ7ZY6N8erZPIKEaFKBqk0/7Iyy6M6IYjEBW0C4Q6KCFa9ERWdtVPVsEHugRHl29q4BlqljpIrMKmHporMoBln743730/fKdinJnlAOndtlAxSHKOi4fK7WvDWPqihEgkhwMEUXgVy+1zpwmnVPngDxG5TfShq1iraiAJE/xIgSCcN1LXfVsamAePd+dUyaNaN3rhMseMAdA7D6BXP4eY1zzeSvzYBL/5E/+ZNuCA4k/QHKZYLZBe6QBvZSQ3LYAYLJLIFQeWOKmiCA1Qmo21Sr/fqkfJQ4moYDAfpPUkRL/9Cl1S/vspIz38q1y86o7NQaYcw9HBBEU0OaQUJcxl85esLIDE4AYweqPtoEzbt+hFGyEiDP1DYHl0GBH2L9fwA9BZAOV/u4362CeqFUFZYuxmAcEVqCR1ClPS5lcxjEqfXRfmeaQFP+Hf/iHHSc3Hn/h28C+8iXIljGWY3tWL+kkDn+zoKkPwFSsIoNz9oakEuX5AS4TD1zl/5QP1aLheBYL1ysdPk/VnEulh9QGQAEo0eNUkMBqsVPf9Jl9kCu1vhVcTAqmXgEi8KWSZNgDIRd3Ll3zgVDaQ2JsdHbgLgNXmx2XmkcrFTIPVhm3GEb2SAFC9kPxJfOFsZjnIv3GUD/MFemlHKmZlBAfMV+eowXor7HljietSKXiSPpXKo61es5znrPjfSSn3mWMs15yAJDH2M2jRw+//RhHv2ZloCZKzMPCmHSTl/fJxLpMrMnOWLbIpZzHobNFAIoOXeAtwxHAnSLI14/jWUBlAyeg5e0qlUIZ9WtbX6hcHXmT/l8eGM9PHh8Ach+4yvw1zji6+8ZUWnvSRjskA7umdgs6Bij9BXxErg7z4Dd1+a6u0mX0w3iBGlGS1P43hoKCCAHnT8KWDUAS1d92Tmb0m0drpM1SchCHOVYmG83adVRR86ZMRF8u2zd/8zePJz/5yTtORznx6mOc939q7Gallt1TsW74+TEOWj187GlPe9pyVGgGqYmPSAJX9oXJL27RQXBx6QJlnvm2b/u2BWTqQSg+6bkWq+TGNkZlPBabSPSnZqlf+wBrQaW+5AYGisprV1uIJHsgo74kxoAbIboPTHFbn+oOzH7zvXlorPpKGuaVct84MBjEMktOwCchEArvIAlqDtWboa4+/5ehrF0E7jMVt73v1kD/2W+diFJqCqmcKoxhIDBSq0xfv+do0YcCmtqSPvT//t//Wx/73L0nHjHGBVsPydis164TiNchH/vxdcf1iEc8YlnYjEIL4f8Cf3MUO1ephQu0Fqd0EJOPQ1JD/uu//mvhZhYfceC6pa1HFOrwp4yyebgiyAi1iDpgAJ/FByjtAHNqB1VH36hJ2sotqn/ZLOpWR8a1754rCl/E3hy0p8OcaMeVmxsxaRenl3GAQ5dI6VjVYh+IFjGwuQDRc/qYDec5zwNsDoekcVJCu4KDvruSxv7XX+Ml3bMDIwJzpF5E4uhU3xFJ6iy1jCQrVvOjP/qj42d+5mfWx/+pdx3jrL/frLSx9GvXCeSox49x5YeuDO6FL3zhMmkOkcb5cBqTXTTcQub1MOnzgWZx1zneAYR5asQnLAxpAhwAGEAikHThVKm8ZQHE754r5T0/fXo5AEvFBxJ6uHrc0zeqTxmx1ZsN4jsw59mKmPzuecCnziES92q3/kaw5iPVE1GQFABX8NDv5k+dCEYffc+9GhdXLqdIhKkt88kBUGaC+kuuLCmS5M4ZYoFzSCAYXrYCjtaltPwCtH5TXt/Vi9idNbDD9HgH0TmQbpNeu04gN/IO8NWTw3/1V3914Vo4Mi5Jt8X545Imbxb1RcCLFQDYHD/ADdVnIQBU7MArykrbyOZYqP3CA9xyh2aDWLSi4j7n2EscNAPWQqsn+wmx5+2hfiQZZtdvXqS8a/pS4DFVKa8QsKZKeq6kQM+kdulD3jXzAWSYjHGQOoEwTxwO3uHb6kMYCKCgpXqpPurMfe63crgAP6ahPapeY4rQi9eQXIhEe+75bqz66Fnj7FV15dlxv3ParHt5a++JF7HffT8Tzq4RyGXvOMa1/3ml6xaCcU4vtkiAjDji1nlOTKxFoSoAY1s+syEKxJE+EUYvlJG+kEGeNEil8nyqlM7FqfOcaSuVJY7tM7dyUq7fSnM3ljZzqTfDOeKu/Jz2kjGs7aLg+kYFCZxF641NnRnT2TupTJ5HNIhVm4EX6NuabE46FEK/mzftAznmot0cC34vvd//+qCOXOAcBtrJliqYWvpKe+OVa4dlqTi+54zRpva9tuL+97//+nD3SuuTN5g2v48JZtcI5IhfGONqT13p6gte8ILhXX5AUO4UbpI9EGc3kTgxaVDMIUO9WELf1eWepEZGZPk+Jt1iFcH1fzp/kiMCKZ5QNDxbaI7e1zdALaeqGEoEm5eqjONSXGbnQPlZ2VYRUYYwjosxmBPgSfLlZUvCeT6XKsIqoKov7T9BMMBoTvzlDNCHJEjqFVVMnb4jiPqsDozIXAV0zIB9kmpFPWwcyutP0skzbBHSUxlzl1SkReg34tY/m6x2eGLj518+xkd+cB/D/+Kb2zUCucZzx7jCPber3cL+xm/8xqJ7tq/ap4XIC9OON4tsQqUhOPIHYHLRpsvHDT1vsb/u675uEf1lmMb5I4xSr7WV+lVdPpMoeYMiiIjA80XdC6T1PWOchEzNiZCANW+dvs3EB0TlbkV02TTG73d/+ldf3c9ZkeRTf96tHALayQULpP6oPR0AUZwpF3FSKS9WzASY9SEVmO3hQkjsk2JECMwYyl/LVY0YHbqRXVSKi2fFmtIeEJnx/O3f/u3yue718fuNceYzLh61+7DErhHIjbcCbu3F/qCfmnCiv/0ZdO787gBjEolb7mAXjpUhnnEJCB09Y0KdQF4ZdSX+y3Eq6u27K7ujxQi4pYEoM7uBfS9qX12BqLL6nc0yZ+ECDULJa6bvns1Dlv7eRiz1FwBVt/9T85IqwBgH97x5wyAA1wWwRdvT/ZMiCKXgZAyqlPnOEyvekXRHYNos3Sf7orkgJdSrjD4kjTC93M5+s+bthsTEECoG6Flriyk+4AEPWJ9IvPptecXC5rl2nkCu+NNjXH2Vyi3wT/3UTy0LmWfJRAGdBSx+YBJL5HOyid9dngPmglmpZsp/z/d8z8LN8uDkym0aA/9MGEmIjOSZMPyW3aD+OHiZqRnBqWipPZUN8KVtKAfMGEHBvcpGAPpY3MFYU3Xi3KXgFGBMdfR87Xje3LHxzHExCs+UBUA1Mja/836lBgZkzyNmRF2aiD5YI216zvyWP8ftHXPjVjc3eSH1jZSoLz4RhPnKGTB7C9VlnN/1Xd+1bK5aV5Kc8ftjnP7wTUMhO08gR/3hGFf+lZUB2AzlMAYTQKfFNdKd19oGbA+qmDKIyAs3nclb7lKqiUbU9d3f/d0Ll2q7qAXK3VqcI5UrVSmvlTqAxCJ3pcIEfAtF8uRJa+HmIF7GdvZNKlYR77h83zt3qnrLYFancRp/xJv71bhyG+trrmCfiASwzYdy/jeO3KeIUzntYSbqUcZlTVLDcu8aK0M620h/1F2AkD1jh6N7JFeq6JySb/7YGYivNP32s2MCiIV01A6Jp08Iz9vCvM7CqY0rlzftfvAbD2ACucEnxjhk+9NKcAk7yTLcLFCntM8eH5MPqD5xWgTiUl5gsaAUokkXRzwIKt/8WuAkgdwP2OnuSa1Z356JNaNSf9yfngF9AAAgAElEQVQPsAAVp8yQz1OW5yfVo0yATmgBig67w0XLK6u8cQGxMc6BRePTbkQyE3P2ifnVfrlX2TFADKDtO1c/UCsrj6qDKtSpHHtgThaVHFm9OTJ8eg6ha08bMR/EUzCUdyxPpDoxsbxlxu536l5ncklkhA3JpQ996EMXibhyffG/x/jQN28KItl5CbKO/UGUsz9yIZaAaMFzxZati5P88A//8PBqNRwq/Rsg446IpaCVtx51Ikh6dGDN+E6arLUZCublsbFwnk3FinPn1Ukydd94ejYpVDAwiaXO0k6MUV2AgQB875jP+pjRnqNCPbWRxE3a5TkqE7dkz4zqgFisQtoNDt0rohECJlTOV6oYhkNdQgTAS7qIvBdvUl/2VMY9IHu+jOPUT+tX/lXzWAzH/LdZjW3aKTCIVF+dx7zDAOInHzTGp1c9pfuaanaOQLZcbowbre4cNPjf+q3f2naQ2WxvtOgmi/hFBD/yIz+y7E//x3/8x2Uh2syDu1jQPCImEYHQtfPHB/o5CDhHpbufpLGQgDB7hpI6xSEsaFJH/XMsJRUt1aex1Q91AH1Gdca3PiGc0lja5ITw28sCPK50/HnejBegso+yVQpoFksxf8qSVuYJM5nzwfyGCHJmZBMx6BnebfEtaVGSo76nuiqPgBAe5mZ+c7EjvKSYcnkUU4cxAWNULulW9N18SkP5+Z//+e3U320E4DytJVdr6/aI/XXtHIFc+dfGOOr3V/pqa+UrX/nKbdta87AAg8Uv2xMXMkH3vve9h5iJ16wBC45mYTpeFAgssu2fN73pTbcZ/XOsJC6fahTo816lDuT2dX/2LgXwtZH4WRqlXqVyAY3+qscn4BQQzDDNFslwB5K4ekYxMAKtZ/2PK3t+fiai0SbAxcELKOYNRBSeNV/UPLEic5GNZO7Na6/N1kYMQR+8MKfvReA5AepPeXPaw7DMj/KI1/+9laugZWqu381TyaD973eE6Vnj5r7/3d/93fW35p757DE+/pP7izaWdneOQAQHBQnXXH/+538+/uVf/mWb37z4QQl9GYk+eTK+8zu/c/z93//9kvFLHfDqL5+CSPThkhUZ572rAmAsTFHpuFycq/SR1K+14J7jJZ6JEFJPUs/WGvcBRf2zfh4nLY4BkKk2Bc2yV7I3es00sCvrfkcJJbXyYjWHCExZ3wFrdkIgCgyHVAZQhrZ5ac8I6ZBnTZtArj3PRCjyw2QFN6+e0e9cyOZNeW2pi5dMX6wjqRCDombrh/koA8DcqtfcUOGMtyNdC4Jipg7FZmuuXKTH+1fTmfYlxewcgVzn7WMcur3xhINIaW6hTVL5Qvn2W3wcV5KhdBHbMXEsC9t7MBjrCKRYiONjcMMS+NZTkwJwny1YAPO8xShPK5uovvkt9WqtqqZMRrOFVqd7BcssfO5Mi1YGcupKtkIGONApr49lOJfICZjVX5wndSxbpJNJzFeqoHbNj2dICZIYp0cQxlMOmHXSRvlkyvvD6W0jQCTFUzynzfloWOX0vcMocriUgtN+HmOz/pidPtrhyFulHGJsHcwhQiYBHT53j3vcY4mdrVznnjrGSRfxvsS9TC07RyDL7sEt23UJ53jIQx6y7dykGVC5UQ2cAWhS/U9Pfve7371wNItjMQQOX/7yl2/bLKSMd3mni+d+nD1Scx7VrBpRZQAZJ9OHpARCSM0C3ozhPjP6+y3pkB3iswChPpecaBz6AoRAZQ4AKuMYWPJABVBqj7qUd884U7WyjUqNL86D8JJi7T40xvasGx+Cw2TUh9s3X/qknuw7fc9TV8wDYXlOG9kdjT1Hgv5SiUtqJFVS93JqFP+aPX/mmBSJsCNQ/cE0f+EXfmFx/657LW+xet9eJoX1q984gezgcAZc4Xd+53cWMWpyy8HCcdPdcRcSxgLe7GY3WwD7hje8YZksBOLTngF2SVtXcR0pDEBTcmKSKHtiBm73Zi6cutRCpWZltM+qVlJktimKnPutNBlqTBkCAAEoiAPIlPO943WAN9d3ruRcvJ7VL3OkTs/yOs1OiDmSHrFqp/tFs42ZW5f64g+BqLN0fQSkXuXbeouQCurqP8+hMqR4EfUYnN+NCQEhEG1lg6kz28waWGdzNacbdQC2ufF/0tscWF/MkK3peCjPrlznnT7GiUdtcgI56gljXPkhK510comIuInpgOVykuKEeXZMPMMb8NktZZkCkkU26SbRxIm2tlsQkAoSAlIGeSqRhcx1G4HoAyDlulWm5MbiDfNn6lQeKQsJjBGJxQeGcpDi7jihMrlgjanvxXXi1HF/z6grO4AU1hdSJQIx0fXfvQjXXAJfUjJJVhoOsLXHRgyESlSmb2NDJM03YkcUCIoKV6q7Nku712+EUUa18ZiHDpPIrY05Zm+VsFhEXx1sKF7KHAjmAPGaM9kS1ptXa90LgSCUfXxtXIJc5ffGOPIRK92T5y/h0ARaHFyL2HWl+6deAboJu93tbrdIC4viN1fgaMsoF6AFsrg9N8cLZjfk7JacpcasRgFj9keqhrL+z5kAfNSkXjFtsecYgrL6VKQ/ogJufYw4ip6n0qkDgNtFmDdL+0CmzQjYs8aTBC5OkpMgW88cF603LzklfPJkJdF4pNgsvW7BWPUfWEuL0c92AvZuwgCeyqVez/UaCkSI0PTTRjbjRzRArm+lyuTm15/2jBh/B92pB8HwZnH3O9y8fLrtwPap3x/jtH2fgrJxAnG0jyN+psuiPvCBD1y4BgLBrSwWsLdrTRmTH2cTM+Hm/Zu/+Zslp6hYAQCZbKKc7nz7299+m2qVazGwmMDiG93LOA9g7seNIyDfc/umk1t0/bNg+uIzLghMBRb7Xx36qSxiURbXxT3L/+qozuwN7QNBKl3gqa76inkEzH4zTvdmO0Sb+uCzbAS/u1cwzkY16qv50Hb5UnP6CWIAXP00BkA3H/pfBrH50r8kVkTtHo3B8zGS5sIc6k9twwPnQXleCEhfEYdnzLEy1GxEd5e73GV9OXH89vbvvhAmGyeQ67xtjENvvl2fiGxvQDVYgy6FAQBMTpmv9FvZuM7oxQl9B2h6sIlmvHlRJM6tHsa5VIQ5ObEo7UwAOpNdkvGXvRExJDWUTfd1T5+1bYGKSaRCdXpKGa7FPVIV1eN/XNiCdh6XcrlQU318+iuijgGUHh+hJInSv/OYlVmr3i7zBvCA2fZlKhrgp9J2GiNuT0oX5JulH0ACvTaS/qS3NcDJ9TeJ6Dnj1XcgJwnMXa9EUA9mZ5zG33gap757jgpXSkySvgCrtb773e++/H7f+953IZiV68Qjxzhv68tW99W1cQJxeiJDfboY6I9+9KOXCaEqWRgLCMT+ZkCxKd761rcuC2niTGjR3Q4CsPD+EBPQFXWNi7ehp2BgQak8NX3qYraIz7xYCCBvVzZEOWC5by22cgjHIlo4/SsZL5ULx031S1f33Zh8UmtST5JIQEWy4tjANsdVIoKCfAUw9SFVEHcnqcrhUpc6zXP5XxFNUgwBIyD95n0yF6W7tF6dWGltMAeEb43i7kkw/dZnapR57VAHfcBklEcIxlDKOwJVTt0FO83vrDkUP7LmsnyVXXf34Ye/fYyz37KvaGNpZ+MEsk4OFrFpl5jJMEicx2SifgtlIXxSmX7iJ35ieeWz4CDiAEwi2mIn9gHAQh933HHLb/nwS5/PjiiKnpqUByqbZ5Ye6eYGa9HLLSqnSj8QASmmvXLDLKJ6jKdcK+BJ3wcK/bL4SSkgL/2iiLvzoQBTG+WmqW/Odg2w/Z5BbjzqS+1SP4A2fr8Btz6bZ2NTd+85L+DasaSIlkFu3swzws4GU28SSz+MPSaSOkU9dr9TTNqJmNFtLj2L8DqvK6eLT3NlDObRXKdN6IMxYkJ/9Ed/tGgP6+Zo2XFo5+E+vDZGIJf+hjGu966VbsmlevGLX7wAD8g7GZwOKfXEJBCrtsty4Xn3hFP//Jlo3M2kWuQ4jMVI1KZPx03zXs1q00ws/i/IZdFK1wAkRKy+AJZdACglWVoo4NK3MmapHO5ZeJwV2AEgb1b2Q8SkfgAvbmN8nBjavutd77rNTgE+fcqtbfza0J9spjkukj2ljHEVc8iGQBjt4EzH72A3/ReUc587Vf3AilHh6uqMwAr0Gb++KavebKwkv/EUjPS8/pc5YPwdNFFumP6qs4RTfWoLQG5r4/K2Komv617emnvy9fcheWxUghz9qjEO/+6Vjol/MMiAABcjKUzAve51r/HXf/3XC0j8xiMl6dA7CE2iHCwLnvfGRFkEFw/M937v924z0DPsctdmCGdzFGWePVnZG3HkDOT89eqYVSbAUcaiI9Zylxz/Y6HZRAHGZ2kS6kuNmmMs2i1GUho5QHiD053udKeFYbif4Vs0XT/MSYFGbUXQPoG3+IkxtukpgM4xGOOxJql6DHaqkQuRGENOidSuMqhTfzyLkKlJ5su8dJh1dghw62d7P/JU6at62lka49A+omkXZq50dajf8850xojWvfbxqxM2JkGOeeMYh916u/5aAPZHWypRfy+GATTgobsDMs5r8I5/oXt7mU6nAMa9SRrAAEYGext83CuZrih9evnsus3tm41hQSrXHgwAwJWLInvGlQ7sWQRNleDRkXWsnjnKjSBnGyhVy/jzrPV7BmgEY85IXOOTf1YEOrWOmqf9DjnI+2QcgJhDAmd3AXZHCJXXZYz63MEOxZA8r0zJgiQK0HfAnz76TlIggrxV6tOGeqyvudFva1pel7F7Rr/9pg6fvQ5CQmSHaueIMKewo4x7JaJaa3GyP/zDP1zWfeX6wNeN8eX37jMpsjECuf4HxrjUdbfrFPA/85nP3HZIQ4Y5HbdounQSk8f4ksruNzsHgc9C5aIEsrg46UGKWKyizwCXmlVsQWdSqcrRUk9erAimRSxWkdqQNNGOe+1roBo6mI7LOu6YlAK8CMTzsz1S6kTtRywWPgLxCTh2XrLJ2l6M86ub0Q2A2ohDN+mzCqeNovXaUSdGk13TRq3UsdRZc5GKYz3KBCa1MI5+91yeqPLlECsbM9dyB865HzFY94Kgbe31WwHGAoqkijHrV8yqNdYPKqzwgdMzV659/Aq3jRHI0a8d4/DbbddXk/isZz1rvPOd71y4h4knOolGeipPlEMZ2kPgu4V47Wtfu029wL0A1CLgVBaIOoa7IThSJK9Y0eg8VbNhnMswAvGZaqLTfg9IEVVGeoEqoHrRi1602AnKl84NAMUk1AmceXVyEuRlyoOlzYjH/+2yCxRAY8PYz/3cz20LCmrfPHSmGAC6kqD+ByZjMy8lMvrMSM4uIo2VU5c+q6t0E/cyuq0VsJYGBMCYQvUbp+dw/1y41C6pLOoo/d1zpcqX+Zv9Z43NWVtuOWloEh3l6vfmtdQcEkfG97pR9dN/e4wzHrnJJMgObJB///d/XxY6LxSuWwzEhMi3MpGMd28bIlGkpfzHf/zH4jVKBwesAMJAL/0gVcXvGaYWVJ2pWy1ExJE0QQCuot95ZtwL9BGLxXrZy162pLe4VwpFwbc4fFIjg9lnkqwVKxUmt22EbCzA10WSev42t7nNYveUG1W8BFHh2AiAOlr0P1d40sz33KZx45wSGJJ5NXZuaeAmpZTD7UnoDqzOTvNsWbWex807IcWYMA7rbTxsTv0tOq9PvUE3W5FENJ+YAgbaaycaEwKxhklrdcARCff0pz99HUI4f4zFDtk318YkyA0+PMYhR6+oWM5cxa1KLTB5uevkAYnm4lhAYJO+ss973vOW0/vKdWrhO4Hjbne727Zcq3J+IjqfFiCimLl5hBHhFATLJsnALUgIEMVKSA5cDYDy1VuwOHLEpXzSYjbEZ5XEJOkLLtymofqZTQQE+ueMqGJBAT5VMG9cBMs2K++r9vQxAlFfUe1+dw+4gZAUSS0y/8Bq3VJnO42kWI72EW7RcgZ36mI5V4iOmozgEED9610u5hIjRIj6gaD0zT19oa61pz1mltZgf4h8vdZvO/Cd/YYxPrzOq932As1sjEDWiYGQAhbYQGyWslAmwsBNMjuDt4QHBEdALCaYdyv91ORYAEDsoDNvSM2zoU4LVSBO3SYwfV97ebfMjcnP8+MZgJxdw+oqdULd/hebsVC9cyPw+i1i8L+/8pH8r+9JtkBu3IEzSVX6CFAVg9F/7QMA7gukODUAGZ+3MyWBlBNvwtX1UYzAPDQ3iKRXO5vHIt5F8vXDGugX1VUd1g6BIIBedqq9UtfbJhCxF1dCJMUv8loCvmfzYpU/py8xuGzMsFGemLkhUZL2MQftmos73OEO42EPe9j6sP/Yvcf47N/uBZLYvspdJhC6JI+MM1eB3mSbJPpjATkqArXKIvLcWJxnPOMZ24CXV6koLMJRzkKpyyJTNdw32RbOImcMxu2SGsq7LFLGfKpXv+Xd0ifin5rIo6RObVikpIu6ck+mRuRK7SRD/QtIuZULXGoDkPz5rdT9JCC1rkOlk6QRtHY7ZvXf/u3flvnwvPvmwNwiFiBr/jKWEXCuc0xExoN6Pd8edOPJoJYo6PfeJ1IaCsIw9+rTf0yhnYltnsqWU1evbEgNtA6dZp86itDLvMAcaQ4IJuYVgzO/GKvY2brXPtptuDECOfZTYxy8/W4vKpIAGO4nHlJ0eN6DYJAA4M+usV7J5jkLh3NbaC+wUUZ8oEi0CTPpMwcuhYNOaxED9exiVW8eL4DPzkiEZ1f4bvKBTXkcPJdz6o4yQO67Rc9OKp08VaK4CrB0Aou2kygIBCCNUfupESQDW8QpL13a8pfbG9fFGACps8TmLFz7ZgCpl/IglmIsxZp81wfgVo4k621UylCVfBpfNluOjiS0sVlzz5NYnlG2mFGqXmpkGQyINgeLOuCjoKa1La3H3BdLKnsAs1ReWKC0ou2I5RMPGOMzf7ZXpcjGCMRr1rxubZ0L9Tu0gaejLZVAn6ENYI73oTqROBYTMAwYN7bbDucxaUWOAS9/ebYDw9Ckm7COwey0k6LpPnM3A2eGYhw9Y9ACsI0QKqkWQVlA/c02KbVDP9tD7tk5fT83Z8DTJiLNXekzrqiOiMQ9gLQ3v3hL3jj96NhVbff6hYic5APwvEnAby7MDaaRFDR3QO0yf53MqK+8j9ZJX823OowFMZbX1Qt7ijdZI3OirD6ZC+ULdGa3zFLHfFrLpJq2itXkrsYQjDMPWpKbl0398rKoWyvXp54wxmk7iLrvIbLZGIFc9SljXOlBF9mkSK0UARwDEVioItMWRyyEpDAZJjrJYDItorL0TiAhaUgXksLiWHx1WkALa1GpBe7nYwfM1CnAKAKfLp8RbxEslr7g0iRIksDCRxzq8pevXh8Rsgs49BdAcwerX18EuYrx5LnyySXqfntJ1AuI//zP/7y4tvOMpeaZM4SLAZnLnAd5/gDKXBsDxlRyIfDZtVlwky1oLvyOcHpdgrGQAr773dhd2kqSmGf3U/t8GidPJJtSn2kQ5rK8L30qfYXEM4Z2IBqTdSudx1zDQnlv2u1kRn3yO0xYo6c+9anb+rENiGf90xjiInvx2hiB6MD1TxrjUhedB8M78iu/8isL9zQonyasF3lmGBeQwsn8T5SyVXr/Nk7XwQQZ6H1aeKAghSQCkia4zBwf0d1SQlIRLGzBO2AR5ORrtwgtqP4h4NmWSHVIddG+9kqJn2MjQEJdMnbg753sypIeGbD6ATjvec97BvtC7pp7qV7qLI1E/+n+gJLton/+yucCYoRDsphHUjkXrDnVX/XkbcRsjIf6ps44tjkrQVRZBGDe1F10333MEGEgds8ztJXD1DAt/Y24siPnWFUSLkM+SaKdiNB65hBga9FSVq4vHz/GB75mL5LHRnOx6sKxp41x8FUuskOkiH0fFgGnRQAWO9ACt8tEG7iJyLjEQcrHSTUxaRZu3huSQYlz4WQ8McUoTD7A4F4dCFGqBqDktUHMN7/5zbdtMLKQBdxy56ozidMJgWUgA4N7AIjrAaX6bR3FwVPXjKk9J9S64gz6pA/UPASizaLc2i3dHkGSXrhwXjPAKXUEMWXfaMv8epZNZTwkhedyW/sUY8C0MIbeg5jdRaIghnaFAq96tJnrucP9SBuMoAPwckmnTjV/iMjzud6NPddv3jZl4MDa6ksahnVEjPLY1nX5nvHYMU5f3em6p6hm4xKkFq/2x2Nc8X5jbNn6moG1l9gIW8MEtJ8jAxDIO/oGsIlXJ1m86U1v2ualATTqSLGD7Iu5ndJEgJMk8SYrbQHKv/7rvy4T6fnslzgRcBShB2oTDxDKplqpw5WR6hMI8mapM79/RrM+IgoExyNGgmT/BCbPeNsWYAIWYDpdErdFVNqPm+sjsJi3NohRLaXAGEucXZlspnZFij9lsAM6+w9RR+DGgXhSZ8x3Ko4+mgtzqT7PW8fUvKRQ9ooxUIcjYs8hOvWpJzVRPf5IjLZC+F29zWcp/q0RnNAOxKde85rXLKdwUl9Xrr18uNzOE8jSw4PHuOFn130FNDHvpLxe1Yxb5SItwku0l3yHU5gMICydHGiLLeQjDwiAFLdXnwVqv4bPTt0QnCx5Mi+XBaIOcO1SQfSjDNdsgLWGOvCXKQBcAKCOMmHZIfpLGlKvxH5yCkTICIP0yNhNNfGi05I4tWvMLuMriyBuOmca52xI+ra1l7TQvwBcfCIvVkcSaYdUKDDa/CGAgqOYWd6ksnU5ATCl3NbtRjR3gV9b+pWaZQ70KQaTLaj+Yl9JTHOQY6EYlz6SiohczGrlOvcjY5y0fRB7T0mPhVFe8L6x/ttwLraVg8e48frnpv7BH/zBcqp4KgUiSa82kaRGniwDn4mp94AEpjnC7P+4pskEJN9f9apXLSoYAPB2AB0CwNFmtSX1SwqM3wGlzT/qyqAvYFUSoHYDRcRZQM7ilm1MKtrPAFjqAiaqgbGUfJk+73fEhYvi6ABRXxsbotCOsamjvejGVwqLMefYqA1SqnQQfceAtIewEWdERAKoq1iF8eqD+tRFzWqjVzERZbTNvmrDlDK8mNbWc/7ahRkzSMIX5G29zF8E7X8Epp/tVjRfpKZ25fGR+ivXXtyrvhsEMsa49r+OcdnvXemvyeG7xkWoISau947n/i1ijYMjFhNHTSkoWPzCwsxcPZsgu0bdvCoW2YmNnmP/ZLzHiaoHyKh05Y3h/um2yqZXI56IwmfbWy2YPjKw1UlVS/pkoPMc4XrqSs1svAhMO+rXd+WApZhNk1lgzXPKFxdCdC6AB3DMBSfG/YHdXCnD/gqUqTpFyj0LiOYoF7f5i6uXrj6rfTk59AsRkVZznpl+Wnd9zeZLZbTGbc4C9k7/b07Ng0t95kN/IxD9LC3GwYIC0QcOgRz2nWMc84Z1ZY00FCqEwfeGVSDoNWImQ4av9PJckDZVBSgqQJ4pRBGX8z/iCEAWwcYmXFN6NE4jeGbxy+EqnlHU14YtdgIOrb2kVcSUPaItwOyImlJilEMojGxtIJi4qcWsnphBKlfxBc8Yj7ELoDYW/cwecg/ocj4UKIvQ/A5gqWK5dfUdyCIQ8+P/3MfadQEeyW6+EEb7zT1frEIb2VLmwlxFNCQGQukwOWVTRSOQCJtqhnhiBDGIJKK6Z0bIbiriH2F69td//deXmNHKdcajxzj9Ny9W59mVArsnQRZb5HNjHLS6sYXksL+4venFGHCPvEWMLlzNn4nn7o2jmbC8SUBRvhEOZKFKTVCvxZX6kgRRT+CcJwWoAULZXjrTSYNxwzkeYZHaxDRLgIxnBFe8B1h872SXVI1sJm3Prlvqgjm65z3vuYzTFVEk0dYjEESW4yK9vsTIbAFqF44NiMCHkIqTmPs2jRWQVV8udv0E+o7uofKWpp/qaKzV79lSS8ztbEfFGGa7o0i9dTZf6mxd9N//nc+sXfOLmM3rgx70oOUMX2u/3bUX4yG7SSBebnHjMa63em4q0e/URdzMAsahLJqBm2Qgohakv0p8zPuUsTrvTPNsgTmcrb0QJlXKBqkgNkJK5c+P85r80hq4oS0U8DPm2SFz1L2sVf3MBiqnqshwKo/+Fhvxfxm8JUvqc6kqxpJ9Y15wc5Iu+0e7EZTP2ZOGaEpDKZ6jLs/k2UoyALu/pAvOHhMypox8fesEE9Kefu8ejl92Q4c8FAjUJuZDIqhH3Um5Mn6TgvMYAB0hWe+YYIFdkoTdoQ39zC6xXp0CSf22ZYKdd2ARyKWuN8b1T16RXgJRYiJFkwHL1UKLrJcBbDH8j/PP3hv3MjbTV02iiS/NJCAKuJlMezoKHBZdD1C5Z8VPcEjP4sgm38KZ+KLds6qTagbgRdhLaSlib9Ezpv2fTRH4I5LUtgzniDEVKOkRofQ9wkzCFWRDHPqamma+gNdYc50WDynmAOAd9Ae4/uzroeK2T6R9I2ys5jwjvjhJkkQfqZYxIHNZsqT5Ur6TTno1Q4zHWiEQ/XGRsnnSfJYcKQLvJbFc4ivXl949xgdvuisa1MU+s/sS5NhPjnHw6sHCuLQjgQzQJPheJicQZqgBk8k0GTi/siSC770WDEDdTwpYROqU+yZXHdQVcYgAW05U6kjBK1yOTu5PGW5iBrtyXlEcxwcm94r6Apu/nAfaLE4AIBFMgCjgVXmAMCbfX/GKVyxePttu1a+upEcEauXilHPAzX1jbj6MN2lrfoC4w7CNVZ8xgc7G6hBq9zAZgM0TiFHk3rUmuHmpPNoo0KdNRJjqpGyBPX1DtKUPxRTL2ZKQ2t4Rc6ZOY86Z0/j1QxvUPeOwRj/+4z++HOhhjfaVob57BLLl0mPcaOuRmmsvOrZ30KXj0yuJ7ozCThHvULVSNkiWDHF2h/IIAmcpVYVxyWOEa5VuQUQDWq5SgPMdaEx6GbC4nIUXwSauTTZ9msojdd/C5MrNexZxzGpVKRERYu5en4E9iZQuDgzqtPDGbQ4Q19xX81gqSeD3PclRbCJ1Ls2XWSoAACAASURBVFvNfXV1RpnvxmzeSMtsEARS/hWA6gN1WCCScyPQp9picBF7AcAkiPtrCVZ76tdOyY+pUtajF7zmQDHXBSCti7nSdq5ia08a+i41SNbBuq9J2EunnewegRx6izGusxq8ATa5MwI7OBVj3KCBkQpAUjjAGhEV28hYs0hxvfKgcr2qFyckPST4dQ6XQFwcPNdii6f+vCqlW1hEapaFKxJMhPtLxcvgzdOS9yY/ftH61DifqXv6klqXShmhOl3SvOCGGb21mTcN6PQbYehjbc+ub22l46snQgHivG2pqOa8WFPbaMt0MLfc0u6zQYo5GPcczFVXKptnrScGBbyA3RZahNGedv0nAajb7dHxnXQhmbKhjFGfBZnzEBqT9jr9BoGwlx73uMctia8HhgSRvCiJcc1lkbx1ClfnMXJOlsW0UCZC1JnOSVxKDTH5vpsUg++VYogrTonripeYNAdbS58nru2OSwXL+AO4XLVxXm0kGfTPIknsI43KjyrfKfeyvpYICLDu18ZsZ1jgxH4uzICdqpQXzO5L/ZbikVs3uybuHTHl/vRs6p57QB1XVzYGUHqKcQKtvpPCgS/unHvWfUAV0wHsJIg+l24fQWV/IZw2VKmn1HWfpbW7bz2NZ/ZCWUMSpHSemE2OlA7p81xu5U6F1CfpJh1msR3kzv34GCdd42LtiV0psHsSRIvrbMe1QL/4i7+4gNBEmzCgB0RgAG5ctKxd4t0zyrqHSJS1wEmEeWcaVc0Bx6RJx1gCTJ6o0lTi4tqcM3XzSLGL6OBxSotJLy/YVfykPR/p0wG5Bc5AzptU/lT345BSXIyVsZlq0fgyxpMivufgMBepXuou4q/e4geYBMmovlzK5r/D6AAbyLWrLPXSPOizXCf12n9RsNG8llcF+BGCPvk/N7n6qVQkcq+h1gfApuK1wQr31x8AL/BaypH5N+eIuSRNbWAinrNO1uAlL3nJsl4r16Z2867zWjYDeMADHrCoL6UmWADpCSZHmocXdJognIaB5lOZgmy4eVsxLSoiQyQmn8HG41UioOdy/yYx8g6lhsxqi0XAPdUnaChg2RFEpX3E1TxfHlicOgmTFCmglrpVLCCbyX31G79I8KwOamdW02bJkyer9rNtkjzlqaWm5r6NoKmkynAIzG5qoAVm9apThFqfqMJUGUTTy3esn/qThOouim/+1IGhkeTWtTOXEQNGloqL2JKC1hUz7GjUPIbtSlXOGukbx4G+mHPvoqF9rFxfeOMYp9xmVwTExT6zBySIyTtopaGHP/zhy2QZvMkqnwnX9z3j1mIgBovrfyLdolKjijyne5dsZ3H9lRoS4FJNMvh9zrGFAmuAl1cLd/IcwlCPRUsSZFwXwOu5ADpz+4Add59TR4DTsatUK65Uv2kjiRSR5HGbg23mqphOqlZAK8BYoA4TSfImUcy3OFOcGcfvVEVA9YzcNMRhnOw6zyLmUvvnOA01GdjbT97cI8ZeBpRkzdA2XvObW1191K2OcNJeDolekWDOlMdQ9K8ArAMtkrb/B7oLxjh+FYMXi/4NFNgDBLKa62iiBQlxZwAtW9SkPvShD922kcq7RaRr8G1bWARAKgCZNOdO3kga5B62ECYvF6TJtVBFnonnku5SQ2ZQZfzmAZObBbjKFBm3yAHWPGa/+D+Op+4MzQjRc8rOdgTiwLWN0+KW3qKe1MI8PbVVlHlW14odVMandhBIapz2YyxA2DbfnBHWAqGWa4YAubxJAc/i0O6xBwDYXJoHfY7xZPORHqT/vDVXmwgwB4R29IGqBPQYYNIoF3oerSSV77l/tZtnzHrBDAfPynXClcc4/9MbgPzOFdkrBAIg8mY6CiaPiMn/vd/7ve16aO+IExrbyO9ZXiqThQCKieCiCAyoMoTby+F7QI0Q0t9Th2aVKbULsFo0XIozQV8RFwKMGAJiHDuPkeddymfEZ3AXw3jhC1+4lOGQKHsgbpntE3HMfYzgAlPSI+/W3IfGmgdJmTZqtWdl3tVJSviuDga6eTX/gE0yFwAspUc/i0fEva1Nm6Xc4+zo1XXmLje4OdKO5/3P3c+2MO+NJe2iAK/vpcm029Mz5XOtu7twL9khu08gO9iKi2sCh0nvuEs6Kj1yvhAAozXDspPFTZaNUBbHYqSOABNiEa9QBoea1Zm4UFw2EPqeROjTwrVzDpB4tQTvOpQhd22q1uxNSu2bQZ7BXPDzn/7pnxauLLqfRwd4Ip76rd76PUun4jgRQ5KpdnDU3M0xEv3yfycqApVxIXxtGJP5i2CMu1QbhAPEGfQlc6rPM90n2REAyWOulCvl3/PayMuW1GNv6jeXcidXplpaG9pDOyXVZY5K4aF2wQiPp3Ex1nPjb8PS2f8xxoe/befEwwZK7z6BHP69Yxz9rytNmRgHEOMU9EgDMjnrnZanjJc3MsaIU38mnR3SgpIQgZIaVLCrbM+4fGBO5chOyKPkMy6Y6xXILSwwiVPwkBW3yd7o+aRPgPY9t3L/W1C5TTw9pGE76lr4XLNJt3T87JdsnlmKdC9HQekvSaPG25gQQPlX+kOVTUWl5gA9e0J5wBcD4dlSr2dLA4oRYVz6S0qwGT2vXGNvH35erRhHBF/SI6IqAGt+yvFSv//1MVuqlHcOFTlzpA/1TxIsZrvddd5pY5x41Q1AfueK7D6BHHTFMW64NYV67UV/xWGAmdfCy+JJlVybc/nnPOc5y6nnbf+0ANLX6e55eQJ7Z09ZvFSa6orLpw51PyM6dcanRcxwj9MBj62w9NzOrdV+btfaS3XIa6YdfWZ3AZHjhMQVLHb5UhFzdkfEnGqVlKvP2UrazL4qgNZvPZutVaAQ+IuD+F8KubL60ktwCoJ6hvrbuzzMnXuYBHvFc+VZ5VEzlhILPZdqq01z4l773nkdczf7DcEyuhFIEf4yd+ujdrTZ/iCBYfUgDhkaK/GQ888a44TL7xz6N1B69wlEI1f8qTGu/syLbc4xks7elbW79vLSFEE0i2nyTTSukSsw6YEoTFpuXcDot+qcVZGi1BHM2qCc76WA9GlxxGkABJHijqV/qCcCTxIgKkFMMQ7GKE6MsIEkPT4poY/ZTEkQ9ayNbQT4CLv+B8DZY6dOdeXNwmULvBoTro1DexZXxokRLqACJv3en3F1WHWvj+5IJHNBsjcPxtVZWz5zqCQRiqAjSPdy82ozB0BHqKpb38wzorW27mEknlO/dbBbk23rJM8VFeuLbxvjQ7e4WAzubIE9QyAHXX7rHvWLuRiETux+ylOeslLS6YyCTR0QBwCSBy1o6kW5ViatiPZaFSqCCbwaAq6ZiJIyeapm92+GYzaR18WVls6vj3i0Uc5TW15x2s6ZSqVSf0FH9ebhql19SwLVv+yTmUCyUfQJMEp6jKiAVpniLkDou74lkbl6lW87rnbNtWcBk5sXmBGPciQ/Ijcm9XIXK1saiXqtDRXYupobV1nGnW9VbCYC6TgkQUll1FM/SAheTHXmidQHdSJUGHnMYx6z4GclYfGLbx/jQ6uM9+IweXG/7xkC0coh1xrDKfDrxETmTnjnw2Mf+9hthne/8W7JqSp5EYcrtTkj1WTnhs0QzBgMbNkIs2Gd6jJ7mCIgC549EaEEzkCnLCKxePoXxy5oWYJkL72ZA4n6OccRZk/YTLQ5Dupj5YA1BuH/VLvZ45XdgYAiXH1L2nDxRvCSNIuGt9W111mbi/apaD9JiDhK9tQ+sLbNF6cvL0y99UVfjb0TVjolnnRDLB3jpL8kE8aDUBGofiBGEtjzLt85OzBR77vsNQvbsHXOKWOcfMzF4X2nf99zBLKg5mpbN08dvP3roudeWSyGuqSz+ZIaL2hngUyuiaGKAUIANnGpV9kls9Gd2jEn+VnogB5RBcY4IlBmZ2SLqCuVq/+TPHmD9L/nZsm18IsLYxzZPDkGZomhnozciHgmJs/mFWquknCpkZ1SaUzljuG+AIeoATkQ2j7QHnhqoXLakKSJoACdaul/RFAqfG+31bYyqVnaVE9bcalncz6YtdK++pRJfTM3CKQXJxmjupTRR5/a8Tzbpb1DHUpHkpDYK9deOLxhzxJIPb7CT45x5CPGuLRBrEY4vVmJLolzzRKEFytxy/NFL84bYpJNaht6AlwSJDUqyWDCM/S04f+Zm2dHFIgr+pu3LLdp0isiTQWaFycCWyupytnS1/oZQc+2UcSlDb9HyOqLECrv9wAat679xut+WbYZ62yKTkAEwE5O9Lt9NIDOVkl1pcJkEyiLmHJUKEtqGhPicx+3tz5l/XpeGQSsjY5YigEYB8LzDKJgs7hHBcQc1ele2307HMOcPPjBD14CySvXp/9ojE/+0k5LiYt6YO8QSC0y3Bnway6TyFjn0UqXdPaqiHbeJYekzV6eTggpRWP2bAFGKkeAVg8glTma6pX6VB4VEFsM/ShG4TnlfeKI1d+zsyu5oVWfZ5IguTiLVUQcGeWpdI0lIp6NdnWszcXStxIYk7CeQRTZDwVBxTkK0OXw6Fwv9SY51EmVKgjb+wvbKt325tozFwgA+DEyl2cAvKwGc4GYPOM3hLkoGhcyjBJN28uTpLfG/ngRc/vrl7Hpr6Cr7QLrXud8eIyT17iAd4Nk9i6BHHzlMY49Y/1xnHPO4kp1bpTBIxCxAwuFGHCIXJsZ5xbEX7GJtWqRhlJbStUApLhwHQEmV5y7+nEz/1cHAKUyZJyvJbSIJa9Kki3VKoKNEGc7aO6veue0kzlWk1rmXgSYKhgj8B231U72RrsLGeukgc8i7FSfjicFUOpMBnJJozNBt2GtPjcOBMSQx+HNXTZafVE3xtO7K7m+2RkkSofvJTn1Vz/MBYO9w8tbS0Sqb9Q/NmvZDisAO/eTY5y09R2Pu3vtXQLRu6s+eYwrrS/2cDb+bQfNMdARi0mgX+bnthCJawuAs8zqFYAWUAs0mrW4pbib8ER1Xq+AlmoGWEXmM9xzsVp0zwFexJW6Mbtvi4zPZQJURO170i4Js5ZgI9wIe3Zbl1Iz21nq1DftA52rPS9AZx4wHfUIhvoEvrJqzY3/cf8SQNVRugjJhKBmm8xv2gJ8TKvD3jAZbQfmkg+tpzKkgnF32k1qofqyZ6hWiIDaJp6EcWYvpQKSIOvmZEURJ11zjHO3niG2O9feJxA2yHXeOsah37xuP026+Aj914kkIr64jIlI38+daBL978rFiaPE9SOM9PQM9Nygs/6exyUXano8rmQxPdtfOr/6LWggnyPf7qU6xNUzwLMfsklyJsyG+xwsTM2M8OcsgmyhbC3t6mfqFWIA2Axg5VLdSI/eO6jtthlo2/8uBNV26GwhhKN+7eRFq0+kR2ogIorJIAzE1rm+ORfYF+rP8E9K51bWF7YpAvb+kl/+5V9ezjaQXawf5d+VoiQUsO71+ZeP8ZEf3B3aWJ7dBwQCzdce43r/O8ZBW19Xtt5173vfe+ESJsoCm1wLYpHsFY8DJ0EscKnWqRWBJq9T6k/3A14EU8pDhJRejQhL4ZhVmsCY6heAc9f6jCjWqlJJroh+JojZcI3QApTyxU9y/dZ+32eGULult0dQxWu0a77MdQQDbNkqyrMXzLP5RRCM9PK7ej4GA7DWrJy47Kry2UpcVI97JAPVjmFOcumv+8aAKNRLg2AvORWnY38wUdkYMRupJsZ0xzvecXz/93//+qDaA16tfUMgC8s/+sI4yfpj8V4RHIIYdtogjgWc6a/tkcjbRJRb6AipIFkgDrSBKVWsBcS5IpBUs1SZDs9OIs2fSZGAYmGzP4pZpCL13Pw9QsmWSZpkZ2T/zETt+c6zqs6e9z11y2cAav78nlcrYjF25ZQBVPdnV6657VBvZZblu5Co9CV1B9GQCGVtW6PeoJVjAqHpuzp50kgFz7F3jLH09ySPcbE/EQt3bpc+I5Ii7QijGIlNVet5F8cBRSBGeqnrbpUkW1aPbbER5u/+7u+WBaNftnMtn3mAzKBGOEVplQ0kqUxxaJ+IyAS2aKlMeYLKb+ozP3yg7dMQch8nLVKb8u7UzwA8E0REG+BmQ3uWdi12xJOE63n3e1b7MYEcCZ4vnTxbLDVUHe3xIEGottQqLvZsPWCm5gA8O8OzHdOk7mIpygNsp+pbB3WbxyRw8+A37WRbiHlFvOpnnOsr6YJAYGBtvpW67EuX9HqnO91p2VW6w+sLrxvjlPVfG7jjh1Z/2XcSpLYv801jXPe/V3pi22ev2brzne+87QRCC5r0wKlLQZ83SWU8msDUJw2kbiCmXITqiHgCXtJHPf53vxyqOHKqT0D2vX41mLV2RDYGDluUfVa1ACbVJKJIpZvVxZlQM+xn4urZJCDQzuWSqhFm22j1i/qU25e9gDioWJ1+rz/67r5+dLZvG9J8p571PvZUwk5SJCFIERKqXZuIxHnKsxptXbTF/qRasW12dJWGcpFAP/n6Y5zzgZ2hhXXL7nsCIT1utPUlNWsvXMMiOfMqrph6kgTIs4LrFPhLVcolS6QDOs4G9Ba4FHmLFcFkTOflUtbk477FDJSZjeqIoP70fXbj5hkLuOos3jOrWwG3OIhxJB0ixO7NErF++4wpVK/v8zE7lale3+P0xkka8Gy1YY07GPilmahLjEPbOLzLHOdq97s8LM9LIckZgLkgHJ5J48YoxEtsqmrdJHeWp5bBz/ZwVsFxxx23e8A++01jfNge9V18s8fU+r4nEI0vL99ZTU12VJBUFK7fLouQS9UCJAGKgaRiWDh/vcEKwAFFkl7HjKqTf11qBV0Yp7T4Fig3cJuC2t2WXZFKFRADbOCOO8/GeWrXbF/knWtcAdgYEWjfZ8dBZeOys8oVkWWw992Y9L1jPN3PTZ26o03zA6g4ujGXYUCv72WldP0kWu2oWxu5dD1XBrFPZ54hCn9tfFJPNgRG1WHePhGHlHtbIvJU7hKVnPOhMU6WwbH1oIndvfYPgVzq2DGuf8JK3xlubBA6ZoQAZBZlrVEa0QSo3IV0aQYm/zmCoUKoD5dT1gJZHHvQccnchtkucde4GyBEBLWZ6lTcI26v7GwnzKpc/3tmNihnDt+EAN5sxBfJz5uVelU/Uq0y0n3vGZ/GVJDRnJTUqLzv7BB9V85YtWOjF2ADa7GH1qHPvHikBanseUzJTkpqm7VEZPrAnqBiSTaUOWzcpFYeuFvd6laL5mBddumyYerzrxrjY7spfdY0vn8IxFm+zvTdwSUFJSMdGOLEiud9Ss3ISI67dsAZgFsUC1ZeErHe4cgWhDqBqwXsgNb5Utk8qXuzGhVxzL+VqhLoZ+kyq2oFBo0no9+97IZZeuR5UnaWIGvtjlLgA21jSTJGPMbWfOS8ENkGchLE8xgIKUs17USVJKd6rE2Sau4Xm8a5wy996UsXwuKV7LhZTEuQ0I5Nktu8l4pvjJwC4h0rWboaOO+MMQ46YowtB6+PmLP+eYxTf2iX6OriHto/BKJXx54+xsFHrts/rzLoHdsRSKCyOB0CgbPFsVNdfFrkvC5A2wEFgk3qBQxByQ6FUEfgo6L5vTjArGIBSQSZSoVQ2tyTz3+2U/Q7Q3+WHKlTSSX1KRt3XhvrmJ0Daw14z6o7YspuUVdqVeqp30hTtgd10zPULJ8dXN2h1gzlcqAiiFlddC/CBHaOFvl0crrMk3WSdGr+zY0zdZ2fZd4RTMysLbZOmLdu218XjHHCFcc4/3NjXO3PxrjcD13oBT13jPM+N8bHf2aMs19/cTjf5d/3H4EIGi6brNa8DGWM5ZVq1KK49KyGFMku2zZdu7J5q8onat9B4h8QlCkopb5eSqOudvsVRV4b28gLFShnAl2rgiUharNgWTvptFXco8MP5vjHLGlmokjFihDn6L5yJTcmeREKAEcwMRhMgVrLRssGIkkc3sBGa2tzxJe0m93KuY1f9rKXLedXda5ZaT7UKVK8TVl2jVqTnADGjRkhRnEO97e/zh/j/Zcd44Ktr2nb19f+I5AFPevvZ7d11UkcxS1aEI+Udj0b1riYP5yPBCl45xPQLQgw+owTWnScVJliBrkuA3pu3LxYswGeyuG3Mnn93+kewAiAszcuKZFEKZu2Ps3qVG0lDXpGmWI+s51SLlZerVktVX8p6/qkj1J6uFvNSYd/A7J6eK4AFZenKiUlU2uzcdTrOFV7+KluEZ46OgsNgTDatakudom10EaGut9IM0fSOr195TrhiDHOP3Nf08bS3v4lED244ZljHLQ1v6rLAQNEcQQSt46LBigiGsEU+LPY7e7LdWgx886oz+/FOuakunT3gJ8BPEuK2SiOAPKmZW+krqVa5fLNW1beEoJOfVnrIcpjFiEkIdaqVn3PkaGvCCgJkuRyv5gHECN8IEYg7QPprVFUIWW4W9ugFnFmUAM/VdXGt9zHxlI6CobBe6UfCMQnAur8Lb9bk9JI9M9RtaLjq9ekYu0HEtn/BHKDU8c4ZPsDiQHDS0DnKHVgSOUpOIhIMkQ7x8kCZEwGXIudnQI4PTNz5tlzFgdPeiwC76Ctm7/Sw3OJZvdkiCeBUr8istY3VcfvOQhSGZNisx0zS5ZslPpQ9Dym4bMMWYTQvLnH7hCwo85gJojGfTYID1PHilKzHJLgWfebF/3AVEgaaSPPfvazFyO8DVGIraOGCkZS1zxXWnxeNcRBzVU/CcPFv+57Py44Z4z3e3/87sc0doW+NiWBGMgznvGMhdsH1HlwiXiLgXORCACPQEw8YlCmvQlthrJIgGHxAlpSAVDL7Ur3D6QRRV4mfZqJwO8FMCOkGfwRTmOo/mIK6ooI1hrjM1FlAySVck3P9WafdHgC8AKi7+wNcwa0iADY3S+V3dzl6pXG3gEaHV2k3VzGiIpq1VFB5rjDp9tjrv7eOdIbcK2RcbSll1TRLxJkXRfvp588xicfvCvY3iPP7H8CucqjxjjyN1YG45ysOG9EEufPp2+RLYyF4DlhVFqwTvpjW6T/4lzp7wE+F2a+fxx3llrup7YkDWY7JOk0P1OfUw8rM6uHebPyZM0qUgQy2xezdMh926dxzZ6yYijlmZV6gxCMn5fOHBWk0z+cn6epTU9Aq8y8v3z2EuqP97702rQkdnZIe+K1SZWSttLOQBIjRwAbR0DSepFY7JDtrvO/MMYJWw/53l/X/ieQg68+xrGrG1scHsAWmQ3uosJ5aoDAxMcNTfC8b50EoQoU9QWGNurgip0uDswWro1SiC47IL3bAs0u3gz4mWBmj5c6I44ILaDnlZuBny6PQ2t/jmfM0qUYSd6v7K/Sbdpjr+55E1VnTwGs/xGFuRLQw0g6SQRnV7dPY9DeWsmpbiqwZxCWGAYp5LnehTinzSAERCdLwgEMXL+IQvRcYuIOs3HP/egYJ+04J2tfEM3+JxCjvNE5Y2w5ZLvx8rJ4c61JB5gkgEIIxeL7QwC9k8Ii8I4AP65G5OOY7Qi0iEDh+dQOhGCx3O8zkJUYWQJhXDR1rA6nQgWm1KvZTR2RZDskxZRNkkT4ABzxJvUCa8Crbb8XVFVPWbvt6FN/Z13lrqXu5KwgYUul10f/Az4g5yQonUebRfMdIF3qiDY8Y40QSO7s3NjmEQNSTv0OCVy7KW5dsO+hTU+7Q0ibg0Cuf+IYl9r+GBeLKGUh/7xB5p3JCAX+3j1iMSTD4VZxetKikzPSi+PABc6UDSwWnBSagQ5URcgLJqYi5d7Vx4gk+0R/I7DsldldHIEoX25Uxn6u4YhCmZwSPZcq57eyglO33OuMXP/j3Nlc9T1JJTWn55NijHjcXT+SQo3LHCjnRH7SyPx3BCwGxXWe+9zzEZR5pgJLAZK1fbHXXjpK9GLbXVNgcxDIdd85xmW2f8+1ReAlST0qxcSkW3zSwaKTHvzrOJgAHJCnHvkNYcSFLRYpUqxgPiUQcXWkkAVmXAIRYBRH8X/t6g+ibMtvxmc2RFImYvUscAFc0mR2FMyp9vrpe4cSmIvKYhzzmcTu48q5brXfSSRct8ZOjVJfhNA4ABbx4Pp5+bRFemEUSaOI0ffsjWc+85mLGmYtSBpzr179QHRJbfd6RvrK4x//+PVfo7a98THGab8xxqceu7N43uPlNweBHPOmMQ671crgLAIg5oqlNlgQwO/F851EYlF7t4WKEIaFRzABCpBwPJzPoraVFOcLTIiE8emzY/p9lrYNfECvLn1r22+nBWo771cSpntzbCXCyXYA4BwBGeieL5gYkZcnps4IznN5uHwicCpN0XPBOXXV59oEarYIKdv7P3IbOyurmE2xoXK39M/amJcOZeDuLYjLK8UVrH8FJkXmeSaTYDtE8vmfGeO0h43xmf9vj4N9VyrcHARyubuOca0XrfRf4pvJTnUATjvRcFaAKYptodprgOunTiEMfwgivVgjuBtgAHcSp5PKAYnRr27tJCWoYfqhHIICjN7Jx22Ks6urd21E1Ll/Z5dxwcRsG2115I52MsDVoa/GN9seBTgRcQHRiCtHhu9tf81+K+1fe6ls5hTDKbHTPGnvpje96bZzAPTHOHJeqM9J/OYKIXAJuxehYkI5Q/RR3tvFq1UXjPGZp43xiQfuCo732jObg0AMb5235cq+5WvHsdrrkb7uHoDj3BYUsCKcAmSeKTcLKHhrLDQCoB5kN5TijotqMynC4C8I1tE4OQeKNyAKRAMEqUXtaVe/9ueYSc+lmyuTJ6rXBehjBxwgBs8U2ykGlOfJZ9kDpbZkLAOp59oPbpr1F+F0BjLQ+66P2tRf/adimsc8aP5XVzYPaeBC2MomweasYf0wp7ZT71hynD/GZ/5ijE/83F4D+e5UvKkJRPats7LSwdOX8zgBsgXI9+8T8DqKP3sAgLI72udRsK2dfgACANq06KQOcBZJRihtzQWujNUAD1TUDPXgxgU553wubeZKtmjFc4AS0aoLl0e8yiJ89xHevGnJOMsgBsJURn3St4z0gqdJnFQkY2mvjH5g8WWFkAAAIABJREFULNSyVEH1UIk6xK34UJJMvc997nO3qbo8Xupo/7p5b67uf//7j5/8yZ/cMUZP/dExznrx7mB4rz67eQhkOTtr++PrgcNCAAtOyfVrkeOYOHy6eVHpsntTOXK1+sxNa0YLoOVFUi/vjUWmk2eYdli2BWfTaEc9c7QYAcddeX+UAZrsjPK1MtQ7FST3qb7Nb3DSZoTlPoJPzVE3IvIdc0AQ+h4xtK+j00hIh9RO9fpdfxAEIjEO95MoiNw4GdQIteyCPHLGoO4XvOAFi4GvH9RbUsRmqGwdffJnb8/avfvbEH3Stcc499S9CvDdrXzzEMjRrx7j8O/abjzA4H0iANj78HAxE45I/F+6SQSS10RFFi8vmN8BMfUrzl+59iwUZS69IrVNPYABPJ6NuwNwAAM89fsN8aqrYGFSTHtJRMBNdQLW8pQQEPAjBG2ydUoZ8TyQZzj7TsKQIupSHnMoGNgrt/W5vCfEhEBSJYvDJJHNNRsEYeZoUHfZAPrHBS9O5VkxDYRli4JyBRZl5nor7bqXAKBA4Ca/NhGBvGqMw797ZbpIEPulcXyLYQE6eAFI8kplBKfvF0OgjgEUAik6nRtYY54HmPZEtOmpYGHeqbiwcurq4IfZ+O9wZr8BI86a9FBfsZeZeIvttLvOGHFz4MzLRt1xTxngYysYX/EZwC3JMdukkxKpi8qW6az+TkpUtlcjMLT9hhg9K16BwOeUGfOG0MyXF2ra/+HyDOnLnZyahrDs7/BOj5XrjN8f4/SHb3LS2Nq9TU8gNuLYwukqTgEYAFf6RItS0M9CUh1E2eddfgAwR56TIp3llFpVfMT3XmBfcLI0EG1FJIhM3Xmguk9NmUEWYRT4K0MgQ7z+YAb6UCzBZiO/4ey8ZO4nxYy1rOLAqz5gxdURk/55TrvKUCEzzhEJ+wah+1/aCKlIAgJ9EmTOhNa+XZ+Mb/NgjryRmDpHMjXn1m723m2jiBOPHOO8re9L3+zX5iGQdU46wRkf9KAHLZwXB8S5LVzeleyAuPC8FTdvigXI1RoBFNDKnkhdAZCO/QF47QASsJbIBxBzRN0zGfCpc0BRegXuqu84cTEGzwNk2cW9byOC8KzyJAiQ64N2SMK8Te7lkCgAaHxtSeaGjih6KVGMxb7w7JrazOPVaTD2cXTqS/tWClYq+8pXvnJ5HbM+WBMSyLi4fc3XPe5xj+WV2utee+DEw31FWJuEQA4a48arx7Q4c4k7sb3LQOovVam9IB2s7H6xi1IkUrkKuhWDsNhzWntR4/Rsz1GZctNakFys/i/OgSMjqmIMiMV3ksMnVaUD0yIQBOA3QPM/rotbU4f0L2ZgfL3lKS+cZ0gFQC4bOWaQyzeC8914SBD9KjtAEqh5KvXF75hEnrJ2ESJOfYkplCumXlkOVF/3lHEIBgkqKIlgxD16Aeh2YD7jUWOc/lv7Ct+73c7mIJDDbjvGMa9bGQw99zWvec22s197Zx0QAUXcHtfE7eJ0FqrAmoX35zf38oIlddRVlDxpU3xkljDtsa6TJR3WF/UBbsfqAJE+AaK0jdrwO7smEJMK+gWMRaAB1J86EEieNsQB6CQLVQiR5L0iCfJg9ekeRmGeqD88a9poC0BxEzaHvpo3beiv75iAOW+OMINc0XYTek7fEYhjQLm32Td3v/vdd+DaPW+M9x86xgVbXzJ0IFybhEBuPcYxb1yZLydk4FRlm7YLrQ1PFr6AGkAVFMy1G6dPD877BbSpPICeZ6tgF2mCIDJK1QNoSZy8NHmtEIffqTI+O/ImdzSQF0NQZ9HuDkjDwfVBmwBMXUEc2ul8WmPOngDSDoE2ltzgpaGop8RD9aqz7N6MfZ/6p86i5MZdTlspNKWsZF9pG5E+6UlPWj7NI4lhjPqKOBGP8a5cX/yvMT508wOBLrb1cXMQyDVfNMbl77oycc9//vMXXTcAAwPuW45RatJ8uFkqFa4WYRQgyzMV8MvCLVrse/+XwlFKC9C58ulHhAUjS71PLVIehwdOqkuAaauv8gje94xuBFHqvrF5vnYAufNvzQMCUd5VXllnAPuOWEqYpMKpx9z1xlpEoQzplMT1SXLkSlfG/+oxzlRMhIEI1JsNYg0QihwuuwNXrgvOHuP9hx9QxKGzm4NAtlxqjBt9ed3Je8hDHrItY7cj+dOFC2KVTzUH5JIeqU3p2/n8M9wBZ1ab/B/oU9OSHIglg74yuZOVBXQeIkDTp3T6vFLZLRFbtpXfcV7cu4RCQEWMQF+cRT8Y2L2Ba04mzKOHGXiGA4AUSrXTdwQJ1O0HKR6jDGIpuMdWyTXsXhnIEYj65WJpM48V6UE1c77yultnP/fiMT76f0fKHiiUsjkIxGwhEISy5mKDWAzg6SCz0hjyygBSZ+mmwqhmVjPKkI0A8jTNqSbZExHEHG0vl2jOoYo41A1EwE2/V4++6bP6/Z76l2QC0tpZm+peEiZCK34iBQY3ZwTzjAG8MWeIa5OqBqiI347MPGlsFhIVAetz6pv+RmRF6tk25bclYbPdcpEjEBumzEkxIfaN9XnMYx6zTbL931KeN8bx22+Iu4RAdnYGrvHcMa5wz5WnxDIe9ahHLQbmIvIuXJQkQ0l08+al4h2pH6liBb2KU6ire6lXRd+BNAIBoozyVJ6Ir+950oAO9849DOTAW7Qbcau3uENqoP4jLlInNQ8BtLeDhAHyt73tbcMbgLXXXhd2Qu89ZwvoG0lBFU0KeractfbQmJcM+ZI9e7uT+pMOpcg0r/pUhkOxE9Ldi4/uc5/7rK782W8Z48PfvrOI2BTlN48EMR03OGXr69rWXA984AMXIzAwAZDFaz9G7tiM5wjC70mSkgsBsThD2bZJleyNvFgA1Z6LJE1EijAAJiJMdQOYeQtrx5sqn6GuX0BWGnrxA23oW8SeSxqgszekd9zylrdciMM4SQfMo2Aj7q8v6nLySJnBvGTaLHak7lJaBCA78KJ3DpYwGXNQX6fE+JRqwiaiZqkbgTziEY9Y3Nor12efu8cPld5X1LO5COSaLxjj8ndfGTu1glEYgOLyGeS5bpMqgJM6gJumKpQ8GPAijMCfGpaUKm4xE5IynncvAqy93KCpJICKKCpfqnxeIwY8zp672mdR844nyj7Rlv6zcdTZ4c/UKvtROuAit7A2S7osC6DNVwiwjV/63sF66iwAKU0G+NtzksRUR9m8bVX26SCGRz7ykdt2S25bRC7d96+qzvsK4LvbzuYiEPvS7U9fc+FY3nYquls8wkICQdtA81TN+ysCrjLqSLXKHsg7k3TJ8C5YmFEegaWGlbIx2yjAVEJfhMAorq6SFg3N79rKfgAwKpGx4cZzDEdZUoJkKZPXPR4jz+ctE5MgPYAcgF25d/U7iaMtaqv6lCWd/N7bZ9vwRaKkFuYUiUi06/0fnZ2lD/KuqGcr1yY4eGF3iGRzEciiZq2etGihuA47HibvD5AFdv8X22hCSo1QBmgymBFMBr5nZgJJJYu4CjTmvcqw9rs6SyDsEwBTt4qDeAaIelFlqopxuK8vpbC3B6OsXMCOQP2vnQKJpEBeLpKEepSTogg94srd2zbleftt7lueq3LdGPrK5BWs/+WQJc2c36tvJPxd77rqpl/WQdRc9PwAvTYfgVz9z8e44v22m06c/KEPfejCIS1iaSTZCi2mxS7G0aYin373XBm9FnU2QFOBNJrb13NtI80LlScr96jfgbZXjuUV8lmqO6C2kan4QnEcbZXmQfp0yrz/cf88TG3xRXA4Pvug/Kw8euoyztlusn8mouxkw+rUB3PA+CeNzK062BDaz0MXw8g+y1D/sR/7sW0v6rxI7B9AeVfrjWPzEcjVnjrGEb+w0tcXv/jF481vfvN2e75TiRROxQq8gNLmngzkVLLAlNQJ+BFCXiTfA0gdqs3UrNSlEhYzvAERRwdgwM7uKBbS8yRFHqMi4X5rz7znfQdobQM91QaxlTnbwXmIspdmVm8p9oivHDB96GWciOr2t7/9tnPCSszM1jLu+jrnonmv/cVep//mGGc8+mKLbeYCm49ALvsDY1z7ZStzBoCOjLGguSQVyrDOM9UiBkSgQyx06lQpv5W3NXu+IqqerRNJqrXEkeqhXMCUZl5ahjaL6BfFj1jKBTMe4O+gCATRebfG7Pc2U1GXlMPtGeMIBKA7CsjYjTdi7FTJ9rJoO7snokNsjHw2CGLPSbAegZgfl74LCF7k9YXXj3HK7TYz9jfUt81HILq9zgEObtvS+bznPW8BYMf0xOEz1mfXbttLS6hrWyygF59IJYvQMqoz9nNz9plXbDZY/V92bvvVtUmtA7j+L2WmYGPbXQG4CLq6ilmwGUqA1M8OW/C8qHXR++pXBrGURu98KuUQUpnDiL/NWQiRXWdeqG0IpHcKtsckQonxtGdl3XhHkPvS/4zxwW/YEAA3e6HNSSDX+Y8xDr3lytxZHN4SurOFDNQAMkuQbA1cHeByA2cPAH8bgCKQCC0C8Vk8Y7ZRerYAIQADLlBrD1EipjxgpZzkPs0bpT3lSlGvvaLyCDgvlGe5bNWZgVy8RB8FCkkX9oaIuzoQgTiFcbYtGcH6P2biwOikFXVQH9Th+eYnApnTbvTjnvdcDeouC/aF141xyu03O+433L/NSSCX+9ExrvV3K4OwgI973OMWkJAgxSvcp1akAgEv0LbIc/ZuiY15wJIEGssQzfuV/h2okyLFX4DQRa0CVHUDdWnjxVdIkQ5YQEgFOLWnLiqUvrbvAogzyPMcIbwOYCAhpJtEGJ0zrAxCSkXMziigWf/1QUoJt3nZvvqOSMzjvEFNH2e3s/H6vkMCOcCN8rWg25wEsgM1C3Cf/OQnj3e84x2LahCnzuguTgH0pcQDg+/lNOW9Ujbg+x2ILLy/PDhz/lXg0rWIqwS/dvt1mII6cGbf/ZF2AFk+FPC7Ilx1d8gCj1UGOnBS2fzOONdHfc5dK2aibOdw+d+r64A8tzaw+9MP5RAt4nIoQxuzHLagLmpWsZwIJTdwwMmzx4u17nUJgWxYOu1ewXXsEEC2jZNe3Ykb5UjNAC4vyr3iHUmHDjqYA3c6mtHcXoqCiADit7JagbvI+rwvJeJ0kjrJ0ikj854Jz5IUwIpbK5e9oU7qmkvf2kfueUTiN3X63lj0qYPtMtCljRh/6pj/c3WbM32mWpFoCK4tt8Yo/tExR0nWXOepWsqp77jjjlv/MLhLCGT3cL/hp9chEIsuYIjTtXnKwlnMcpWUyeCleljQ+WDm4hy5eOeoecHB6izop2wg81l9RbbZGSLZiMv/jkf1G9UKAPWnDFzETfIYA/DOiZVJJgTCsK7dAonqps4V00iaFUMxNidDIq6kYN619nXwWlHNXD2XndY23mJGBSVzexeI1WcqVnO+3ZpeQiAbhviuF7z0Tca43ntXngfAJz7xiUvekdyfedda6hZQCabhru22A7gM0wz7OUoctwUUgC5/CrcFCkQxSyjl51NC8kbR/1OVyuNSlzY7LUS7AIhoSASSI5Wp7a25dpUlbRCSfmSbiFx3QqN28qzpexIkN67ftaNNxEFiAbhcK7aM+hEMgjVvzrjKwZANV2xplrR3u9vd1j8Q7njvcdw/7xPcdcDt+MkDygaxUBLi6OO9uitVqGBWSYqlV0QQxR/mRMfZg4UrAx0OLe0CURRfaPedOgEVQZSZC0TlLKmPkU7NUq6Iv3pFqH1XJ/XK9txsAJ+pTrVdPlcp6sUveKZ6FyA1CQGkggE4Ak31QxiYREAXMZ9PQNFfdaQSalu7xhkBJokKmubuve1tb7v6yjQ4+8DXj/Hl9+wNrO6XOjcvgVzv+DEufaPtJsXieBsqVcAFWIzWvEEIyKIDgU9XMYKM8ozwPD1l0qoLV/dXwmBnzSIQbfuekd9hdDhvXimgytuEAOLEACdviX4P6Lg8IsklTHXKoFcuoi+BMa9ZkrH3fagDcQgIdmiDPhZ91zd167s6SdXG4l4qFelWbCnCTm31fW3WgGfVfYc73GEVtB+9xxife8F+AfPeaHTzEsh1/muMQ2+23ZgtmnOygPj/b+/uQ7avzzqOf+/m1jaKEt2s9eSg+k/wD6EQdDIE/xtKBDlBsKWTUkoDLcUpoWUQBWkoEQWaWIig0F+iNuY/QqXYExFSRFCzhzG71x6c3ne8f7evi2PXfd337oc5rxs64eK8zvP8Ph/H53j6Ht/vL2nohnZMHyFjDuaUMGxMzb4HDPsO6laHc+tob6aPXXRXjU5TLmBk7zs7bp+l8aVJAgk/Id+jbNfMJNm0OcWiQpWrfN81L+HXtFXjp0lq2w30jTkfAyjSLgGt8r0aV+NlIjI5Mw8BJMFQn+ZcWfs/lZE1bYOQP1K7e0ayPv+za73+R+8Er74rbe5fgJz3e2t9788fBZBrr712k4oRX1QmqUiLIOo8wddvDhIFkKRthJfCUf2YpwsNYrrs86Q0JzQGzOGOcTKFsudrg8/izingq+3AmbNe9El2bNohAMfElam9JLfTh2mWeUld5ZxODOC1VZ+BKjD1HS0UOCRBuvOqNej/vrcn43kpXfqQBkoAtDYubnCcQLTOuk5TqzXu8557If8PkG8TkM/+pbU+/DtHAeS6667bmCyzIKaNiaWFRDjaoooxfmXtsktDj2Fc69O7g1juls0WzxHmUHt0cuBJM+RMC9fWloulZcHWnkeTBbqYOg3k5F0apHoBPQD0mzryxGi2mRLvuG6gaHxC0FJd3Nmb4KBJXa7HhOo9TeZSiPoO8IGusTg8ZQ+I5pqat+/qu1DvUa+v/sVaB/90rS/+/lqHDn6bmOWd62b/apAyesvs3fX69Kc/vRMmDSA23ex+B5CkJGe932OgiMo84KMo4wxGUagYP4DEhEllv9W+TbqYJcaKodICtZ0p5IBUzB7DVeaVV17Z+g88mTGZWmmKxtir+rXLd+r75hAoaZnAltmV1gpwjb//gbz61fEgnASBkHWg5CMFjMAQCCR8NmaOPj+ttqxVY9SWPafjAmTS62t/s9b/PLbWW/995BkgvZ9hrzMOIDfccMO255AZFEAialokpnAVZ0zN9u9719+kEZL2co36vpfrcCK8hD3MFmBqV0q6/C5nTGTMxlAugPMs8hjNrYUBoc8uYkt7iDYFLtm0TK7AKV0/bdMYKpcGi8k9vkC6jfyrgFZ5KSztv9RvYAv4aZfqBt5AZ0Ow+XDMmZaNT2YyUPDJmu9xExb3AsJbX1zrtRvX+tKTZ8ztivsYIDevdd7vHrXMN91005aQl5NuNzimcJ9s4IhBIyDQYNyI7LIETB/Bk9qS+ESeMJn9Cj5NZkzfScmonLtyAx/TqPde0s/lifExHHTqcwwpFV39ABnTSoYMAG45qUzjbQ1k3Tavxth4eo/ZCy3XT2uS5qoPmpAGk+5iTjRG46UJqyNkjSCVDyAJnVN6/dtPr3Xw6OdSnlJb72ClfQyQvU2sABJxIkxE7r0/kRnX5rChPdIsAicRY2JaIjMq8wTxOagxXqni/RaTJI2FjSuLmSQD1kf99wIYO/byomzmdQNJzC0kHYNXJpBUF0DTFHLICu8GiuaWicUUYv7xqSrTHGorDeHciAuo+U7CvjPq1pxaswQNP84GoTQcY64+gH/iE5/YfCvrfVK8+oXfXKtnhfRk23362scA+YW1znvwqGW76667tjCpE4Ru4ojJkpBJWeZMYEhyerxZjOZYa8zhogUXq0lajODZ+JlZ7t2KKWsnRui7QBFzB5w0VJogBqVhYtLG0fhqyz5LAGHTB7AA0W/Vi4Gd5WiOUmbqw6PYnFy0I26PIk0Vc1fWo9NmlMrtk4HJDfm1X/8Oj6WRWwOv5iP3imapP3slhZu7GrY170h093U1rpMGy+evW+vgE2sdOmLy7qfXPgbI3hrkoYceWs8+++zGpBHajYpJvQASk/Et+t1R05i+A1duFYwxHEHlkCYV0wT5CTF4mbExc22yxQMVU6bvYjLmWczpQoYYNmapjITAfk+q137Ou9392rMzL5esiFoMGvDdqZuT7cRiv2FE5mDjTCAEIrcjBqyLLrpoawu4aYLK5cvRBlJd5KIJfDQ+Wb3q0pa33nrrZurl21QmOtx9991bpoOyJw6YQ2v9+8+tdfCP3/ZR3v2UlTMOIPfee+92u6BcK7vqEUZaBTt790ZXZkvM0PcRMw1g1zli5lAndTsnUUQrzRCgkqyc2AAhXEySAlhAEJatTEwaYwJVbRSeFiKuzwDglsTGL5VE6NpRXY6zne3e21+pTwCsvQIXSX0nCXvKVfONiZtP3wttt4aO8DIBzUWipAggTcXUdE6lq0Zdi9reil1/51sCaDvun/nMST4TJG1y6PW1/ulH1+ri63fpdcYBpFSTzi9EgKR9pkMvZgLnOykNCCI1aZMYojI2+iK0jTVXeRbtiZmSzBG48sowy5yzaBxuLLQLnSSO0RubvQnaIPOnMaRdMvlI3Tb+MpEy62z41S8txL/AeAGntjn5aaA0UiZcTF7bHuLD9AqcAbdXa9KcpKDYT+Jv0BrWjlYB0D73SitXtruAe+BRALQfVNnGxLe68sor1y233HJqrB5YChO/+R9Hbmn8+j+fWjsnWeuMA0i2rhylFj7JaCOOsxth7I4HgJiaZMysEJ1xZp3tL1zsqpyYvBdtY39BGnz9eL6GB26KdtkBl6LR72m7xiNkSxvJJpbi0bwCQJI+QHHG+Ty9CyUXxq18Y69ObQBfzBojB576cEVr9TG6UK7kzr5nova/wAVQ0RDNM9B6PmOfA3eAaU3krAk0NI766gaVhBzBdpL8OoofWutrf7fWl55eq9tT3qHX/gXId/3UWj9wdBiw0KKUi4iemRFxYyK3lvTZZqFNuIgZw0t9F81yVtyBpMww13dGVOFa61/bSdnaKaLEvnbyT66WcyCBqzHUtxtD+i2QNYbq91mGr7CyhEBh3NqNwSoXaGpXKj1QuLCi9kprEa0CiOZQf9JKakNETE5YazpD1VOT2D8SZAg89UWb9h5YM7naDAU6/coLizY9RyT/xUOETpu/3/j7td54da0v/NZaXzn6YUyn2v7+BcgHL1vrh/78qHm99NJL27n0JHIvUawW3d6EnesYKUluDyKGFNaN2QBK9Kr3iF5bfI7K2Dvp/4DkXDt/oc+0guzgyjItYjIOed/ZALSB2fj63WPZYsDazIGuv0y/TKf66E/56sTgtRlT2+hz82LMLtExQcBpdo6G2cfsst9hb6M1wtyiWzF5//fn6lPRrsZVn423tRHk0Hfz7k+krnqXXnrpKnU+XykB8i17deXp1/9lrf+87bRSXvYnQN7742t9z3VrnfMre65XjvoLL7ywk8pOknomYASIefJD2O4RG4E46naFETwJmDSmgWonQPXZJRABM1CKTkk1cclzZtv0O0hbR2tF0WJqlzVk+kj3iDkzxdIUInKBtShcfXk6rRyzxl7fHorT/xzuxs5EFIWqr353jiWGbi7TlJJ3JT2Hv1E9YV5pOs1hhoZFvppfpnAgsQsPbEyz1pGGdq9wDwNN+11yySV7H8g6FQS9+dpaB/9krYNPrfWVo5+Febwm9xdAzv7Ftc799bW+4/iP6opR7rnnntUzDJNOsmXntT4RWdgyAsbgMY/0DlIvhmSaJEkjPDMpZnaFaLZ2zFWYNWKmnfqO9qk/YEyC9orphI75G727O0tESKQq5itiVjh3nogMdO7Xqt3KO2zFV8H0GD7mYzYFhv7n4DdPfljtcdAbK3BhXACnhXunKSrvIBfm7110L5C0Xj0Vq3UmoCrjnuEAz9Ss3da4uTEh21upTOvSYx9kJZ8KTnbq/O8za335ubW+9GdrZZod57U/ANJtit/3B2uddXIqNlPrueee2xi2l7QJu+tJxhlFieguOuCAssmFVV0iHeNVnv3ueX4AFkBcw1Ob7H1Oa9+lSfhH7uBtnB49QJpnNsVMhUkDcZrPHkvt9F1tSdHvs30HO/YxfX2J3Emh6T1mi5FbJ1m+tET1BDeaY7+7/zhQzbBvbTE9qyergIahkZlotRXzp0UKoXPwAay1FL723BI+Ye/90bzMyAIPpdn3VF2+4mmBZb211n/92lpv/utaXXj31b/8hiPD7y5APvixtXqy1Fnff0pz7AExOXqiWB5xINrDcXcewhlzZpTPJFuEjhFtDtae39jbrgoCCFoC87Lnq+scSnU49DFEAEki1n+mU3UzDysf4zfuGIMvVVv175KFgMTcEaauXxrCJqj3gF6/jTXgYXKmJW1h76O5TXD0f/WrZz9Eugm/pbb6H4giqM9lBbTjDpSILbKlLnAL1fOpZEkwEwmtyl111VUbWFyrdEqMtLvS4TfWev0P1/ry596lh3j2FKkP/ORaH3nitOdz9dVXb+ra4gmVxmQRNWno9sKIZ9fY/kWfJTdGIJoisy1tEnPa14jhHM7igzSBGMh9VsLItStoUPuBVGp7/7fXkhbqlSTkTDePxukWksbugFbAcrlb45LJXD+BUJBBfleM74aS2gl01RF6DqAunZumVWMA/MYietV6Mgslg4pgNQ97JjSSvZPGXeZAdwmor3xjFEghdGQh1J/xCii0TkzSuabRKJp96lOf2tZTpvfpMti3T4O896NrZUp1UvAEX1R4xfcKB7ZA119//Y505lc4DRfB2KwxTYxUmzGLfYSYtjIxa5t1DjJJG5l7EzGLE4UyZmOGmDWN0OZcRJa/JaLlfAUfKWmX5qiN3iOu3XnOfmOP+ZpLY5FQ2Tz4RvYbGpfcr9aquVVH9Cgmw+QkOyd/MjzgVKbfrWft1xb/o9+lrrh3S7u9Y+wZ/Ghtemxbr6mJmhdtxUSb2QKAy/mfEbzWnekFlLUfLfrcpdwBps8CFifIejvFvnUAOfCdax14f0u31qHCg2/n0fTd+X+71vv2ePrQMUabZCs1IecuJmACdHGBw3QSAAAPq0lEQVR1aSAxbTu3bRpKE09jMIla4JiydBFapDoxYi+LGUEwXgzgkWjTZKuMbFl2d+2IXsVUNiblVPUeg3k56xHzX3jhhRuzBYyILkXeRp/MW7a/A2E2Keu3dggBfhLpTfq3Ho07zQYEGNC4mDz2e0SjJEnSjnbbOerMrBhbVM4OfG3JgJ79Nc/8xfm8xdkfAcESoElpMJEwY+C/AUljZSI2FsGbaB0t2lC98cYb1wUXXLBzQO1EwHL6APnQb6x19i+vdaBbRHrm+OEjiWbFoMv5P/+vGvqJjGUr071XPY+Q3UxSMSF6j3nsVDsMxHyJQIViMx1igI6mJrFFaFo8p+gq2wLWh910drs9g35z42HfcfRFp9zimHZKMmaWkdx9lnXcPV4xWld+9r1M2vqLsDYgW4MAFWNMBi1kGrNz3lsH0SKbofylKU37nxMtOofBmWityZT2MngBh+M8/R4RO8CkfWg9Wg1DR6+OEBR5tPnJfKoN6fbWnQlmXARG7cqSMDcRQgGLxj1NSRkExu+OsPxXuXzHYtBTB0g3jvzgc2u954hUPt1Xz0J/7LHHttBpGiQCsGFJ/SYq6mI322Yfx1LYM0bKluW8tjiu6YxA/JYkbcTLxHJaMGL0V53ad25E6LjxtbGV8+mpUbWXDVxkS4i2NgJrTnWAypkMiCQ35gI6gBVha74BsDkVLm2zcDIQRpBpTFMwhUSw5rtwtL45wq1x403r9J2QN6ebk44uAIFxrdkMFsxxtMatxVNPPbWzodnvzKv6bF2ZxLTLjDYSGsxYJqtQswAJ7UOrqFeb1ZmRzdoXLfv4xz++PfckYed1agD57p9Z6yOPny4mtvoN+v77719PPPHExkQRiJoFkIjS901s5hW1uIgPVCQsSUMyAVkLUhsBMe3jfLpdcosjR2maASJPhWE7rdcTr9IM7VukZXKgBQR6j2Ae0db/lWOfk3bTrucE16dIE+K2BiJo1WGnq0NLkJzSPIBGOQyOeQCO1uizDABttqaSNasvPNvYtMdcbZ5To9n/YI4lBNFNlIsJLapIq04NM7VXfemjeTF9m1NtKSusbI74qTq0LD9LqL7P1XNu/+QB0rWg5//1WgfOOmWAdNDmwQcf3Gz+/hcxmcRje9MM2ZoxjegOyRfhnL7rd6HOgAFozBdM1QL3u4vclGtCwrURSQw+AoieFB1x+2Ht9Fl2cOq6WxUDQhJTzhh/wNVDtIiw5rTt7QsYa2PCBJhamBN41VcXqOxHMGlIbGZr7dXP/J4WmSZNtABOZibAto6ANCU4JuXcN6Y0yIsvvrg9v53p1Biivz2c+rXBCdw+CzbUlnGbs6ACkPh91iFM8Q7A2CgmtLxvJuvhf/gmF6kGiFI+3vOhtT7wsW+6y3081JTpeeedd25MZFBUO6nC6eXgcbxItSaXBGd/i94wuUgN6pp0sqh2mmsvxpE4iKnqTx4VvwdDdbdtfkA5UqSqvCyZwU7UOY5r/Bz5iGKPYwIDsyJi88Jk1qQ27PHwNxDZejENpbJPTUViAxYTjRBidsl+Vk5m7nS67czPuoGFtKZd5I4119otcNLzJgECUGqnsfOPal84l/8412iaYPLrprUwhQewmH99TG3CXLTeQLd9PiZACsv+8OfWas/iBF4xRPZlO52lNEO/qg8//PD2bI9e1LkNKMQmtUhPzDUjOJVJAsdkcqoQdkoVZkhAoPbr2yIl2ZhzM90kMEhnN4far+3mVugwoDi3bQOuMvNEnkhWxBNWru3GHyjdsG7uTCAOe5+BGniBhyYxF/NqDAgvONC4mXU0FkmPITCT8UUXQYTansmb+iSIpg+BHjQXYTSDEPlSjzzyyA5/TIAAbH22RgBiXOgxgd53AAJkNBpT1XrxX/mAsxyzbmrVrZ89AXLufWud86slR58ANNZ69dVX1x133LGZFXWU1LjtttvWxRdfvG0OlVz42c9+dvsNWnfbxgi7W0q0OCR4dUmJwqTAJnJCq0zGNgGAadEAZvo2MR/gBhDgnfZwPkhhwoBCqlbOjSqTkYWPbXo1Doyobc4kf4n2Mta0xQSBeU0BYj13+xSYgAZhZk2GJO3n+ja2uQdSn9njmH6uJ+3fGO0LESa9Vwc4MGNapBQhAgBI+x2DN2ZjorVYAtoxDpqM5sFHE8jWWV/qGiOzbq7rDi2PAsg5d6917j0nBIwKNeHiy27b4MQJp+YMF9lpEC2iwZoIojMd+p7EmLYgcFHDLb6L2kwQoTha2k6aRhDpIn2fP+DuKzlbJLDkPotvH6B2L7vssm0PI6ZxHr7+Z2i1z/wGczBuTDkZekotWpBz6zOwaBsBpxRkGkzzjNYBGABpDXZLUGvMnJW3NU0sWg2D7F77vgeM/qe9mDUJuI7pTh/Lb4Rh9acQA57Zp/lPAdbvgAS8gDjnai2mJqZdrdfO528AyDFuMzwWWhpMexbPPPPMpj06A9DEpHFzvkSLkqacJhtDwrS7oy7OTUTIacfHtLVR254y1Ths3PU/k8kiYsrqsdGnNKmc7NjpyFV2Oqe1e8UVV2z7FJUHkOrYqa3d3QyKOLtt3elnISS/hDaxLiQ4LTQBYszWqjKSLaNdv0+7WhuEFIYRDbKv0O/Vqy1Ro8nYGFJ7UuZnxu0cE7/kgQce2KJ7e5l4Mhf0XZkZvNFnv9vDYp4CP5ObMKaRCAXMP7X6XE802Oa6A5D3/8RaP/LiMTVHg8zBinEN7Mknn9x2tItE0RxJ4yk1GizTZQLEpA22wbCbSRT1EBCTAEnlOnLbewB1eQGpwgYWALBwpHnjpMpdpEbqGTcfgRnUnkb7GYEkpmnMjWtGitRBEOpfm9Q/DYeJZj1AazwienNdJ3GVne0hJM1GO7aWokLasD78jrkPRXtOgPAVrKPQ6m6pTTABKCvi0Ucf3XhpmjrA48I8TDoZl6CpP2boNM1rz9yAdjro6D/HhTYTFBMERwDyvh9b66P/eExwvPzyy+u+++7bNEQAaVBtijXhjle6CKFFlGcz1aZQINVtUBi/dvrf7jCG6fuI1aL5nTnjc+ZOkstdtYCH2SpP6kzHt4WcixgjSUuQwFcZu+KVTRMGyM4liJOrJ71CH5P4/Y+pMBPBYAwIvpfEBxBm1yQwKTzNUUxF+yhjLdRnrvE7+swv6938m1u0oRlZAaS8KBOpjtlI9HkRXWWLYnXzPYY1Xu3gj8ZAM8+xE4AEDQ1KQxPgTNd+l/oztUj9szZ6Z2Lqc2v/8Gu3HF4f/u1jguPpp5/ezKhi+vYr3EGV5pAAGCP3fZIYU/ElUt0xsEU3cASaKm86SpWXfUv6NJEYuMlV1mVnDiLxYfQhUTCQkbC1i9h9V9suRpAIWPtCwQhdH+X0XH755dtcpZcwQSLETMSb5og5spH5ScwsJhDBMk2T2ul3QDE3AoYwAELE7HvhUuYGrTGBCRjWWi4WBnWdkvlUl09EK2J2kaepDYEePzz//PNbXlZlZ3g/2grCEHT6IWRoEdqqsVtzwMcbU+PQUNYduGhfFgLthOYHDlupPSDSvsXtt9++cz9URZgTLWZAyGwKHNK7OXTsviYgLdliWoQ5SKAiJfXTAgrVupYHQ9ZHDIuZK8s8QMze5WkJFxsb27VxpBEwK7XMlIu5aJzqdAaBk25jMuZtzPrFrKQtKTklYesJtKQgae8zv8l6aIfZolyEZebNviYjT9AxjzBe9Vsf6y18G13kYs1QtHHzJUlfwRagmNYAendcusxebWC9fmdN9H90TwgRenPMADIFSuNjctEUU5sZK+YnLPhZ6gLRNofjAeSaa67Z7qASwjMA5xw4czFl/5OqlcPotEaSuUWf+wOiRCZDo5CUTaR2EaYFCySkcUDJ1IuApF9t9udlv4PatqAYjG0u0xfDMJVIxtqUhtJOelm5aZ0YWMIk53T6FAiOUIII5NIkMGlmTIBKY8zI1tQW/c9HmKYdn21KzeaFmadpYg8DfbybWzQhmaepJ5xtXjTHNOPmvKJn5lWWCWExtRqNwuxzBVM81ndMIWs06Ui4+A0/oT1QTSE0+YRQqDxBtydAYsSbb755Ox/Rxk4OsAzTJARzJ8L053l9dZz5UweYqbI0h9N6Fh9DkTpzQgbIZudMz+t0Ymp7ECZXG/1PGmF046AlMH6fJb01HiZQY6Lm2ffMlICRmcVRr2xtxEwk525GIS0RD7PREL1PoQJAUxhUxlhocyYiBt3t8DPDps+DMeeYoom1ixn7HDNHz+ZHO/KVard1bn2ndqUVMSEeQYd4K6H7+OOP75zWnGaTyOfUYJOxp6mlD2NAH2tnjScQaRFtivbNSBgfZ08NkkPeBdH5EoEDAESnZvSpBuwtNLEGyKGrPAkIwQHJ2QqMz5GsLbYkwlHJAEnieYSZ28rrh/nEzp3MPaNVCIYo7HsBBgxM+jYvEsV4aq/HIAeIJByAOxs/fQ8MiyAYloQlPZXrnX9E2u8GKJBP+3xKRVKVdLRu05yzPvrnIEcf5+6jrSdRYfDaaG0AhSAiEKYGM04akBnXDYyd7SFMprACOmVFNis7x4yOUxDpB4Nra1oNBCCBMU1WWn6aeTsapMaKVJWvj0hu2HMhsyiBRfUew859DRLVoZ4G0cDc8dQCu6Nq2s716+IFkmJGmyykk3SOyvbehElBzM+BU29KH/9j5sbk9B7CxhSyfadGiWhl7pYeTXNUJ4BYO4uNkfSHeNPhnf1hdL9PO50jjwlpHAJoAqA1EBYm1Wno1qn5ECqYJPNVYMQmoQTQ6XyT1FP7Tc1h/bXLhO772i27Ig0yJfvU/ISIPZHmySdhYs0+CAAaY6711KD4FWAAdAqSCeoNfIcOHTocmsujKttyIosz3cJZUKaKzhqUU13VbQLMnqkd+AYcbfXmYovZTydahIWDJpIWk8qZ6iwHB2uCZLeqxXxscG22EElKi1Nbjbd52PxCmOZtXp2H58DSnJIEEY1UQ4RJDBETDDQZfgJjxx5++4aSKTWnr4RBMMB02qcUFTgg/a1dpjTNzverfSFsJt7kkfqsH5oXPXczWnXdmlI2b6FeWkAu1TSNa8dRAW3t1nrT55gabQISHaaDD5i7te7UaATcgU9+8pOHSxcn5W3x+1xBkQ3/WwwTTKJXhjPYgjrRNyNFtc1Zr65wojL2QfSNkA2cM8g2ro7LmSXT1T/VDBzzzAcJWnvTka+siw9IptqpLqnX2Cxs44spysvqhKBwb+8Ag8FJsOk7MK+MEVBoiFl22sbANs02Ulo/PiN2oJuCYvoiNI85yuKdTrz51P5Md2GaAq8xsySmyYVJo3cCJx8koYyRE3SCLARc807wuiNrWi80xFxHAmCa5xPQhADesj5TEGlvCpP/A/iaqlZmbBvxAAAAAElFTkSuQmCC');
COMMIT;
